caso,lega,stagione,data,partita,colonna,valore_attuale,valore_proposto,metodo,errore_atteso,unita_errore,alternativa_stimata,unita_alternativa,errore_alternativa,verdetto,note
A,bundesliga,1819,2019-05-04,Bayern Munich - Hannover,odds_home,,1.03,"dato REALE da fonte esterna (iredchuk/soccer-bookmaker-odds), identificata qui come chiusura media-di-mercato",0.005970320859106016,MAE su probabilita' devigata,0.92572,PROBABILITA' devigata (mai una quota: regola data/estimates),0.016029284253067915,"USARE IL DATO REALE (2,8 volte piu' preciso della stima, CI conclusivo); provider diverso dal resto della colonna: da dichiarare in docs/DATI.md",la stima indipendente cade a -0.00076 di probabilita' dal dato reale: conferma reciproca
A,bundesliga,1819,2019-05-04,Bayern Munich - Hannover,odds_draw,,18.43,"dato REALE da fonte esterna (iredchuk/soccer-bookmaker-odds), identificata qui come chiusura media-di-mercato",0.005970320859106016,MAE su probabilita' devigata,0.0536,PROBABILITA' devigata (mai una quota: regola data/estimates),0.016029284253067915,"USARE IL DATO REALE (2,8 volte piu' preciso della stima, CI conclusivo); provider diverso dal resto della colonna: da dichiarare in docs/DATI.md",la stima indipendente cade a +0.00182 di probabilita' dal dato reale: conferma reciproca
A,bundesliga,1819,2019-05-04,Bayern Munich - Hannover,odds_away,,43.88,"dato REALE da fonte esterna (iredchuk/soccer-bookmaker-odds), identificata qui come chiusura media-di-mercato",0.005970320859106016,MAE su probabilita' devigata,0.02068,PROBABILITA' devigata (mai una quota: regola data/estimates),0.016029284253067915,"USARE IL DATO REALE (2,8 volte piu' preciso della stima, CI conclusivo); provider diverso dal resto della colonna: da dichiarare in docs/DATI.md",la stima indipendente cade a -0.00107 di probabilita' dal dato reale: conferma reciproca
A,la_liga,1718,2017-10-14,Alaves - Sociedad,odds_home,,3.4,"dato REALE da fonte esterna (iredchuk/soccer-bookmaker-odds), identificata qui come chiusura media-di-mercato",0.005970320859106016,MAE su probabilita' devigata,0.2763,PROBABILITA' devigata (mai una quota: regola data/estimates),0.016029284253067915,"USARE IL DATO REALE (2,8 volte piu' preciso della stima, CI conclusivo); provider diverso dal resto della colonna: da dichiarare in docs/DATI.md",la stima indipendente cade a -0.00153 di probabilita' dal dato reale: conferma reciproca
A,la_liga,1718,2017-10-14,Alaves - Sociedad,odds_draw,,3.34,"dato REALE da fonte esterna (iredchuk/soccer-bookmaker-odds), identificata qui come chiusura media-di-mercato",0.005970320859106016,MAE su probabilita' devigata,0.2788,PROBABILITA' devigata (mai una quota: regola data/estimates),0.016029284253067915,"USARE IL DATO REALE (2,8 volte piu' preciso della stima, CI conclusivo); provider diverso dal resto della colonna: da dichiarare in docs/DATI.md",la stima indipendente cade a -0.00402 di probabilita' dal dato reale: conferma reciproca
A,la_liga,1718,2017-10-14,Alaves - Sociedad,odds_away,,2.15,"dato REALE da fonte esterna (iredchuk/soccer-bookmaker-odds), identificata qui come chiusura media-di-mercato",0.005970320859106016,MAE su probabilita' devigata,0.4449,PROBABILITA' devigata (mai una quota: regola data/estimates),0.016029284253067915,"USARE IL DATO REALE (2,8 volte piu' preciso della stima, CI conclusivo); provider diverso dal resto della colonna: da dichiarare in docs/DATI.md",la stima indipendente cade a +0.00555 di probabilita' dal dato reale: conferma reciproca
B,bundesliga,2425,2025-02-09,Holstein Kiel vs Bochum,home_xg,,,"regressione xG ~ tiri in porta + gol + forza (32.216 squadra-partita, 5 leghe)",0.4525257907058587,MAE in gol attesi,1.248,gol attesi,0.4456666843863911,"NON STIMABILE -> resta NaN dichiarato (MAE fuori campione 0,45 gol contro una sd di 0,89: l'errore e' meta' del segnale)","il GBM non batte la retta: il limite e' INFORMATIVO, non del modello. Understat non ha mai acquisito la partita (lista tiri vuota)."
B,bundesliga,2425,2025-02-09,Bochum vs Holstein Kiel,away_xg,,,"regressione xG ~ tiri in porta + gol + forza (32.216 squadra-partita, 5 leghe)",0.4525257907058587,MAE in gol attesi,1.757,gol attesi,0.5134619289534195,"NON STIMABILE -> resta NaN dichiarato (MAE fuori campione 0,45 gol contro una sd di 0,89: l'errore e' meta' del segnale)","il GBM non batte la retta: il limite e' INFORMATIVO, non del modello. Understat non ha mai acquisito la partita (lista tiri vuota)."
C,ligue_1,2526,2026-05-17,Nantes vs Toulouse,home_xg,,,"regressione xG ~ tiri in porta + gol + forza (32.216 squadra-partita, 5 leghe)",0.4525257907058587,MAE in gol attesi,0.674,gol attesi,0.27846644746784865,"NON STIMABILE -> resta NaN dichiarato (MAE fuori campione 0,45 gol contro una sd di 0,89: l'errore e' meta' del segnale)","il GBM non batte la retta: il limite e' INFORMATIVO, non del modello. Understat non ha ancora consolidato la partita: la via giusta e' ri-scaricare, non stimare."
C,ligue_1,2526,2026-05-17,Toulouse vs Nantes,away_xg,,,"regressione xG ~ tiri in porta + gol + forza (32.216 squadra-partita, 5 leghe)",0.4525257907058587,MAE in gol attesi,0.633,gol attesi,0.27846644746784865,"NON STIMABILE -> resta NaN dichiarato (MAE fuori campione 0,45 gol contro una sd di 0,89: l'errore e' meta' del segnale)","il GBM non batte la retta: il limite e' INFORMATIVO, non del modello. Understat non ha ancora consolidato la partita: la via giusta e' ri-scaricare, non stimare."
B,bundesliga,2425,2025-02-09,Holstein Kiel vs Bochum,home_npxg,,,nessuno: non esiste un predittore di npxG/PPDA/deep dai dati football-data (i tiri in porta non contengono ne' il pressing ne' la posizione dei passaggi),,,,,,NON STIMABILE -> resta NaN dichiarato,PPDA e deep non hanno nemmeno un proxy nello schema interno
B,bundesliga,2425,2025-02-09,Holstein Kiel vs Bochum,home_ppda,,,nessuno: non esiste un predittore di npxG/PPDA/deep dai dati football-data (i tiri in porta non contengono ne' il pressing ne' la posizione dei passaggi),,,,,,NON STIMABILE -> resta NaN dichiarato,PPDA e deep non hanno nemmeno un proxy nello schema interno
B,bundesliga,2425,2025-02-09,Holstein Kiel vs Bochum,home_deep,,,nessuno: non esiste un predittore di npxG/PPDA/deep dai dati football-data (i tiri in porta non contengono ne' il pressing ne' la posizione dei passaggi),,,,,,NON STIMABILE -> resta NaN dichiarato,PPDA e deep non hanno nemmeno un proxy nello schema interno
B,bundesliga,2425,2025-02-09,Bochum vs Holstein Kiel,away_npxg,,,nessuno: non esiste un predittore di npxG/PPDA/deep dai dati football-data (i tiri in porta non contengono ne' il pressing ne' la posizione dei passaggi),,,,,,NON STIMABILE -> resta NaN dichiarato,PPDA e deep non hanno nemmeno un proxy nello schema interno
B,bundesliga,2425,2025-02-09,Bochum vs Holstein Kiel,away_ppda,,,nessuno: non esiste un predittore di npxG/PPDA/deep dai dati football-data (i tiri in porta non contengono ne' il pressing ne' la posizione dei passaggi),,,,,,NON STIMABILE -> resta NaN dichiarato,PPDA e deep non hanno nemmeno un proxy nello schema interno
B,bundesliga,2425,2025-02-09,Bochum vs Holstein Kiel,away_deep,,,nessuno: non esiste un predittore di npxG/PPDA/deep dai dati football-data (i tiri in porta non contengono ne' il pressing ne' la posizione dei passaggi),,,,,,NON STIMABILE -> resta NaN dichiarato,PPDA e deep non hanno nemmeno un proxy nello schema interno
C,ligue_1,2526,2026-05-17,Nantes vs Toulouse,home_npxg,,,nessuno: non esiste un predittore di npxG/PPDA/deep dai dati football-data (i tiri in porta non contengono ne' il pressing ne' la posizione dei passaggi),,,,,,NON STIMABILE -> resta NaN dichiarato,PPDA e deep non hanno nemmeno un proxy nello schema interno
C,ligue_1,2526,2026-05-17,Nantes vs Toulouse,home_ppda,,,nessuno: non esiste un predittore di npxG/PPDA/deep dai dati football-data (i tiri in porta non contengono ne' il pressing ne' la posizione dei passaggi),,,,,,NON STIMABILE -> resta NaN dichiarato,PPDA e deep non hanno nemmeno un proxy nello schema interno
C,ligue_1,2526,2026-05-17,Nantes vs Toulouse,home_deep,,,nessuno: non esiste un predittore di npxG/PPDA/deep dai dati football-data (i tiri in porta non contengono ne' il pressing ne' la posizione dei passaggi),,,,,,NON STIMABILE -> resta NaN dichiarato,PPDA e deep non hanno nemmeno un proxy nello schema interno
C,ligue_1,2526,2026-05-17,Toulouse vs Nantes,away_npxg,,,nessuno: non esiste un predittore di npxG/PPDA/deep dai dati football-data (i tiri in porta non contengono ne' il pressing ne' la posizione dei passaggi),,,,,,NON STIMABILE -> resta NaN dichiarato,PPDA e deep non hanno nemmeno un proxy nello schema interno
C,ligue_1,2526,2026-05-17,Toulouse vs Nantes,away_ppda,,,nessuno: non esiste un predittore di npxG/PPDA/deep dai dati football-data (i tiri in porta non contengono ne' il pressing ne' la posizione dei passaggi),,,,,,NON STIMABILE -> resta NaN dichiarato,PPDA e deep non hanno nemmeno un proxy nello schema interno
C,ligue_1,2526,2026-05-17,Toulouse vs Nantes,away_deep,,,nessuno: non esiste un predittore di npxG/PPDA/deep dai dati football-data (i tiri in porta non contengono ne' il pressing ne' la posizione dei passaggi),,,,,,NON STIMABILE -> resta NaN dichiarato,PPDA e deep non hanno nemmeno un proxy nello schema interno
D,la_liga,1819,2018-10-06,Alaves - Real Madrid,odds_over25_open / odds_under25_open,1.53/1.59,,diagnosi da margine: overround 1.2825 (z robusto 59.5) contro una mediana d'epoca di 1.0554,,,,,,"FINTO PIENO: valori presenti ma fuori scala. Il guard della Fase 58 scatta solo per overround < 1 e non li intercetta. Da svuotare come le 8 righe gemelle, oppure estendere il guard con un tetto superiore",gia' segnalata in cantiere/out/caccia_quote_singole.json
D,la_liga,1819,2018-11-24,Eibar - Real Madrid,odds_over25_open / odds_under25_open,1.45/1.69,,diagnosi da margine: overround 1.2814 (z robusto 59.2) contro una mediana d'epoca di 1.0554,,,,,,"FINTO PIENO: valori presenti ma fuori scala. Il guard della Fase 58 scatta solo per overround < 1 e non li intercetta. Da svuotare come le 8 righe gemelle, oppure estendere il guard con un tetto superiore",gia' segnalata in cantiere/out/caccia_quote_singole.json
D,la_liga,1819,2018-12-07,Leganes - Getafe,odds_over25_open / odds_under25_open,2.89/1.5,,diagnosi da margine: overround 1.0127 (z robusto -11.2) contro una mediana d'epoca di 1.0554,,,,,,"FINTO PIENO: valori presenti ma fuori scala. Il guard della Fase 58 scatta solo per overround < 1 e non li intercetta. Da svuotare come le 8 righe gemelle, oppure estendere il guard con un tetto superiore",gia' segnalata in cantiere/out/caccia_quote_singole.json
D,la_liga,1819,2019-02-10,Leganes - Betis,odds_over25_open / odds_under25_open,2.48/1.38,,diagnosi da margine: overround 1.1279 (z robusto 19.0) contro una mediana d'epoca di 1.0554,,,,,,"FINTO PIENO: valori presenti ma fuori scala. Il guard della Fase 58 scatta solo per overround < 1 e non li intercetta. Da svuotare come le 8 righe gemelle, oppure estendere il guard con un tetto superiore",gia' segnalata in cantiere/out/caccia_quote_singole.json
D,bundesliga,1819,2019-01-26,Dortmund - Hannover,odds_over25_open / odds_under25_open,1.34/2.87,,diagnosi da margine: overround 1.0947 (z robusto 10.3) contro una mediana d'epoca di 1.0554,,,,,,"FINTO PIENO: valori presenti ma fuori scala. Il guard della Fase 58 scatta solo per overround < 1 e non li intercetta. Da svuotare come le 8 righe gemelle, oppure estendere il guard con un tetto superiore","NUOVA: non era nell'elenco precedente, che guardava solo la_liga"
D,serie_a,tutte,,(varie),home_midweek_europe / away_midweek_europe,0,1,ricalcolo di fixtures.add_rest_days_full con i calendari di coppa gia' recuperati in cantiere/data/ricerca/fixtures_*.csv,0.0,"nessuno: e' dato di calendario, non stima",,,,CHIUDIBILE SUBITO E SENZA STIMA: 236 celle di questa lega (su 1603 totali) sono uno 0 falso; cambia anche il riposo in 314 partite,e' il buco piu' grande rimasto e non e' un NaN: e' uno 0 che sembra un dato
D,premier_league,tutte,,(varie),home_midweek_europe / away_midweek_europe,0,1,ricalcolo di fixtures.add_rest_days_full con i calendari di coppa gia' recuperati in cantiere/data/ricerca/fixtures_*.csv,0.0,"nessuno: e' dato di calendario, non stima",,,,CHIUDIBILE SUBITO E SENZA STIMA: 251 celle di questa lega (su 1603 totali) sono uno 0 falso; cambia anche il riposo in 282 partite,e' il buco piu' grande rimasto e non e' un NaN: e' uno 0 che sembra un dato
D,la_liga,tutte,,(varie),home_midweek_europe / away_midweek_europe,0,1,ricalcolo di fixtures.add_rest_days_full con i calendari di coppa gia' recuperati in cantiere/data/ricerca/fixtures_*.csv,0.0,"nessuno: e' dato di calendario, non stima",,,,CHIUDIBILE SUBITO E SENZA STIMA: 454 celle di questa lega (su 1603 totali) sono uno 0 falso; cambia anche il riposo in 407 partite,e' il buco piu' grande rimasto e non e' un NaN: e' uno 0 che sembra un dato
D,bundesliga,tutte,,(varie),home_midweek_europe / away_midweek_europe,0,1,ricalcolo di fixtures.add_rest_days_full con i calendari di coppa gia' recuperati in cantiere/data/ricerca/fixtures_*.csv,0.0,"nessuno: e' dato di calendario, non stima",,,,CHIUDIBILE SUBITO E SENZA STIMA: 180 celle di questa lega (su 1603 totali) sono uno 0 falso; cambia anche il riposo in 189 partite,e' il buco piu' grande rimasto e non e' un NaN: e' uno 0 che sembra un dato
D,ligue_1,tutte,,(varie),home_midweek_europe / away_midweek_europe,0,1,ricalcolo di fixtures.add_rest_days_full con i calendari di coppa gia' recuperati in cantiere/data/ricerca/fixtures_*.csv,0.0,"nessuno: e' dato di calendario, non stima",,,,CHIUDIBILE SUBITO E SENZA STIMA: 482 celle di questa lega (su 1603 totali) sono uno 0 falso; cambia anche il riposo in 508 partite,e' il buco piu' grande rimasto e non e' un NaN: e' uno 0 che sembra un dato
