snapshot_date,source,league,market,team,price,prob,exclusive,overround,price_sum,settled_share,n_entries,n_priced,best_bid,best_ask,spread,price_side,book,volume,liquidity,event_liquidity,event_volume,event_title,event_slug,market_name,market_id
2026-07-25,polymarket,premier_league,qual_uecl,Arsenal,0.0,0.0,False,,0.9275,0.95,20,,,0.001,,,,467.35890000000006,,198.80291,7431.05112,EPL: Team to qualify for UEFA Conference League,epl-team-to-qualify-for-uefa-conference-league,,
2026-07-25,polymarket,premier_league,qual_uecl,Aston Villa,0.0,0.0,False,,0.9275,0.95,20,,,0.001,,,,118.34,,198.80291,7431.05112,EPL: Team to qualify for UEFA Conference League,epl-team-to-qualify-for-uefa-conference-league,,
2026-07-25,polymarket,premier_league,qual_uecl,Bournemouth,0.0,0.0,False,,0.9275,0.95,20,,,0.001,,,,104.230768,,198.80291,7431.05112,EPL: Team to qualify for UEFA Conference League,epl-team-to-qualify-for-uefa-conference-league,,
2026-07-25,polymarket,premier_league,qual_uecl,Brentford,0.0,0.0,False,,0.9275,0.95,20,,,0.001,,,,65,,198.80291,7431.05112,EPL: Team to qualify for UEFA Conference League,epl-team-to-qualify-for-uefa-conference-league,,
2026-07-25,polymarket,premier_league,qual_uecl,Brighton & Hove Albion,0.9275,0.9275,False,,0.9275,0.95,20,,0.905,0.95,,,,987.8608939999999,198.80291,198.80291,7431.05112,EPL: Team to qualify for UEFA Conference League,epl-team-to-qualify-for-uefa-conference-league,,
2026-07-25,polymarket,premier_league,qual_uecl,Chelsea,0.0,0.0,False,,0.9275,0.95,20,,,0.001,,,,193.140308,,198.80291,7431.05112,EPL: Team to qualify for UEFA Conference League,epl-team-to-qualify-for-uefa-conference-league,,
2026-07-25,polymarket,premier_league,qual_uecl,Crystal Palace,0.0,0.0,False,,0.9275,0.95,20,,,0.001,,,,55.10415,,198.80291,7431.05112,EPL: Team to qualify for UEFA Conference League,epl-team-to-qualify-for-uefa-conference-league,,
2026-07-25,polymarket,premier_league,qual_uecl,Everton,0.0,0.0,False,,0.9275,0.95,20,,,0.001,,,,481.81,,198.80291,7431.05112,EPL: Team to qualify for UEFA Conference League,epl-team-to-qualify-for-uefa-conference-league,,
2026-07-25,polymarket,premier_league,qual_uecl,Fulham,0.0,0.0,False,,0.9275,0.95,20,,,0.001,,,,529.6700000000001,,198.80291,7431.05112,EPL: Team to qualify for UEFA Conference League,epl-team-to-qualify-for-uefa-conference-league,,
2026-07-25,polymarket,premier_league,qual_uecl,Ipswich Town,0.0,0.0,False,,0.9275,0.95,20,,,0.001,,,,185.7979,,198.80291,7431.05112,EPL: Team to qualify for UEFA Conference League,epl-team-to-qualify-for-uefa-conference-league,,
2026-07-25,polymarket,premier_league,qual_uecl,Leicester City,0.0,0.0,False,,0.9275,0.95,20,,,0.001,,,,185.5555,,198.80291,7431.05112,EPL: Team to qualify for UEFA Conference League,epl-team-to-qualify-for-uefa-conference-league,,
2026-07-25,polymarket,premier_league,qual_uecl,Liverpool,0.0,0.0,False,,0.9275,0.95,20,,,0.001,,,,175.5,0,198.80291,7431.05112,EPL: Team to qualify for UEFA Conference League,epl-team-to-qualify-for-uefa-conference-league,,
2026-07-25,polymarket,premier_league,qual_uecl,Manchester City,0.0,0.0,False,,0.9275,0.95,20,,,0.001,,,,239.96210000000002,,198.80291,7431.05112,EPL: Team to qualify for UEFA Conference League,epl-team-to-qualify-for-uefa-conference-league,,
2026-07-25,polymarket,premier_league,qual_uecl,Manchester United,0.0,0.0,False,,0.9275,0.95,20,,,0.001,,,,654.06,,198.80291,7431.05112,EPL: Team to qualify for UEFA Conference League,epl-team-to-qualify-for-uefa-conference-league,,
2026-07-25,polymarket,premier_league,qual_uecl,Newcastle United,0.0,0.0,False,,0.9275,0.95,20,,,0.001,,,,411.9,,198.80291,7431.05112,EPL: Team to qualify for UEFA Conference League,epl-team-to-qualify-for-uefa-conference-league,,
2026-07-25,polymarket,premier_league,qual_uecl,Nottingham Forest,0.0,0.0,False,,0.9275,0.95,20,,,0.001,,,,407.7161,,198.80291,7431.05112,EPL: Team to qualify for UEFA Conference League,epl-team-to-qualify-for-uefa-conference-league,,
2026-07-25,polymarket,premier_league,qual_uecl,Southampton,0.0,0.0,False,,0.9275,0.95,20,,,0.001,,,,617.6899999999999,0,198.80291,7431.05112,EPL: Team to qualify for UEFA Conference League,epl-team-to-qualify-for-uefa-conference-league,,
2026-07-25,polymarket,premier_league,qual_uecl,Tottenham Hotspur,0.0,0.0,False,,0.9275,0.95,20,,,0.001,,,,1126.7675,,198.80291,7431.05112,EPL: Team to qualify for UEFA Conference League,epl-team-to-qualify-for-uefa-conference-league,,
2026-07-25,polymarket,premier_league,qual_uecl,West Ham United,0.0,0.0,False,,0.9275,0.95,20,,,0.001,,,,207.137,,198.80291,7431.05112,EPL: Team to qualify for UEFA Conference League,epl-team-to-qualify-for-uefa-conference-league,,
2026-07-25,polymarket,premier_league,qual_uecl,Wolverhampton Wanderers,0.0,0.0,False,,0.9275,0.95,20,,,0.001,,,,216.45,,198.80291,7431.05112,EPL: Team to qualify for UEFA Conference League,epl-team-to-qualify-for-uefa-conference-league,,
2026-07-25,polymarket,la_liga,qual_uecl,Atlético de Madrid,0.0,0.0,False,,0.7645,0.95,20,,,0.001,,,,2914.5402659999995,,107.2894,15345.657658999999,LaLiga: Team to qualify for UEFA Conference League,laliga-team-to-qualify-for-uefa-conference-league,,
2026-07-25,polymarket,la_liga,qual_uecl,FC Barcelona,0.0,0.0,False,,0.7645,0.95,20,,,0.001,,,,2357.9199999999996,,107.2894,15345.657658999999,LaLiga: Team to qualify for UEFA Conference League,laliga-team-to-qualify-for-uefa-conference-league,,
2026-07-25,polymarket,la_liga,qual_uecl,Real Madrid,0.0,0.0,False,,0.7645,0.95,20,,,0.001,,,,3059.04,,107.2894,15345.657658999999,LaLiga: Team to qualify for UEFA Conference League,laliga-team-to-qualify-for-uefa-conference-league,,
2026-07-25,polymarket,la_liga,qual_uecl,Athletic Club,0.0,0.0,False,,0.7645,0.95,20,,,0.001,,,,316,,107.2894,15345.657658999999,LaLiga: Team to qualify for UEFA Conference League,laliga-team-to-qualify-for-uefa-conference-league,,
2026-07-25,polymarket,la_liga,qual_uecl,Real Betis,0.0,0.0,False,,0.7645,0.95,20,,,0.001,,,,107.65,0,107.2894,15345.657658999999,LaLiga: Team to qualify for UEFA Conference League,laliga-team-to-qualify-for-uefa-conference-league,,
2026-07-25,polymarket,la_liga,qual_uecl,Villarreal,0.0,0.0,False,,0.7645,0.95,20,,,0.001,,,,678.06,,107.2894,15345.657658999999,LaLiga: Team to qualify for UEFA Conference League,laliga-team-to-qualify-for-uefa-conference-league,,
2026-07-25,polymarket,la_liga,qual_uecl,Real Sociedad,0.0,0.0,False,,0.7645,0.95,20,,,0.001,,,,100,0,107.2894,15345.657658999999,LaLiga: Team to qualify for UEFA Conference League,laliga-team-to-qualify-for-uefa-conference-league,,
2026-07-25,polymarket,la_liga,qual_uecl,Sevilla,0.0,0.0,False,,0.7645,0.95,20,,,0.001,,,,264.99,0,107.2894,15345.657658999999,LaLiga: Team to qualify for UEFA Conference League,laliga-team-to-qualify-for-uefa-conference-league,,
2026-07-25,polymarket,la_liga,qual_uecl,Celta Vigo,0.0,0.0,False,,0.7645,0.95,20,,,0.001,,,,316,,107.2894,15345.657658999999,LaLiga: Team to qualify for UEFA Conference League,laliga-team-to-qualify-for-uefa-conference-league,,
2026-07-25,polymarket,la_liga,qual_uecl,Girona,0.0,0.0,False,,0.7645,0.95,20,,,0.001,,,,996.19,,107.2894,15345.657658999999,LaLiga: Team to qualify for UEFA Conference League,laliga-team-to-qualify-for-uefa-conference-league,,
2026-07-25,polymarket,la_liga,qual_uecl,Mallorca,0.0,0.0,False,,0.7645,0.95,20,,,0.001,,,,88.85,0,107.2894,15345.657658999999,LaLiga: Team to qualify for UEFA Conference League,laliga-team-to-qualify-for-uefa-conference-league,,
2026-07-25,polymarket,la_liga,qual_uecl,Rayo Vallecano,0.0,0.0,False,,0.7645,0.95,20,,,0.001,,,,316,,107.2894,15345.657658999999,LaLiga: Team to qualify for UEFA Conference League,laliga-team-to-qualify-for-uefa-conference-league,,
2026-07-25,polymarket,la_liga,qual_uecl,Getafe,0.7645,0.7645,False,,0.7645,0.95,20,,0.63,0.899,,,,112.430913,107.2894,107.2894,15345.657658999999,LaLiga: Team to qualify for UEFA Conference League,laliga-team-to-qualify-for-uefa-conference-league,,
2026-07-25,polymarket,la_liga,qual_uecl,Osasuna,0.0,0.0,False,,0.7645,0.95,20,,,0.001,,,,149.99,,107.2894,15345.657658999999,LaLiga: Team to qualify for UEFA Conference League,laliga-team-to-qualify-for-uefa-conference-league,,
2026-07-25,polymarket,la_liga,qual_uecl,Alavés,0.0,0.0,False,,0.7645,0.95,20,,,0.001,,,,84.99000000000001,0,107.2894,15345.657658999999,LaLiga: Team to qualify for UEFA Conference League,laliga-team-to-qualify-for-uefa-conference-league,,
2026-07-25,polymarket,la_liga,qual_uecl,Levante,0.0,0.0,False,,0.7645,0.95,20,,,0.001,,,,171.1897,0,107.2894,15345.657658999999,LaLiga: Team to qualify for UEFA Conference League,laliga-team-to-qualify-for-uefa-conference-league,,
2026-07-25,polymarket,la_liga,qual_uecl,Espanyol,0.0,0.0,False,,0.7645,0.95,20,,,0.001,,,,1266.8,,107.2894,15345.657658999999,LaLiga: Team to qualify for UEFA Conference League,laliga-team-to-qualify-for-uefa-conference-league,,
2026-07-25,polymarket,la_liga,qual_uecl,Elche,0.0,0.0,False,,0.7645,0.95,20,,,0.001,,,,67.25525,0,107.2894,15345.657658999999,LaLiga: Team to qualify for UEFA Conference League,laliga-team-to-qualify-for-uefa-conference-league,,
2026-07-25,polymarket,la_liga,qual_uecl,Real Oviedo,0.0,0.0,False,,0.7645,0.95,20,,,0.001,,,,747.3895,,107.2894,15345.657658999999,LaLiga: Team to qualify for UEFA Conference League,laliga-team-to-qualify-for-uefa-conference-league,,
2026-07-25,polymarket,la_liga,qual_uecl,Valencia,0.0,0.0,False,,0.7645,0.95,20,,,0.001,,,,1230.37203,,107.2894,15345.657658999999,LaLiga: Team to qualify for UEFA Conference League,laliga-team-to-qualify-for-uefa-conference-league,,
2026-07-25,polymarket,serie_a,qual_uecl,AC Milan,0.0,0.0,False,,0.9655,0.95,20,,,0.001,,,,1597.234,,165.4805,115855.25808800002,Serie A: Team to qualify for UEFA Conference League,serie-a-team-to-qualify-for-uefa-conference-league,,
2026-07-25,polymarket,serie_a,qual_uecl,Atalanta,0.9655,0.9655,False,,0.9655,0.95,20,,0.95,0.981,,,,2945.292359,165.68052,165.4805,115855.25808800002,Serie A: Team to qualify for UEFA Conference League,serie-a-team-to-qualify-for-uefa-conference-league,,
2026-07-25,polymarket,serie_a,qual_uecl,Bologna,0.0,0.0,False,,0.9655,0.95,20,,,0.001,,,,106381.96312900001,,165.4805,115855.25808800002,Serie A: Team to qualify for UEFA Conference League,serie-a-team-to-qualify-for-uefa-conference-league,,
2026-07-25,polymarket,serie_a,qual_uecl,Cagliari,0.0,0.0,False,,0.9655,0.95,20,,,0.001,,,,368.93240000000003,,165.4805,115855.25808800002,Serie A: Team to qualify for UEFA Conference League,serie-a-team-to-qualify-for-uefa-conference-league,,
2026-07-25,polymarket,serie_a,qual_uecl,Como,0.0,0.0,False,,0.9655,0.95,20,,,0.001,,,,130.3,,165.4805,115855.25808800002,Serie A: Team to qualify for UEFA Conference League,serie-a-team-to-qualify-for-uefa-conference-league,,
2026-07-25,polymarket,serie_a,qual_uecl,Cremonese,0.0,0.0,False,,0.9655,0.95,20,,,0.001,,,,238.99,0,165.4805,115855.25808800002,Serie A: Team to qualify for UEFA Conference League,serie-a-team-to-qualify-for-uefa-conference-league,,
2026-07-25,polymarket,serie_a,qual_uecl,Fiorentina,0.0,0.0,False,,0.9655,0.95,20,,,0.001,,,,238.7165,,165.4805,115855.25808800002,Serie A: Team to qualify for UEFA Conference League,serie-a-team-to-qualify-for-uefa-conference-league,,
2026-07-25,polymarket,serie_a,qual_uecl,Genoa,0.0,0.0,False,,0.9655,0.95,20,,,0.001,,,,613.54,,165.4805,115855.25808800002,Serie A: Team to qualify for UEFA Conference League,serie-a-team-to-qualify-for-uefa-conference-league,,
2026-07-25,polymarket,serie_a,qual_uecl,Inter Milan,0.0,0.0,False,,0.9655,0.95,20,,,0.001,,,,334.077,,165.4805,115855.25808800002,Serie A: Team to qualify for UEFA Conference League,serie-a-team-to-qualify-for-uefa-conference-league,,
2026-07-25,polymarket,serie_a,qual_uecl,Juventus,0.0,0.0,False,,0.9655,0.95,20,,,0.001,,,,48.6403,,165.4805,115855.25808800002,Serie A: Team to qualify for UEFA Conference League,serie-a-team-to-qualify-for-uefa-conference-league,,
2026-07-25,polymarket,serie_a,qual_uecl,Lazio,0.0,0.0,False,,0.9655,0.95,20,,,0.001,,,,183.59,,165.4805,115855.25808800002,Serie A: Team to qualify for UEFA Conference League,serie-a-team-to-qualify-for-uefa-conference-league,,
2026-07-25,polymarket,serie_a,qual_uecl,Lecce,0.0,0.0,False,,0.9655,0.95,20,,,0.001,,,,58.2,0,165.4805,115855.25808800002,Serie A: Team to qualify for UEFA Conference League,serie-a-team-to-qualify-for-uefa-conference-league,,
2026-07-25,polymarket,serie_a,qual_uecl,Napoli,0.0,0.0,False,,0.9655,0.95,20,,,0.001,,,,490.03,,165.4805,115855.25808800002,Serie A: Team to qualify for UEFA Conference League,serie-a-team-to-qualify-for-uefa-conference-league,,
2026-07-25,polymarket,serie_a,qual_uecl,Parma,0.0,0.0,False,,0.9655,0.95,20,,,0.001,,,,617.12,,165.4805,115855.25808800002,Serie A: Team to qualify for UEFA Conference League,serie-a-team-to-qualify-for-uefa-conference-league,,
2026-07-25,polymarket,serie_a,qual_uecl,Pisa,0.0,0.0,False,,0.9655,0.95,20,,,0.001,,,,124.9824,,165.4805,115855.25808800002,Serie A: Team to qualify for UEFA Conference League,serie-a-team-to-qualify-for-uefa-conference-league,,
2026-07-25,polymarket,serie_a,qual_uecl,Roma,0.0,0.0,False,,0.9655,0.95,20,,,0.001,,,,100,,165.4805,115855.25808800002,Serie A: Team to qualify for UEFA Conference League,serie-a-team-to-qualify-for-uefa-conference-league,,
2026-07-25,polymarket,serie_a,qual_uecl,Sassuolo,0.0,0.0,False,,0.9655,0.95,20,,,0.001,,,,287.81,,165.4805,115855.25808800002,Serie A: Team to qualify for UEFA Conference League,serie-a-team-to-qualify-for-uefa-conference-league,,
2026-07-25,polymarket,serie_a,qual_uecl,Torino,0.0,0.0,False,,0.9655,0.95,20,,,0.001,,,,780.23,,165.4805,115855.25808800002,Serie A: Team to qualify for UEFA Conference League,serie-a-team-to-qualify-for-uefa-conference-league,,
2026-07-25,polymarket,serie_a,qual_uecl,Udinese,0.0,0.0,False,,0.9655,0.95,20,,,0.001,,,,215.61,0,165.4805,115855.25808800002,Serie A: Team to qualify for UEFA Conference League,serie-a-team-to-qualify-for-uefa-conference-league,,
2026-07-25,polymarket,serie_a,qual_uecl,Verona,0.0,0.0,False,,0.9655,0.95,20,,,0.001,,,,100,,165.4805,115855.25808800002,Serie A: Team to qualify for UEFA Conference League,serie-a-team-to-qualify-for-uefa-conference-league,,
2026-07-25,polymarket,ligue_1,qual_ucl,Angers,0.0,0.0,False,,3.665,0.944,18,,,0.008,,,,86.86,,108.6,3722.410479,Ligue 1: Team to qualify for UEFA Champions League,ligue-1-team-to-qualify-for-uefa-champions-league,,
2026-07-25,polymarket,ligue_1,qual_ucl,Auxerre,0.0,0.0,False,,3.665,0.944,18,,,0.001,,,,90.81365,,108.6,3722.410479,Ligue 1: Team to qualify for UEFA Champions League,ligue-1-team-to-qualify-for-uefa-champions-league,,
2026-07-25,polymarket,ligue_1,qual_ucl,Brest,0.0,0.0,False,,3.665,0.944,18,,,0.001,,,,360.36,,108.6,3722.410479,Ligue 1: Team to qualify for UEFA Champions League,ligue-1-team-to-qualify-for-uefa-champions-league,,
2026-07-25,polymarket,ligue_1,qual_ucl,Le Havre,0.0,0.0,False,,3.665,0.944,18,,,0.001,,,,102.621577,,108.6,3722.410479,Ligue 1: Team to qualify for UEFA Champions League,ligue-1-team-to-qualify-for-uefa-champions-league,,
2026-07-25,polymarket,ligue_1,qual_ucl,Lens,1.0,1.0,False,,3.665,0.944,18,,0.999,1,,,,201.54999999999998,,108.6,3722.410479,Ligue 1: Team to qualify for UEFA Champions League,ligue-1-team-to-qualify-for-uefa-champions-league,,
2026-07-25,polymarket,ligue_1,qual_ucl,Lille,1.0,1.0,False,,3.665,0.944,18,,0.999,1,,,,458.18546000000003,,108.6,3722.410479,Ligue 1: Team to qualify for UEFA Champions League,ligue-1-team-to-qualify-for-uefa-champions-league,,
2026-07-25,polymarket,ligue_1,qual_ucl,Lorient,0.0,0.0,False,,3.665,0.944,18,,,0.001,,,,276.29375,,108.6,3722.410479,Ligue 1: Team to qualify for UEFA Champions League,ligue-1-team-to-qualify-for-uefa-champions-league,,
2026-07-25,polymarket,ligue_1,qual_ucl,Lyon,0.665,0.665,False,,3.665,0.944,18,,0.37,0.96,,,,20.371136999999997,108.6,108.6,3722.410479,Ligue 1: Team to qualify for UEFA Champions League,ligue-1-team-to-qualify-for-uefa-champions-league,,
2026-07-25,polymarket,ligue_1,qual_ucl,Marseille,0.0,0.0,False,,3.665,0.944,18,,,0.001,,,,49.989999999999995,,108.6,3722.410479,Ligue 1: Team to qualify for UEFA Champions League,ligue-1-team-to-qualify-for-uefa-champions-league,,
2026-07-25,polymarket,ligue_1,qual_ucl,Metz,0.0,0.0,False,,3.665,0.944,18,,,0.001,,,,79.50999999999999,,108.6,3722.410479,Ligue 1: Team to qualify for UEFA Champions League,ligue-1-team-to-qualify-for-uefa-champions-league,,
2026-07-25,polymarket,ligue_1,qual_ucl,Monaco,0.0,0.0,False,,3.665,0.944,18,,,0.001,,,,35.779999999999994,,108.6,3722.410479,Ligue 1: Team to qualify for UEFA Champions League,ligue-1-team-to-qualify-for-uefa-champions-league,,
2026-07-25,polymarket,ligue_1,qual_ucl,Nantes,0.0,0.0,False,,3.665,0.944,18,,,0.001,,,,396.51,,108.6,3722.410479,Ligue 1: Team to qualify for UEFA Champions League,ligue-1-team-to-qualify-for-uefa-champions-league,,
2026-07-25,polymarket,ligue_1,qual_ucl,Nice,0.0,0.0,False,,3.665,0.944,18,,,0.001,,,,99.99,,108.6,3722.410479,Ligue 1: Team to qualify for UEFA Champions League,ligue-1-team-to-qualify-for-uefa-champions-league,,
2026-07-25,polymarket,ligue_1,qual_ucl,Paris FC,0.0,0.0,False,,3.665,0.944,18,,,0.001,,,,106.483505,0,108.6,3722.410479,Ligue 1: Team to qualify for UEFA Champions League,ligue-1-team-to-qualify-for-uefa-champions-league,,
2026-07-25,polymarket,ligue_1,qual_ucl,Paris Saint-Germain,1.0,1.0,False,,3.665,0.944,18,,0.999,1,,,,313.47,,108.6,3722.410479,Ligue 1: Team to qualify for UEFA Champions League,ligue-1-team-to-qualify-for-uefa-champions-league,,
2026-07-25,polymarket,ligue_1,qual_ucl,Rennes,0.0,0.0,False,,3.665,0.944,18,,,0.001,,,,565.2,,108.6,3722.410479,Ligue 1: Team to qualify for UEFA Champions League,ligue-1-team-to-qualify-for-uefa-champions-league,,
2026-07-25,polymarket,ligue_1,qual_ucl,Strasbourg,0.0,0.0,False,,3.665,0.944,18,,,0.001,,,,166.2314,,108.6,3722.410479,Ligue 1: Team to qualify for UEFA Champions League,ligue-1-team-to-qualify-for-uefa-champions-league,,
2026-07-25,polymarket,ligue_1,qual_ucl,Toulouse,0.0,0.0,False,,3.665,0.944,18,,,0.001,,,,312.19,,108.6,3722.410479,Ligue 1: Team to qualify for UEFA Champions League,ligue-1-team-to-qualify-for-uefa-champions-league,,
2026-07-25,polymarket,ligue_1,qual_uel,Angers,0.0,0.0,False,,2.49,0.944,18,,,0.01,,,,63.26455,,222.0591,6639.3177160000005,Ligue 1: Team to qualify for UEFA Europa League,ligue-1-team-to-qualify-for-uefa-europa-league,,
2026-07-25,polymarket,ligue_1,qual_uel,Auxerre,0.0,0.0,False,,2.49,0.944,18,,,0.001,,,,94.89779999999999,,222.0591,6639.3177160000005,Ligue 1: Team to qualify for UEFA Europa League,ligue-1-team-to-qualify-for-uefa-europa-league,,
2026-07-25,polymarket,ligue_1,qual_uel,Brest,0.0,0.0,False,,2.49,0.944,18,,,0.001,,,,853.6800000000001,,222.0591,6639.3177160000005,Ligue 1: Team to qualify for UEFA Europa League,ligue-1-team-to-qualify-for-uefa-europa-league,,
2026-07-25,polymarket,ligue_1,qual_uel,Le Havre,0.0,0.0,False,,2.49,0.944,18,,,0.001,,,,45.9182,0,222.0591,6639.3177160000005,Ligue 1: Team to qualify for UEFA Europa League,ligue-1-team-to-qualify-for-uefa-europa-league,,
2026-07-25,polymarket,ligue_1,qual_uel,Lens,0.0,0.0,False,,2.49,0.944,18,,,0.001,,,,381.78999999999996,,222.0591,6639.3177160000005,Ligue 1: Team to qualify for UEFA Europa League,ligue-1-team-to-qualify-for-uefa-europa-league,,
2026-07-25,polymarket,ligue_1,qual_uel,Lille,0.0,0.0,False,,2.49,0.944,18,,,0.001,,,,1181.05,,222.0591,6639.3177160000005,Ligue 1: Team to qualify for UEFA Europa League,ligue-1-team-to-qualify-for-uefa-europa-league,,
2026-07-25,polymarket,ligue_1,qual_uel,Lorient,0.0,0.0,False,,2.49,0.944,18,,,0.001,,,,439.5,,222.0591,6639.3177160000005,Ligue 1: Team to qualify for UEFA Europa League,ligue-1-team-to-qualify-for-uefa-europa-league,,
2026-07-25,polymarket,ligue_1,qual_uel,Lyon,0.49,0.49,False,,2.49,0.944,18,,0.34,0.64,,,,21.66,222.0591,222.0591,6639.3177160000005,Ligue 1: Team to qualify for UEFA Europa League,ligue-1-team-to-qualify-for-uefa-europa-league,,
2026-07-25,polymarket,ligue_1,qual_uel,Marseille,1.0,1.0,False,,2.49,0.944,18,,0.999,1,,,,440.84,,222.0591,6639.3177160000005,Ligue 1: Team to qualify for UEFA Europa League,ligue-1-team-to-qualify-for-uefa-europa-league,,
2026-07-25,polymarket,ligue_1,qual_uel,Metz,0.0,0.0,False,,2.49,0.944,18,,,0.001,,,,112.5013,,222.0591,6639.3177160000005,Ligue 1: Team to qualify for UEFA Europa League,ligue-1-team-to-qualify-for-uefa-europa-league,,
2026-07-25,polymarket,ligue_1,qual_uel,Monaco,0.0,0.0,False,,2.49,0.944,18,,,0.001,,,,143.99,,222.0591,6639.3177160000005,Ligue 1: Team to qualify for UEFA Europa League,ligue-1-team-to-qualify-for-uefa-europa-league,,
2026-07-25,polymarket,ligue_1,qual_uel,Nantes,0.0,0.0,False,,2.49,0.944,18,,,0.001,,,,94.89785,,222.0591,6639.3177160000005,Ligue 1: Team to qualify for UEFA Europa League,ligue-1-team-to-qualify-for-uefa-europa-league,,
2026-07-25,polymarket,ligue_1,qual_uel,Nice,0.0,0.0,False,,2.49,0.944,18,,,0.001,,,,388.25,,222.0591,6639.3177160000005,Ligue 1: Team to qualify for UEFA Europa League,ligue-1-team-to-qualify-for-uefa-europa-league,,
2026-07-25,polymarket,ligue_1,qual_uel,Paris FC,0.0,0.0,False,,2.49,0.944,18,,,0.001,,,,689.7978,,222.0591,6639.3177160000005,Ligue 1: Team to qualify for UEFA Europa League,ligue-1-team-to-qualify-for-uefa-europa-league,,
2026-07-25,polymarket,ligue_1,qual_uel,Paris Saint-Germain,0.0,0.0,False,,2.49,0.944,18,,,0.001,,,,297.86455,,222.0591,6639.3177160000005,Ligue 1: Team to qualify for UEFA Europa League,ligue-1-team-to-qualify-for-uefa-europa-league,,
2026-07-25,polymarket,ligue_1,qual_uel,Rennes,1.0,1.0,False,,2.49,0.944,18,,0.999,1,,,,1198.065666,,222.0591,6639.3177160000005,Ligue 1: Team to qualify for UEFA Europa League,ligue-1-team-to-qualify-for-uefa-europa-league,,
2026-07-25,polymarket,ligue_1,qual_uel,Strasbourg,0.0,0.0,False,,2.49,0.944,18,,,0.001,,,,91.37,,222.0591,6639.3177160000005,Ligue 1: Team to qualify for UEFA Europa League,ligue-1-team-to-qualify-for-uefa-europa-league,,
2026-07-25,polymarket,ligue_1,qual_uel,Toulouse,0.0,0.0,False,,2.49,0.944,18,,,0.001,,,,99.98,,222.0591,6639.3177160000005,Ligue 1: Team to qualify for UEFA Europa League,ligue-1-team-to-qualify-for-uefa-europa-league,,
2026-07-25,polymarket,ligue_1,qual_uecl,Angers,0.0,0.0,False,,0.8105,0.889,18,,,0.001,,,,,0,68.94,763.803428,Ligue 1: Team to qualify for UEFA Conference League,ligue-1-team-to-qualify-for-uefa-conference-league,,
2026-07-25,polymarket,ligue_1,qual_uecl,Auxerre,0.0,0.0,False,,0.8105,0.889,18,,,0.001,,,,50,,68.94,763.803428,Ligue 1: Team to qualify for UEFA Conference League,ligue-1-team-to-qualify-for-uefa-conference-league,,
2026-07-25,polymarket,ligue_1,qual_uecl,Brest,0.0,0.0,False,,0.8105,0.889,18,,,0.001,,,,,0,68.94,763.803428,Ligue 1: Team to qualify for UEFA Conference League,ligue-1-team-to-qualify-for-uefa-conference-league,,
2026-07-25,polymarket,ligue_1,qual_uecl,Le Havre,0.0,0.0,False,,0.8105,0.889,18,,,0.001,,,,,0,68.94,763.803428,Ligue 1: Team to qualify for UEFA Conference League,ligue-1-team-to-qualify-for-uefa-conference-league,,
2026-07-25,polymarket,ligue_1,qual_uecl,Lens,0.0,0.0,False,,0.8105,0.889,18,,,0.001,,,,370.14,,68.94,763.803428,Ligue 1: Team to qualify for UEFA Conference League,ligue-1-team-to-qualify-for-uefa-conference-league,,
2026-07-25,polymarket,ligue_1,qual_uecl,Lille,0.0,0.0,False,,0.8105,0.889,18,,,0.001,,,,,0,68.94,763.803428,Ligue 1: Team to qualify for UEFA Conference League,ligue-1-team-to-qualify-for-uefa-conference-league,,
2026-07-25,polymarket,ligue_1,qual_uecl,Lorient,0.0,0.0,False,,0.8105,0.889,18,,,0.001,,,,,0,68.94,763.803428,Ligue 1: Team to qualify for UEFA Conference League,ligue-1-team-to-qualify-for-uefa-conference-league,,
2026-07-25,polymarket,ligue_1,qual_uecl,Lyon,0.0155,0.0155,False,,0.8105,0.889,18,,0.001,0.03,,,,,9.84,68.94,763.803428,Ligue 1: Team to qualify for UEFA Conference League,ligue-1-team-to-qualify-for-uefa-conference-league,,
2026-07-25,polymarket,ligue_1,qual_uecl,Marseille,0.0,0.0,False,,0.8105,0.889,18,,,0.001,,,,170.9,,68.94,763.803428,Ligue 1: Team to qualify for UEFA Conference League,ligue-1-team-to-qualify-for-uefa-conference-league,,
2026-07-25,polymarket,ligue_1,qual_uecl,Metz,0.0,0.0,False,,0.8105,0.889,18,,,0.001,,,,100,,68.94,763.803428,Ligue 1: Team to qualify for UEFA Conference League,ligue-1-team-to-qualify-for-uefa-conference-league,,
2026-07-25,polymarket,ligue_1,qual_uecl,Monaco,0.795,0.795,False,,0.8105,0.889,18,,0.59,1,,,,2.763428,59.1,68.94,763.803428,Ligue 1: Team to qualify for UEFA Conference League,ligue-1-team-to-qualify-for-uefa-conference-league,,
2026-07-25,polymarket,ligue_1,qual_uecl,Nantes,0.0,0.0,False,,0.8105,0.889,18,,,0.001,,,,50,,68.94,763.803428,Ligue 1: Team to qualify for UEFA Conference League,ligue-1-team-to-qualify-for-uefa-conference-league,,
2026-07-25,polymarket,ligue_1,qual_uecl,Nice,0.0,0.0,False,,0.8105,0.889,18,,,0.001,,,,,0,68.94,763.803428,Ligue 1: Team to qualify for UEFA Conference League,ligue-1-team-to-qualify-for-uefa-conference-league,,
2026-07-25,polymarket,ligue_1,qual_uecl,Paris FC,0.0,0.0,False,,0.8105,0.889,18,,,0.001,,,,,0,68.94,763.803428,Ligue 1: Team to qualify for UEFA Conference League,ligue-1-team-to-qualify-for-uefa-conference-league,,
2026-07-25,polymarket,ligue_1,qual_uecl,Paris Saint-Germain,0.0,0.0,False,,0.8105,0.889,18,,,0.001,,,,,0,68.94,763.803428,Ligue 1: Team to qualify for UEFA Conference League,ligue-1-team-to-qualify-for-uefa-conference-league,,
2026-07-25,polymarket,ligue_1,qual_uecl,Rennes,0.0,0.0,False,,0.8105,0.889,18,,,0.01,,,,,0,68.94,763.803428,Ligue 1: Team to qualify for UEFA Conference League,ligue-1-team-to-qualify-for-uefa-conference-league,,
2026-07-25,polymarket,ligue_1,qual_uecl,Strasbourg,0.0,0.0,False,,0.8105,0.889,18,,,0.001,,,,20,,68.94,763.803428,Ligue 1: Team to qualify for UEFA Conference League,ligue-1-team-to-qualify-for-uefa-conference-league,,
2026-07-25,polymarket,ligue_1,qual_uecl,Toulouse,0.0,0.0,False,,0.8105,0.889,18,,,0.001,,,,,0,68.94,763.803428,Ligue 1: Team to qualify for UEFA Conference League,ligue-1-team-to-qualify-for-uefa-conference-league,,
2026-07-25,polymarket,serie_a,champion,Atalanta,0.019,0.017732151189920674,True,1.0715,1.0715,0.65,20,,0.015,0.023,,,,805.167882,46750.09826,1355853.02664,29049.38977,Serie A: 2027 Champion,serie-a-2027-champion-20260701200118390,,
2026-07-25,polymarket,serie_a,champion,Bologna,0.0055,0.005132991133924405,True,1.0715,1.0715,0.65,20,,0.003,0.008,,,,566.8655,38515.40401,1355853.02664,29049.38977,Serie A: 2027 Champion,serie-a-2027-champion-20260701200118390,,
2026-07-25,polymarket,serie_a,champion,Cagliari,0.0015,0.0013999066728884743,True,1.0715,1.0715,0.65,20,,0.001,0.002,,,,174.12795800000004,41869.62066,1355853.02664,29049.38977,Serie A: 2027 Champion,serie-a-2027-champion-20260701200118390,,
2026-07-25,polymarket,serie_a,champion,Como,0.034,0.03173121791880542,True,1.0715,1.0715,0.65,20,,0.025,0.043,,,,3928.005227000002,30648.84418,1355853.02664,29049.38977,Serie A: 2027 Champion,serie-a-2027-champion-20260701200118390,,
2026-07-25,polymarket,serie_a,champion,Fiorentina,0.0025,0.002333177788147457,True,1.0715,1.0715,0.65,20,,0.002,0.003,,,,149.1235,29729.53993,1355853.02664,29049.38977,Serie A: 2027 Champion,serie-a-2027-champion-20260701200118390,,
2026-07-25,polymarket,serie_a,champion,Genoa,0.0015,0.0013999066728884743,True,1.0715,1.0715,0.65,20,,0.001,0.002,,,,139.1215,28094.45476,1355853.02664,29049.38977,Serie A: 2027 Champion,serie-a-2027-champion-20260701200118390,,
2026-07-25,polymarket,serie_a,champion,Inter Milan,0.505,0.47130191320578635,True,1.0715,1.0715,0.65,20,,0.5,0.51,,,,13295.675769000001,528386.0869,1355853.02664,29049.38977,Serie A: 2027 Champion,serie-a-2027-champion-20260701200118390,,
2026-07-25,polymarket,serie_a,champion,Juventus,0.145,0.1353243117125525,True,1.0715,1.0715,0.65,20,,0.14,0.15,,,,1084.6106710000001,108606.7937,1355853.02664,29049.38977,Serie A: 2027 Champion,serie-a-2027-champion-20260701200118390,,
2026-07-25,polymarket,serie_a,champion,Lazio,0.0015,0.0013999066728884743,True,1.0715,1.0715,0.65,20,,0.001,0.002,,,,149.1295,28829.51432,1355853.02664,29049.38977,Serie A: 2027 Champion,serie-a-2027-champion-20260701200118390,,
2026-07-25,polymarket,serie_a,champion,Lecce,0.0015,0.0013999066728884743,True,1.0715,1.0715,0.65,20,,0.001,0.002,,,,263.535948,28061.23351,1355853.02664,29049.38977,Serie A: 2027 Champion,serie-a-2027-champion-20260701200118390,,
2026-07-25,polymarket,serie_a,champion,AC Milan,0.125,0.11665888940737286,True,1.0715,1.0715,0.65,20,,0.12,0.13,,,,508.59121,91274.9152,1355853.02664,29049.38977,Serie A: 2027 Champion,serie-a-2027-champion-20260701200118390,,
2026-07-25,polymarket,serie_a,champion,Napoli,0.135,0.1259916005599627,True,1.0715,1.0715,0.65,20,,0.13,0.14,,,,1389.3107900000002,107147.0696,1355853.02664,29049.38977,Serie A: 2027 Champion,serie-a-2027-champion-20260701200118390,,
2026-07-25,polymarket,serie_a,champion,Parma,0.0025,0.002333177788147457,True,1.0715,1.0715,0.65,20,,0.002,0.003,,,,1045.2217500000002,28940.2841,1355853.02664,29049.38977,Serie A: 2027 Champion,serie-a-2027-champion-20260701200118390,,
2026-07-25,polymarket,serie_a,champion,Roma,0.067,0.06252916472235186,True,1.0715,1.0715,0.65,20,,0.063,0.071,,,,4081.0527149999994,48795.46675,1355853.02664,29049.38977,Serie A: 2027 Champion,serie-a-2027-champion-20260701200118390,,
2026-07-25,polymarket,serie_a,champion,Sassuolo,0.006,0.005599626691553897,True,1.0715,1.0715,0.65,20,,0.002,0.01,,,,174.12375000000003,27945.98824,1355853.02664,29049.38977,Serie A: 2027 Champion,serie-a-2027-champion-20260701200118390,,
2026-07-25,polymarket,serie_a,champion,Torino,0.0015,0.0013999066728884743,True,1.0715,1.0715,0.65,20,,0.001,0.002,,,,170.24350000000004,29400.32891,1355853.02664,29049.38977,Serie A: 2027 Champion,serie-a-2027-champion-20260701200118390,,
2026-07-25,polymarket,serie_a,champion,Udinese,0.0015,0.0013999066728884743,True,1.0715,1.0715,0.65,20,,0.001,0.002,,,,154.12150000000003,28096.75988,1355853.02664,29049.38977,Serie A: 2027 Champion,serie-a-2027-champion-20260701200118390,,
2026-07-25,polymarket,serie_a,champion,Venezia,0.008,0.007466168922071863,True,1.0715,1.0715,0.65,20,,0.003,0.013,,,,248.11980000000003,27590.62902,1355853.02664,29049.38977,Serie A: 2027 Champion,serie-a-2027-champion-20260701200118390,,
2026-07-25,polymarket,serie_a,champion,Frosinone,0.0065,0.006066262249183388,True,1.0715,1.0715,0.65,20,,0.002,0.011,,,,574.1198,27653.48973,1355853.02664,29049.38977,Serie A: 2027 Champion,serie-a-2027-champion-20260701200118390,,
2026-07-25,polymarket,serie_a,champion,Monza,0.0015,0.0013999066728884743,True,1.0715,1.0715,0.65,20,,0.001,0.002,,,,149.1215,28077.19945,1355853.02664,29049.38977,Serie A: 2027 Champion,serie-a-2027-champion-20260701200118390,,
2026-07-25,polymarket,premier_league,champion,Arsenal,0.355,0.33553875236294883,True,1.058,1.058,0.65,20,,0.35,0.36,,,,61768.68167199998,548289.3416,5215959.21859,1395914.1334360007,EPL: 2027 Champion,epl-2027-champion-20260701200428749,,
2026-07-25,polymarket,premier_league,champion,Aston Villa,0.0165,0.015595463137996216,True,1.058,1.058,0.65,20,,0.016,0.017,,,,38638.84903699999,221439.39106,5215959.21859,1395914.1334360007,EPL: 2027 Champion,epl-2027-champion-20260701200428749,,
2026-07-25,polymarket,premier_league,champion,Bournemouth,0.0015,0.0014177693761814741,True,1.058,1.058,0.65,20,,0.001,0.002,,,,30637.898,194302.61915,5215959.21859,1395914.1334360007,EPL: 2027 Champion,epl-2027-champion-20260701200428749,,
2026-07-25,polymarket,premier_league,champion,Brentford,0.0015,0.0014177693761814741,True,1.058,1.058,0.65,20,,0.001,0.002,,,,49591.199483,207515.70529,5215959.21859,1395914.1334360007,EPL: 2027 Champion,epl-2027-champion-20260701200428749,,
2026-07-25,polymarket,premier_league,champion,Brighton,0.0025,0.002362948960302457,True,1.058,1.058,0.65,20,,0.002,0.003,,,,36928.255398999994,181325.04783,5215959.21859,1395914.1334360007,EPL: 2027 Champion,epl-2027-champion-20260701200428749,,
2026-07-25,polymarket,premier_league,champion,Chelsea,0.095,0.08979206049149337,True,1.058,1.058,0.65,20,,0.09,0.1,,,,130589.97788500022,239172.4507,5215959.21859,1395914.1334360007,EPL: 2027 Champion,epl-2027-champion-20260701200428749,,
2026-07-25,polymarket,premier_league,champion,Crystal Palace,0.0015,0.0014177693761814741,True,1.058,1.058,0.65,20,,0.001,0.002,,,,37944.130232999996,185417.40958,5215959.21859,1395914.1334360007,EPL: 2027 Champion,epl-2027-champion-20260701200428749,,
2026-07-25,polymarket,premier_league,champion,Everton,0.0015,0.0014177693761814741,True,1.058,1.058,0.65,20,,0.001,0.002,,,,30904.065000000002,193650.21954,5215959.21859,1395914.1334360007,EPL: 2027 Champion,epl-2027-champion-20260701200428749,,
2026-07-25,polymarket,premier_league,champion,Fulham,0.0015,0.0014177693761814741,True,1.058,1.058,0.65,20,,0.001,0.002,,,,42763.98206,189953.51064,5215959.21859,1395914.1334360007,EPL: 2027 Champion,epl-2027-champion-20260701200428749,,
2026-07-25,polymarket,premier_league,champion,Leeds United,0.0015,0.0014177693761814741,True,1.058,1.058,0.65,20,,0.001,0.002,,,,37929.262272,173734.12481,5215959.21859,1395914.1334360007,EPL: 2027 Champion,epl-2027-champion-20260701200428749,,
2026-07-25,polymarket,premier_league,champion,Liverpool,0.115,0.10869565217391303,True,1.058,1.058,0.65,20,,0.11,0.12,,,,29773.633117999987,336680.2834,5215959.21859,1395914.1334360007,EPL: 2027 Champion,epl-2027-champion-20260701200428749,,
2026-07-25,polymarket,premier_league,champion,Manchester City,0.295,0.27882797731568987,True,1.058,1.058,0.65,20,,0.29,0.3,,,,435322.8578120005,813640.6221,5215959.21859,1395914.1334360007,EPL: 2027 Champion,epl-2027-champion-20260701200428749,,
2026-07-25,polymarket,premier_league,champion,Manchester United,0.115,0.10869565217391303,True,1.058,1.058,0.65,20,,0.11,0.12,,,,62968.66282700003,392288.1556,5215959.21859,1395914.1334360007,EPL: 2027 Champion,epl-2027-champion-20260701200428749,,
2026-07-25,polymarket,premier_league,champion,Newcastle United,0.0055,0.005198487712665405,True,1.058,1.058,0.65,20,,0.005,0.006,,,,50979.73260799999,215335.9304,5215959.21859,1395914.1334360007,EPL: 2027 Champion,epl-2027-champion-20260701200428749,,
2026-07-25,polymarket,premier_league,champion,Nottingham Forest,0.0015,0.0014177693761814741,True,1.058,1.058,0.65,20,,0.001,0.002,,,,34812.018594,178497.75885,5215959.21859,1395914.1334360007,EPL: 2027 Champion,epl-2027-champion-20260701200428749,,
2026-07-25,polymarket,premier_league,champion,Tottenham,0.042,0.039697542533081276,True,1.058,1.058,0.65,20,,0.038,0.046,,,,127456.94627200006,207643.5512,5215959.21859,1395914.1334360007,EPL: 2027 Champion,epl-2027-champion-20260701200428749,,
2026-07-25,polymarket,premier_league,champion,Sunderland,0.0015,0.0014177693761814741,True,1.058,1.058,0.65,20,,0.001,0.002,,,,34967.74822699999,185185.40732,5215959.21859,1395914.1334360007,EPL: 2027 Champion,epl-2027-champion-20260701200428749,,
2026-07-25,polymarket,premier_league,champion,Coventry City,0.0015,0.0014177693761814741,True,1.058,1.058,0.65,20,,0.001,0.002,,,,52987.371749,197262.03348,5215959.21859,1395914.1334360007,EPL: 2027 Champion,epl-2027-champion-20260701200428749,,
2026-07-25,polymarket,premier_league,champion,Ipswich Town,0.0015,0.0014177693761814741,True,1.058,1.058,0.65,20,,0.001,0.002,,,,29757.460761000002,173135.11059,5215959.21859,1395914.1334360007,EPL: 2027 Champion,epl-2027-champion-20260701200428749,,
2026-07-25,polymarket,premier_league,champion,Hull City,0.0015,0.0014177693761814741,True,1.058,1.058,0.65,20,,0.001,0.002,,,,39191.40042699999,176061.75107,5215959.21859,1395914.1334360007,EPL: 2027 Champion,epl-2027-champion-20260701200428749,,
2026-07-25,polymarket,la_liga,champion,Alavés,0.0015,0.0014527845036319616,True,1.0325,1.0325,0.857,21,,0.001,0.002,,,,9968.209,113850.33851,3029773.29396,319541.96767699986,LALIGA: 2027 Champion,laliga-2027-champion-20260701200737375,,
2026-07-25,polymarket,la_liga,champion,Athletic Bilbao,0.0055,0.005326876513317192,True,1.0325,1.0325,0.857,21,,0.005,0.006,,,,18150.121666000003,105395.64541,3029773.29396,319541.96767699986,LALIGA: 2027 Champion,laliga-2027-champion-20260701200737375,,
2026-07-25,polymarket,la_liga,champion,Atlético Madrid,0.045,0.04358353510895885,True,1.0325,1.0325,0.857,21,,0.04,0.05,,,,32735.538534999898,125310.3883,3029773.29396,319541.96767699986,LALIGA: 2027 Champion,laliga-2027-champion-20260701200737375,,
2026-07-25,polymarket,la_liga,champion,Barcelona,0.535,0.5181598062953997,True,1.0325,1.0325,0.857,21,,0.53,0.54,,,,31887.13792999999,483506.3106,3029773.29396,319541.96767699986,LALIGA: 2027 Champion,laliga-2027-champion-20260701200737375,,
2026-07-25,polymarket,la_liga,champion,Betis,0.0035,0.003389830508474577,True,1.0325,1.0325,0.857,21,,0.003,0.004,,,,16304.455078000003,107138.4431,3029773.29396,319541.96767699986,LALIGA: 2027 Champion,laliga-2027-champion-20260701200737375,,
2026-07-25,polymarket,la_liga,champion,Celta Vigo,0.0015,0.0014527845036319616,True,1.0325,1.0325,0.857,21,,0.001,0.002,,,,15142.372333,108150.33251,3029773.29396,319541.96767699986,LALIGA: 2027 Champion,laliga-2027-champion-20260701200737375,,
2026-07-25,polymarket,la_liga,champion,Espanyol,0.0015,0.0014527845036319616,True,1.0325,1.0325,0.857,21,,0.001,0.002,,,,10577.045,110337.19741,3029773.29396,319541.96767699986,LALIGA: 2027 Champion,laliga-2027-champion-20260701200737375,,
2026-07-25,polymarket,la_liga,champion,Getafe,0.0015,0.0014527845036319616,True,1.0325,1.0325,0.857,21,,0.001,0.002,,,,15110.199,110511.75568,3029773.29396,319541.96767699986,LALIGA: 2027 Champion,laliga-2027-champion-20260701200737375,,
2026-07-25,polymarket,la_liga,champion,Osasuna,0.0015,0.0014527845036319616,True,1.0325,1.0325,0.857,21,,0.001,0.002,,,,10149.269,115295.23012,3029773.29396,319541.96767699986,LALIGA: 2027 Champion,laliga-2027-champion-20260701200737375,,
2026-07-25,polymarket,la_liga,champion,Rayo Vallecano,0.0015,0.0014527845036319616,True,1.0325,1.0325,0.857,21,,0.001,0.002,,,,15099.199,111298.09746,3029773.29396,319541.96767699986,LALIGA: 2027 Champion,laliga-2027-champion-20260701200737375,,
2026-07-25,polymarket,la_liga,champion,Real Madrid,0.415,0.4019370460048427,True,1.0325,1.0325,0.857,21,,0.41,0.42,,,,31160.36410599999,433898.3553,3029773.29396,319541.96767699986,LALIGA: 2027 Champion,laliga-2027-champion-20260701200737375,,
2026-07-25,polymarket,la_liga,champion,Real Sociedad,0.0025,0.0024213075060532693,True,1.0325,1.0325,0.857,21,,0.002,0.003,,,,16170.796216000004,115301.01941,3029773.29396,319541.96767699986,LALIGA: 2027 Champion,laliga-2027-champion-20260701200737375,,
2026-07-25,polymarket,la_liga,champion,Sevilla,0.0015,0.0014527845036319616,True,1.0325,1.0325,0.857,21,,0.001,0.002,,,,15982.602333,108438.87313,3029773.29396,319541.96767699986,LALIGA: 2027 Champion,laliga-2027-champion-20260701200737375,,
2026-07-25,polymarket,la_liga,champion,Valencia,0.0025,0.0024213075060532693,True,1.0325,1.0325,0.857,21,,0.002,0.003,,,,16907.549,109868.47647,3029773.29396,319541.96767699986,LALIGA: 2027 Champion,laliga-2027-champion-20260701200737375,,
2026-07-25,polymarket,la_liga,champion,Villarreal,0.005,0.004842615012106539,True,1.0325,1.0325,0.857,21,,0.004,0.006,,,,19348.516482,108970.82668,3029773.29396,319541.96767699986,LALIGA: 2027 Champion,laliga-2027-champion-20260701200737375,,
2026-07-25,polymarket,la_liga,champion,Levante,0.0015,0.0014527845036319616,True,1.0325,1.0325,0.857,21,,0.001,0.002,,,,10019.184,113803.87512,3029773.29396,319541.96767699986,LALIGA: 2027 Champion,laliga-2027-champion-20260701200737375,,
2026-07-25,polymarket,la_liga,champion,Elche,0.0015,0.0014527845036319616,True,1.0325,1.0325,0.857,21,,0.001,0.002,,,,9540.184000000001,114182.88318,3029773.29396,319541.96767699986,LALIGA: 2027 Champion,laliga-2027-champion-20260701200737375,,
2026-07-25,polymarket,la_liga,champion,Racing Santander,0.0015,0.0014527845036319616,True,1.0325,1.0325,0.857,21,,0.001,0.002,,,,7796.0664990000005,113485.85957,3029773.29396,319541.96767699986,LALIGA: 2027 Champion,laliga-2027-champion-20260701200737375,,
2026-07-25,polymarket,la_liga,champion,Deportivo La Coruña,0.0015,0.0014527845036319616,True,1.0325,1.0325,0.857,21,,0.001,0.002,,,,8185.432000000001,110074.14006,3029773.29396,319541.96767699986,LALIGA: 2027 Champion,laliga-2027-champion-20260701200737375,,
2026-07-25,polymarket,la_liga,champion,Málaga,0.0015,0.0014527845036319616,True,1.0325,1.0325,0.857,21,,0.001,0.002,,,,8074.076499,109638.91234,3029773.29396,319541.96767699986,LALIGA: 2027 Champion,laliga-2027-champion-20260701200737375,,
2026-07-25,polymarket,la_liga,champion,Team C,0.0005,0.00048426150121065386,True,1.0325,1.0325,0.857,21,,,0.001,,,,1233.65,95998.38932,3029773.29396,319541.96767699986,LALIGA: 2027 Champion,laliga-2027-champion-20260701200737375,,
2026-07-25,polymarket,ligue_1,champion,Angers,0.0055,0.005248091603053434,True,1.048,1.048,0.611,18,,0.001,0.01,,,,1356.4830000000002,25516.04525,1183023.3878,43508.376435,Ligue 1: 2027 Champion,ligue-1-2027-champion-20260701201053335,,
2026-07-25,polymarket,ligue_1,champion,Auxerre,0.0055,0.005248091603053434,True,1.048,1.048,0.611,18,,0.001,0.01,,,,1356.4830000000002,27124.9321,1183023.3878,43508.376435,Ligue 1: 2027 Champion,ligue-1-2027-champion-20260701201053335,,
2026-07-25,polymarket,ligue_1,champion,Brest,0.005,0.004770992366412214,True,1.048,1.048,0.611,18,,0.001,0.009,,,,1356.4830000000002,25646.17945,1183023.3878,43508.376435,Ligue 1: 2027 Champion,ligue-1-2027-champion-20260701201053335,,
2026-07-25,polymarket,ligue_1,champion,Le Havre,0.0055,0.005248091603053434,True,1.048,1.048,0.611,18,,0.001,0.01,,,,1356.4830000000002,25701.01225,1183023.3878,43508.376435,Ligue 1: 2027 Champion,ligue-1-2027-champion-20260701201053335,,
2026-07-25,polymarket,ligue_1,champion,Lens,0.02,0.019083969465648856,True,1.048,1.048,0.611,18,,0.017,0.023,,,,1574.3884860000003,33738.09791,1183023.3878,43508.376435,Ligue 1: 2027 Champion,ligue-1-2027-champion-20260701201053335,,
2026-07-25,polymarket,ligue_1,champion,Lille,0.0185,0.01765267175572519,True,1.048,1.048,0.611,18,,0.018,0.019,,,,1537.3207870000003,31878.11582,1183023.3878,43508.376435,Ligue 1: 2027 Champion,ligue-1-2027-champion-20260701201053335,,
2026-07-25,polymarket,ligue_1,champion,Lyon,0.024,0.022900763358778626,True,1.048,1.048,0.611,18,,0.02,0.028,,,,2957.1857339999992,42794.99996,1183023.3878,43508.376435,Ligue 1: 2027 Champion,ligue-1-2027-champion-20260701201053335,,
2026-07-25,polymarket,ligue_1,champion,Marseille,0.044,0.041984732824427475,True,1.048,1.048,0.611,18,,0.039,0.049,,,,5238.329223000005,41492.04088,1183023.3878,43508.376435,Ligue 1: 2027 Champion,ligue-1-2027-champion-20260701201053335,,
2026-07-25,polymarket,ligue_1,champion,Monaco,0.014,0.013358778625954198,True,1.048,1.048,0.611,18,,0.013,0.015,,,,1575.2598300000002,43337.9201,1183023.3878,43508.376435,Ligue 1: 2027 Champion,ligue-1-2027-champion-20260701201053335,,
2026-07-25,polymarket,ligue_1,champion,Nice,0.003,0.0028625954198473282,True,1.048,1.048,0.611,18,,0.002,0.004,,,,1328.7930000000003,35247.3607,1183023.3878,43508.376435,Ligue 1: 2027 Champion,ligue-1-2027-champion-20260701201053335,,
2026-07-25,polymarket,ligue_1,champion,Paris Saint-Germain,0.865,0.825381679389313,True,1.048,1.048,0.611,18,,0.86,0.87,,,,14595.392395999994,629459.2477,1183023.3878,43508.376435,Ligue 1: 2027 Champion,ligue-1-2027-champion-20260701201053335,,
2026-07-25,polymarket,ligue_1,champion,Rennes,0.0115,0.01097328244274809,True,1.048,1.048,0.611,18,,0.011,0.012,,,,1414.8785,39654.33829,1183023.3878,43508.376435,Ligue 1: 2027 Champion,ligue-1-2027-champion-20260701201053335,,
2026-07-25,polymarket,ligue_1,champion,Strasbourg,0.003,0.0028625954198473282,True,1.048,1.048,0.611,18,,0.002,0.004,,,,1331.3530000000003,25692.08233,1183023.3878,43508.376435,Ligue 1: 2027 Champion,ligue-1-2027-champion-20260701201053335,,
2026-07-25,polymarket,ligue_1,champion,Toulouse,0.004,0.003816793893129771,True,1.048,1.048,0.611,18,,0.002,0.006,,,,1336.4830000000002,25246.35417,1183023.3878,43508.376435,Ligue 1: 2027 Champion,ligue-1-2027-champion-20260701201053335,,
2026-07-25,polymarket,ligue_1,champion,Lorient,0.004,0.003816793893129771,True,1.048,1.048,0.611,18,,0.002,0.006,,,,1248.7930000000003,25451.40808,1183023.3878,43508.376435,Ligue 1: 2027 Champion,ligue-1-2027-champion-20260701201053335,,
2026-07-25,polymarket,ligue_1,champion,Paris FC,0.008,0.007633587786259542,True,1.048,1.048,0.611,18,,0.002,0.014,,,,1618.991479,50328.08762,1183023.3878,43508.376435,Ligue 1: 2027 Champion,ligue-1-2027-champion-20260701201053335,,
2026-07-25,polymarket,ligue_1,champion,Troyes,0.004,0.003816793893129771,True,1.048,1.048,0.611,18,,0.002,0.006,,,,1256.4830000000002,25590.38897,1183023.3878,43508.376435,Ligue 1: 2027 Champion,ligue-1-2027-champion-20260701201053335,,
2026-07-25,polymarket,ligue_1,champion,Le Mans,0.0035,0.0033396946564885495,True,1.048,1.048,0.611,18,,0.003,0.004,,,,1068.7930000000003,26521.0437,1183023.3878,43508.376435,Ligue 1: 2027 Champion,ligue-1-2027-champion-20260701201053335,,
2026-07-25,polymarket,bundesliga,champion,Bayern Munich,0.865,0.8369617803580064,True,1.0335,1.0335,0.778,18,,0.86,0.87,,,,8013.249810000001,515094.6746,992504.67581,20531.769243,Bundesliga: 2027 Champion,bundesliga-2027-champion-20260708164840303,,
2026-07-25,polymarket,bundesliga,champion,Borussia Dortmund,0.065,0.06289308176100626,True,1.0335,1.0335,0.778,18,,0.06,0.07,,,,2250.1945019999994,127571.2302,992504.67581,20531.769243,Bundesliga: 2027 Champion,bundesliga-2027-champion-20260708164840303,,
2026-07-25,polymarket,bundesliga,champion,Bayer Leverkusen,0.045,0.043541364296081256,True,1.0335,1.0335,0.778,18,,0.04,0.05,,,,1232.707038,37510.7205,992504.67581,20531.769243,Bundesliga: 2027 Champion,bundesliga-2027-champion-20260708164840303,,
2026-07-25,polymarket,bundesliga,champion,RB Leipzig,0.029,0.028059990324141255,True,1.0335,1.0335,0.778,18,,0.027,0.031,,,,722.8575270000001,21433.45248,992504.67581,20531.769243,Bundesliga: 2027 Champion,bundesliga-2027-champion-20260708164840303,,
2026-07-25,polymarket,bundesliga,champion,Eintracht Frankfurt,0.002,0.0019351717464925003,True,1.0335,1.0335,0.778,18,,0.001,0.003,,,,564.8017,32034.98941,992504.67581,20531.769243,Bundesliga: 2027 Champion,bundesliga-2027-champion-20260708164840303,,
2026-07-25,polymarket,bundesliga,champion,VfB Stuttgart,0.008,0.007740686985970001,True,1.0335,1.0335,0.778,18,,0.005,0.011,,,,804.5906659999999,30185.70561,992504.67581,20531.769243,Bundesliga: 2027 Champion,bundesliga-2027-champion-20260708164840303,,
2026-07-25,polymarket,bundesliga,champion,TSG Hoffenheim,0.0015,0.0014513788098693753,True,1.0335,1.0335,0.778,18,,0.001,0.002,,,,525.8100000000001,19638.11339,992504.67581,20531.769243,Bundesliga: 2027 Champion,bundesliga-2027-champion-20260708164840303,,
2026-07-25,polymarket,bundesliga,champion,SC Freiburg,0.0015,0.0014513788098693753,True,1.0335,1.0335,0.778,18,,0.001,0.002,,,,525.8100000000001,18502.85823,992504.67581,20531.769243,Bundesliga: 2027 Champion,bundesliga-2027-champion-20260708164840303,,
2026-07-25,polymarket,bundesliga,champion,Mainz 05,0.0015,0.0014513788098693753,True,1.0335,1.0335,0.778,18,,0.001,0.002,,,,564.772,18827.65082,992504.67581,20531.769243,Bundesliga: 2027 Champion,bundesliga-2027-champion-20260708164840303,,
2026-07-25,polymarket,bundesliga,champion,Borussia Mönchengladbach,0.0015,0.0014513788098693753,True,1.0335,1.0335,0.778,18,,0.001,0.002,,,,559.9775,18832.45767,992504.67581,20531.769243,Bundesliga: 2027 Champion,bundesliga-2027-champion-20260708164840303,,
2026-07-25,polymarket,bundesliga,champion,1. FC Köln,0.0015,0.0014513788098693753,True,1.0335,1.0335,0.778,18,,0.001,0.002,,,,559.9775,18402.49767,992504.67581,20531.769243,Bundesliga: 2027 Champion,bundesliga-2027-champion-20260708164840303,,
2026-07-25,polymarket,bundesliga,champion,FC Augsburg,0.0015,0.0014513788098693753,True,1.0335,1.0335,0.778,18,,0.001,0.002,,,,559.9775,19964.01967,992504.67581,20531.769243,Bundesliga: 2027 Champion,bundesliga-2027-champion-20260708164840303,,
2026-07-25,polymarket,bundesliga,champion,Union Berlin,0.003,0.0029027576197387505,True,1.0335,1.0335,0.778,18,,0.001,0.005,,,,851.98,19154.02703,992504.67581,20531.769243,Bundesliga: 2027 Champion,bundesliga-2027-champion-20260708164840303,,
2026-07-25,polymarket,bundesliga,champion,Werder Bremen,0.0015,0.0014513788098693753,True,1.0335,1.0335,0.778,18,,0.001,0.002,,,,559.9775,18867.34225,992504.67581,20531.769243,Bundesliga: 2027 Champion,bundesliga-2027-champion-20260708164840303,,
2026-07-25,polymarket,bundesliga,champion,Hamburger SV,0.0015,0.0014513788098693753,True,1.0335,1.0335,0.778,18,,0.001,0.002,,,,550.359,19678.15371,992504.67581,20531.769243,Bundesliga: 2027 Champion,bundesliga-2027-champion-20260708164840303,,
2026-07-25,polymarket,bundesliga,champion,Schalke 04,0.0015,0.0014513788098693753,True,1.0335,1.0335,0.778,18,,0.001,0.002,,,,559.9775,19621.16625,992504.67581,20531.769243,Bundesliga: 2027 Champion,bundesliga-2027-champion-20260708164840303,,
2026-07-25,polymarket,bundesliga,champion,SC Paderborn,0.0015,0.0014513788098693753,True,1.0335,1.0335,0.778,18,,0.001,0.002,,,,559.9775,19588.38825,992504.67581,20531.769243,Bundesliga: 2027 Champion,bundesliga-2027-champion-20260708164840303,,
2026-07-25,polymarket,bundesliga,champion,SV Elversberg,0.0015,0.0014513788098693753,True,1.0335,1.0335,0.778,18,,0.001,0.002,,,,564.772,20733.11636,992504.67581,20531.769243,Bundesliga: 2027 Champion,bundesliga-2027-champion-20260708164840303,,
2026-07-25,smarkets,bundesliga,champion,1. FC Cologne,0.00105,0.0010274977982190037,True,1.0219,1.0219,0.778,18,18,0.0001,0.002,0.0019,mid,two_sided,,,,,Bundesliga 26/27,bundesliga-26-27,Bundesliga - Winner,141172192
2026-07-25,smarkets,bundesliga,champion,Bayer Leverkusen,0.0422,0.04129562579508758,True,1.0219,1.0219,0.778,18,18,0.0238,0.0606,0.0368,mid,two_sided,,,,,Bundesliga 26/27,bundesliga-26-27,Bundesliga - Winner,141172192
2026-07-25,smarkets,bundesliga,champion,Bayern Munich,0.82925,0.8114786182601037,True,1.0219,1.0219,0.778,18,18,0.7576,0.9009,0.1433,mid,two_sided,,,,,Bundesliga 26/27,bundesliga-26-27,Bundesliga - Winner,141172192
2026-07-25,smarkets,bundesliga,champion,Borussia Dortmund,0.07325,0.07168020354242098,True,1.0219,1.0219,0.778,18,18,0.0513,0.0952,0.0439,mid,two_sided,,,,,Bundesliga 26/27,bundesliga-26-27,Bundesliga - Winner,141172192
2026-07-25,smarkets,bundesliga,champion,Borussia Monchengladbach,0.00105,0.0010274977982190037,True,1.0219,1.0219,0.778,18,18,0.0001,0.002,0.0019,mid,two_sided,,,,,Bundesliga 26/27,bundesliga-26-27,Bundesliga - Winner,141172192
2026-07-25,smarkets,bundesliga,champion,Eintracht Frankfurt,0.0034,0.0033271357275662977,True,1.0219,1.0219,0.778,18,18,0.0001,0.0067,0.0066,mid,two_sided,,,,,Bundesliga 26/27,bundesliga-26-27,Bundesliga - Winner,141172192
2026-07-25,smarkets,bundesliga,champion,FC Augsburg,0.00105,0.0010274977982190037,True,1.0219,1.0219,0.778,18,18,0.0001,0.002,0.0019,mid,two_sided,,,,,Bundesliga 26/27,bundesliga-26-27,Bundesliga - Winner,141172192
2026-07-25,smarkets,bundesliga,champion,FSV Mainz,0.00105,0.0010274977982190037,True,1.0219,1.0219,0.778,18,18,0.0001,0.002,0.0019,mid,two_sided,,,,,Bundesliga 26/27,bundesliga-26-27,Bundesliga - Winner,141172192
2026-07-25,smarkets,bundesliga,champion,Hamburger SV,0.00105,0.0010274977982190037,True,1.0219,1.0219,0.778,18,18,0.0001,0.002,0.0019,mid,two_sided,,,,,Bundesliga 26/27,bundesliga-26-27,Bundesliga - Winner,141172192
2026-07-25,smarkets,bundesliga,champion,RB Leipzig,0.0492,0.04814561111654761,True,1.0219,1.0219,0.778,18,18,0.0294,0.069,0.0396,mid,two_sided,,,,,Bundesliga 26/27,bundesliga-26-27,Bundesliga - Winner,141172192
2026-07-25,smarkets,bundesliga,champion,SC Freiburg,0.00105,0.0010274977982190037,True,1.0219,1.0219,0.778,18,18,0.0001,0.002,0.0019,mid,two_sided,,,,,Bundesliga 26/27,bundesliga-26-27,Bundesliga - Winner,141172192
2026-07-25,smarkets,bundesliga,champion,Schalke 04,0.00105,0.0010274977982190037,True,1.0219,1.0219,0.778,18,18,0.0001,0.002,0.0019,mid,two_sided,,,,,Bundesliga 26/27,bundesliga-26-27,Bundesliga - Winner,141172192
2026-07-25,smarkets,bundesliga,champion,SC Paderborn 07,0.00055,0.0005382131324004306,True,1.0219,1.0219,0.778,18,18,0.0001,0.001,0.0009,mid,two_sided,,,,,Bundesliga 26/27,bundesliga-26-27,Bundesliga - Winner,141172192
2026-07-25,smarkets,bundesliga,champion,SV 07 Elversberg,0.00055,0.0005382131324004306,True,1.0219,1.0219,0.778,18,18,0.0001,0.001,0.0009,mid,two_sided,,,,,Bundesliga 26/27,bundesliga-26-27,Bundesliga - Winner,141172192
2026-07-25,smarkets,bundesliga,champion,TSG Hoffenheim,0.0063,0.006164986789314023,True,1.0219,1.0219,0.778,18,18,0.0001,0.0125,0.0124,mid,two_sided,,,,,Bundesliga 26/27,bundesliga-26-27,Bundesliga - Winner,141172192
2026-07-25,smarkets,bundesliga,champion,Union Berlin,0.00105,0.0010274977982190037,True,1.0219,1.0219,0.778,18,18,0.0001,0.002,0.0019,mid,two_sided,,,,,Bundesliga 26/27,bundesliga-26-27,Bundesliga - Winner,141172192
2026-07-25,smarkets,bundesliga,champion,VfB Stuttgart,0.00775,0.007583912320187885,True,1.0219,1.0219,0.778,18,18,0.0001,0.0154,0.0153,mid,two_sided,,,,,Bundesliga 26/27,bundesliga-26-27,Bundesliga - Winner,141172192
2026-07-25,smarkets,bundesliga,champion,Werder Bremen,0.00105,0.0010274977982190037,True,1.0219,1.0219,0.778,18,18,0.0001,0.002,0.0019,mid,two_sided,,,,,Bundesliga 26/27,bundesliga-26-27,Bundesliga - Winner,141172192
2026-07-25,smarkets,premier_league,champion,AFC Bournemouth,0.0015,0.0014923888170331311,True,1.0051,1.0051,0.65,20,20,0.001,0.002,0.001,mid,two_sided,,,,,Premier League 26/27,premier-league-26-27,Premier League - Winner,141560780
2026-07-25,smarkets,premier_league,champion,Arsenal FC,0.346,0.3442443537956422,True,1.0051,1.0051,0.65,20,20,0.3448,0.3472,0.0024,mid,two_sided,,,,,Premier League 26/27,premier-league-26-27,Premier League - Winner,141560780
2026-07-25,smarkets,premier_league,champion,Aston Villa,0.01485,0.014774649288627999,True,1.0051,1.0051,0.65,20,20,0.0143,0.0154,0.0011,mid,two_sided,,,,,Premier League 26/27,premier-league-26-27,Premier League - Winner,141560780
2026-07-25,smarkets,premier_league,champion,Brentford FC,0.0015,0.0014923888170331311,True,1.0051,1.0051,0.65,20,20,0.001,0.002,0.001,mid,two_sided,,,,,Premier League 26/27,premier-league-26-27,Premier League - Winner,141560780
2026-07-25,smarkets,premier_league,champion,Brighton & Hove Albion,0.00265,0.002636553576758532,True,1.0051,1.0051,0.65,20,20,0.002,0.0033,0.0013,mid,two_sided,,,,,Premier League 26/27,premier-league-26-27,Premier League - Winner,141560780
2026-07-25,smarkets,premier_league,champion,Chelsea FC,0.1031,0.10257685802407722,True,1.0051,1.0051,0.65,20,20,0.102,0.1042,0.0022,mid,two_sided,,,,,Premier League 26/27,premier-league-26-27,Premier League - Winner,141560780
2026-07-25,smarkets,premier_league,champion,Coventry City,0.0015,0.0014923888170331311,True,1.0051,1.0051,0.65,20,20,0.001,0.002,0.001,mid,two_sided,,,,,Premier League 26/27,premier-league-26-27,Premier League - Winner,141560780
2026-07-25,smarkets,premier_league,champion,Crystal Palace,0.0015,0.0014923888170331311,True,1.0051,1.0051,0.65,20,20,0.001,0.002,0.001,mid,two_sided,,,,,Premier League 26/27,premier-league-26-27,Premier League - Winner,141560780
2026-07-25,smarkets,premier_league,champion,Everton FC,0.0015,0.0014923888170331311,True,1.0051,1.0051,0.65,20,20,0.001,0.002,0.001,mid,two_sided,,,,,Premier League 26/27,premier-league-26-27,Premier League - Winner,141560780
2026-07-25,smarkets,premier_league,champion,Fulham FC,0.0015,0.0014923888170331311,True,1.0051,1.0051,0.65,20,20,0.001,0.002,0.001,mid,two_sided,,,,,Premier League 26/27,premier-league-26-27,Premier League - Winner,141560780
2026-07-25,smarkets,premier_league,champion,Hull City,0.00055,0.0005472092329121481,True,1.0051,1.0051,0.65,20,20,0.0001,0.001,0.0009,mid,two_sided,,,,,Premier League 26/27,premier-league-26-27,Premier League - Winner,141560780
2026-07-25,smarkets,premier_league,champion,Ipswich Town,0.00055,0.0005472092329121481,True,1.0051,1.0051,0.65,20,20,0.0001,0.001,0.0009,mid,two_sided,,,,,Premier League 26/27,premier-league-26-27,Premier League - Winner,141560780
2026-07-25,smarkets,premier_league,champion,Leeds United,0.0015,0.0014923888170331311,True,1.0051,1.0051,0.65,20,20,0.001,0.002,0.001,mid,two_sided,,,,,Premier League 26/27,premier-league-26-27,Premier League - Winner,141560780
2026-07-25,smarkets,premier_league,champion,Liverpool FC,0.1251,0.12446522734056313,True,1.0051,1.0051,0.65,20,20,0.122,0.1282,0.0062,mid,two_sided,,,,,Premier League 26/27,premier-league-26-27,Premier League - Winner,141560780
2026-07-25,smarkets,premier_league,champion,Manchester City,0.23825,0.23704109043876234,True,1.0051,1.0051,0.65,20,20,0.2326,0.2439,0.0113,mid,two_sided,,,,,Premier League 26/27,premier-league-26-27,Premier League - Winner,141560780
2026-07-25,smarkets,premier_league,champion,Manchester United,0.11915,0.11854541836633173,True,1.0051,1.0051,0.65,20,20,0.1163,0.122,0.0057,mid,two_sided,,,,,Premier League 26/27,premier-league-26-27,Premier League - Winner,141560780
2026-07-25,smarkets,premier_league,champion,Newcastle United,0.00635,0.006317779325440255,True,1.0051,1.0051,0.65,20,20,0.0056,0.0071,0.0015,mid,two_sided,,,,,Premier League 26/27,premier-league-26-27,Premier League - Winner,141560780
2026-07-25,smarkets,premier_league,champion,Nottingham Forest,0.00265,0.002636553576758532,True,1.0051,1.0051,0.65,20,20,0.002,0.0033,0.0013,mid,two_sided,,,,,Premier League 26/27,premier-league-26-27,Premier League - Winner,141560780
2026-07-25,smarkets,premier_league,champion,Sunderland AFC,0.0015,0.0014923888170331311,True,1.0051,1.0051,0.65,20,20,0.001,0.002,0.001,mid,two_sided,,,,,Premier League 26/27,premier-league-26-27,Premier League - Winner,141560780
2026-07-25,smarkets,premier_league,champion,Tottenham Hotspur,0.0339,0.033727987264948765,True,1.0051,1.0051,0.65,20,20,0.0333,0.0345,0.0012,mid,two_sided,,,,,Premier League 26/27,premier-league-26-27,Premier League - Winner,141560780
2026-07-25,smarkets,premier_league,top2,AFC Bournemouth,,,False,,,,20,0,,0.02,,ask_only,partial,,,,,Premier League 26/27,premier-league-26-27,Premier League - Top 2,148670949
2026-07-25,smarkets,premier_league,top2,Arsenal FC,,,False,,,,20,0,,0.6369,,ask_only,partial,,,,,Premier League 26/27,premier-league-26-27,Premier League - Top 2,148670949
2026-07-25,smarkets,premier_league,top2,Aston Villa,,,False,,,,20,0,,0.0769,,ask_only,partial,,,,,Premier League 26/27,premier-league-26-27,Premier League - Top 2,148670949
2026-07-25,smarkets,premier_league,top2,Brentford FC,,,False,,,,20,0,,0.0154,,ask_only,partial,,,,,Premier League 26/27,premier-league-26-27,Premier League - Top 2,148670949
2026-07-25,smarkets,premier_league,top2,Brighton & Hove Albion,,,False,,,,20,0,,0.0345,,ask_only,partial,,,,,Premier League 26/27,premier-league-26-27,Premier League - Top 2,148670949
2026-07-25,smarkets,premier_league,top2,Chelsea FC,,,False,,,,20,0,,0.2222,,ask_only,partial,,,,,Premier League 26/27,premier-league-26-27,Premier League - Top 2,148670949
2026-07-25,smarkets,premier_league,top2,Coventry City,,,False,,,,20,0,,0.001,,ask_only,partial,,,,,Premier League 26/27,premier-league-26-27,Premier League - Top 2,148670949
2026-07-25,smarkets,premier_league,top2,Crystal Palace,,,False,,,,20,0,,0.0067,,ask_only,partial,,,,,Premier League 26/27,premier-league-26-27,Premier League - Top 2,148670949
2026-07-25,smarkets,premier_league,top2,Everton FC,,,False,,,,20,0,,0.02,,ask_only,partial,,,,,Premier League 26/27,premier-league-26-27,Premier League - Top 2,148670949
2026-07-25,smarkets,premier_league,top2,Fulham FC,,,False,,,,20,0,,0.0067,,ask_only,partial,,,,,Premier League 26/27,premier-league-26-27,Premier League - Top 2,148670949
2026-07-25,smarkets,premier_league,top2,Hull City,,,False,,,,20,0,,0.001,,ask_only,partial,,,,,Premier League 26/27,premier-league-26-27,Premier League - Top 2,148670949
2026-07-25,smarkets,premier_league,top2,Ipswich Town,,,False,,,,20,0,,0.001,,ask_only,partial,,,,,Premier League 26/27,premier-league-26-27,Premier League - Top 2,148670949
2026-07-25,smarkets,premier_league,top2,Leeds United,,,False,,,,20,0,,0.0067,,ask_only,partial,,,,,Premier League 26/27,premier-league-26-27,Premier League - Top 2,148670949
2026-07-25,smarkets,premier_league,top2,Liverpool FC,,,False,,,,20,0,,0.3333,,ask_only,partial,,,,,Premier League 26/27,premier-league-26-27,Premier League - Top 2,148670949
2026-07-25,smarkets,premier_league,top2,Manchester City,,,False,,,,20,0,,0.4464,,ask_only,partial,,,,,Premier League 26/27,premier-league-26-27,Premier League - Top 2,148670949
2026-07-25,smarkets,premier_league,top2,Manchester United,,,False,,,,20,0,,0.2857,,ask_only,partial,,,,,Premier League 26/27,premier-league-26-27,Premier League - Top 2,148670949
2026-07-25,smarkets,premier_league,top2,Newcastle United,,,False,,,,20,0,,0.0385,,ask_only,partial,,,,,Premier League 26/27,premier-league-26-27,Premier League - Top 2,148670949
2026-07-25,smarkets,premier_league,top2,Nottingham Forest,,,False,,,,20,0,,0.0067,,ask_only,partial,,,,,Premier League 26/27,premier-league-26-27,Premier League - Top 2,148670949
2026-07-25,smarkets,premier_league,top2,Sunderland AFC,,,False,,,,20,0,,0.005,,ask_only,partial,,,,,Premier League 26/27,premier-league-26-27,Premier League - Top 2,148670949
2026-07-25,smarkets,premier_league,top2,Tottenham Hotspur,,,False,,,,20,0,,0.0909,,ask_only,partial,,,,,Premier League 26/27,premier-league-26-27,Premier League - Top 2,148670949
2026-07-25,smarkets,premier_league,top4,AFC Bournemouth,,,False,,,,20,0,,0.0435,,ask_only,partial,,,,,Premier League 26/27,premier-league-26-27,Premier League - Top 4,142430849
2026-07-25,smarkets,premier_league,top4,Arsenal FC,,,False,,,,20,0,,0.8929,,ask_only,partial,,,,,Premier League 26/27,premier-league-26-27,Premier League - Top 4,142430849
2026-07-25,smarkets,premier_league,top4,Aston Villa,,,False,,,,20,0,,0.2041,,ask_only,partial,,,,,Premier League 26/27,premier-league-26-27,Premier League - Top 4,142430849
2026-07-25,smarkets,premier_league,top4,Brentford FC,,,False,,,,20,0,,0.0345,,ask_only,partial,,,,,Premier League 26/27,premier-league-26-27,Premier League - Top 4,142430849
2026-07-25,smarkets,premier_league,top4,Brighton & Hove Albion,,,False,,,,20,0,,0.08,,ask_only,partial,,,,,Premier League 26/27,premier-league-26-27,Premier League - Top 4,142430849
2026-07-25,smarkets,premier_league,top4,Chelsea FC,,,False,,,,20,0,,0.5291,,ask_only,partial,,,,,Premier League 26/27,premier-league-26-27,Premier League - Top 4,142430849
2026-07-25,smarkets,premier_league,top4,Coventry City,,,False,,,,20,0,,0.0067,,ask_only,partial,,,,,Premier League 26/27,premier-league-26-27,Premier League - Top 4,142430849
2026-07-25,smarkets,premier_league,top4,Crystal Palace,,,False,,,,20,0,,0.025,,ask_only,partial,,,,,Premier League 26/27,premier-league-26-27,Premier League - Top 4,142430849
2026-07-25,smarkets,premier_league,top4,Everton FC,,,False,,,,20,0,,0.0476,,ask_only,partial,,,,,Premier League 26/27,premier-league-26-27,Premier League - Top 4,142430849
2026-07-25,smarkets,premier_league,top4,Fulham FC,,,False,,,,20,0,,0.025,,ask_only,partial,,,,,Premier League 26/27,premier-league-26-27,Premier League - Top 4,142430849
2026-07-25,smarkets,premier_league,top4,Hull City,,,False,,,,20,0,,0.0033,,ask_only,partial,,,,,Premier League 26/27,premier-league-26-27,Premier League - Top 4,142430849
2026-07-25,smarkets,premier_league,top4,Ipswich Town,,,False,,,,20,0,,0.0067,,ask_only,partial,,,,,Premier League 26/27,premier-league-26-27,Premier League - Top 4,142430849
2026-07-25,smarkets,premier_league,top4,Leeds United,,,False,,,,20,0,,0.0294,,ask_only,partial,,,,,Premier League 26/27,premier-league-26-27,Premier League - Top 4,142430849
2026-07-25,smarkets,premier_league,top4,Liverpool FC,,,False,,,,20,0,,0.6944,,ask_only,partial,,,,,Premier League 26/27,premier-league-26-27,Premier League - Top 4,142430849
2026-07-25,smarkets,premier_league,top4,Manchester City,,,False,,,,20,0,,0.7874,,ask_only,partial,,,,,Premier League 26/27,premier-league-26-27,Premier League - Top 4,142430849
2026-07-25,smarkets,premier_league,top4,Manchester United,,,False,,,,20,0,,0.6369,,ask_only,partial,,,,,Premier League 26/27,premier-league-26-27,Premier League - Top 4,142430849
2026-07-25,smarkets,premier_league,top4,Newcastle United,,,False,,,,20,0,,0.005,,ask_only,partial,,,,,Premier League 26/27,premier-league-26-27,Premier League - Top 4,142430849
2026-07-25,smarkets,premier_league,top4,Nottingham Forest,,,False,,,,20,0,,0.0294,,ask_only,partial,,,,,Premier League 26/27,premier-league-26-27,Premier League - Top 4,142430849
2026-07-25,smarkets,premier_league,top4,Sunderland AFC,,,False,,,,20,0,,0.0217,,ask_only,partial,,,,,Premier League 26/27,premier-league-26-27,Premier League - Top 4,142430849
2026-07-25,smarkets,premier_league,top4,Tottenham Hotspur,,,False,,,,20,0,,0.2532,,ask_only,partial,,,,,Premier League 26/27,premier-league-26-27,Premier League - Top 4,142430849
2026-07-25,smarkets,premier_league,top5,AFC Bournemouth,,,False,,,,20,0,,0.1111,,ask_only,partial,,,,,Premier League 26/27,premier-league-26-27,Premier League - Top 5,150644578
2026-07-25,smarkets,premier_league,top5,Arsenal FC,,,False,,,,20,0,,0.9259,,ask_only,partial,,,,,Premier League 26/27,premier-league-26-27,Premier League - Top 5,150644578
2026-07-25,smarkets,premier_league,top5,Aston Villa,,,False,,,,20,0,,0.3077,,ask_only,partial,,,,,Premier League 26/27,premier-league-26-27,Premier League - Top 5,150644578
2026-07-25,smarkets,premier_league,top5,Brentford FC,,,False,,,,20,0,,0.1,,ask_only,partial,,,,,Premier League 26/27,premier-league-26-27,Premier League - Top 5,150644578
2026-07-25,smarkets,premier_league,top5,Brighton & Hove Albion,,,False,,,,20,0,,0.1562,,ask_only,partial,,,,,Premier League 26/27,premier-league-26-27,Premier League - Top 5,150644578
2026-07-25,smarkets,premier_league,top5,Chelsea FC,,,False,,,,20,0,,0.6211,,ask_only,partial,,,,,Premier League 26/27,premier-league-26-27,Premier League - Top 5,150644578
2026-07-25,smarkets,premier_league,top5,Coventry City,,,False,,,,20,0,,0.01,,ask_only,partial,,,,,Premier League 26/27,premier-league-26-27,Premier League - Top 5,150644578
2026-07-25,smarkets,premier_league,top5,Crystal Palace,,,False,,,,20,0,,0.0667,,ask_only,partial,,,,,Premier League 26/27,premier-league-26-27,Premier League - Top 5,150644578
2026-07-25,smarkets,premier_league,top5,Everton FC,,,False,,,,20,0,,0.1111,,ask_only,partial,,,,,Premier League 26/27,premier-league-26-27,Premier League - Top 5,150644578
2026-07-25,smarkets,premier_league,top5,Fulham FC,,,False,,,,20,0,,0.0588,,ask_only,partial,,,,,Premier League 26/27,premier-league-26-27,Premier League - Top 5,150644578
2026-07-25,smarkets,premier_league,top5,Hull City,,,False,,,,20,0,,0.0067,,ask_only,partial,,,,,Premier League 26/27,premier-league-26-27,Premier League - Top 5,150644578
2026-07-25,smarkets,premier_league,top5,Ipswich Town,,,False,,,,20,0,,0.01,,ask_only,partial,,,,,Premier League 26/27,premier-league-26-27,Premier League - Top 5,150644578
2026-07-25,smarkets,premier_league,top5,Leeds United,,,False,,,,20,0,,0.0667,,ask_only,partial,,,,,Premier League 26/27,premier-league-26-27,Premier League - Top 5,150644578
2026-07-25,smarkets,premier_league,top5,Liverpool FC,,,False,,,,20,0,,0.7692,,ask_only,partial,,,,,Premier League 26/27,premier-league-26-27,Premier League - Top 5,150644578
2026-07-25,smarkets,premier_league,top5,Manchester City,,,False,,,,20,0,,0.8,,ask_only,partial,,,,,Premier League 26/27,premier-league-26-27,Premier League - Top 5,150644578
2026-07-25,smarkets,premier_league,top5,Manchester United,,,False,,,,20,0,,0.7353,,ask_only,partial,,,,,Premier League 26/27,premier-league-26-27,Premier League - Top 5,150644578
2026-07-25,smarkets,premier_league,top5,Newcastle United,,,False,,,,20,0,,0.1562,,ask_only,partial,,,,,Premier League 26/27,premier-league-26-27,Premier League - Top 5,150644578
2026-07-25,smarkets,premier_league,top5,Nottingham Forest,,,False,,,,20,0,,0.0769,,ask_only,partial,,,,,Premier League 26/27,premier-league-26-27,Premier League - Top 5,150644578
2026-07-25,smarkets,premier_league,top5,Sunderland AFC,,,False,,,,20,0,,0.0476,,ask_only,partial,,,,,Premier League 26/27,premier-league-26-27,Premier League - Top 5,150644578
2026-07-25,smarkets,premier_league,top5,Tottenham Hotspur,,,False,,,,20,0,,0.3497,,ask_only,partial,,,,,Premier League 26/27,premier-league-26-27,Premier League - Top 5,150644578
2026-07-25,smarkets,premier_league,top6,AFC Bournemouth,,,False,,,,20,0,,0.1429,,ask_only,partial,,,,,Premier League 26/27,premier-league-26-27,Premier League - Top 6,149275994
2026-07-25,smarkets,premier_league,top6,Arsenal FC,,,False,,,,20,0,,0.9524,,ask_only,partial,,,,,Premier League 26/27,premier-league-26-27,Premier League - Top 6,149275994
2026-07-25,smarkets,premier_league,top6,Aston Villa,,,False,,,,20,0,,0.4464,,ask_only,partial,,,,,Premier League 26/27,premier-league-26-27,Premier League - Top 6,149275994
2026-07-25,smarkets,premier_league,top6,Brentford FC,,,False,,,,20,0,,0.1282,,ask_only,partial,,,,,Premier League 26/27,premier-league-26-27,Premier League - Top 6,149275994
2026-07-25,smarkets,premier_league,top6,Brighton & Hove Albion,,,False,,,,20,0,,0.2273,,ask_only,partial,,,,,Premier League 26/27,premier-league-26-27,Premier League - Top 6,149275994
2026-07-25,smarkets,premier_league,top6,Chelsea FC,,,False,,,,20,0,,0.7519,,ask_only,partial,,,,,Premier League 26/27,premier-league-26-27,Premier League - Top 6,149275994
2026-07-25,smarkets,premier_league,top6,Coventry City,,,False,,,,20,0,,0.02,,ask_only,partial,,,,,Premier League 26/27,premier-league-26-27,Premier League - Top 6,149275994
2026-07-25,smarkets,premier_league,top6,Crystal Palace,,,False,,,,20,0,,0.102,,ask_only,partial,,,,,Premier League 26/27,premier-league-26-27,Premier League - Top 6,149275994
2026-07-25,smarkets,premier_league,top6,Everton FC,,,False,,,,20,0,,0.1429,,ask_only,partial,,,,,Premier League 26/27,premier-league-26-27,Premier League - Top 6,149275994
2026-07-25,smarkets,premier_league,top6,Fulham FC,,,False,,,,20,0,,0.0952,,ask_only,partial,,,,,Premier League 26/27,premier-league-26-27,Premier League - Top 6,149275994
2026-07-25,smarkets,premier_league,top6,Hull City,,,False,,,,20,0,,0.01,,ask_only,partial,,,,,Premier League 26/27,premier-league-26-27,Premier League - Top 6,149275994
2026-07-25,smarkets,premier_league,top6,Ipswich Town,,,False,,,,20,0,,0.02,,ask_only,partial,,,,,Premier League 26/27,premier-league-26-27,Premier League - Top 6,149275994
2026-07-25,smarkets,premier_league,top6,Leeds United,,,False,,,,20,0,,0.102,,ask_only,partial,,,,,Premier League 26/27,premier-league-26-27,Premier League - Top 6,149275994
2026-07-25,smarkets,premier_league,top6,Liverpool FC,,,False,,,,20,0,,0.8333,,ask_only,partial,,,,,Premier League 26/27,premier-league-26-27,Premier League - Top 6,149275994
2026-07-25,smarkets,premier_league,top6,Manchester City,,,False,,,,20,0,,0.8772,,ask_only,partial,,,,,Premier League 26/27,premier-league-26-27,Premier League - Top 6,149275994
2026-07-25,smarkets,premier_league,top6,Manchester United,,,False,,,,20,0,,0.8,,ask_only,partial,,,,,Premier League 26/27,premier-league-26-27,Premier League - Top 6,149275994
2026-07-25,smarkets,premier_league,top6,Newcastle United,,,False,,,,20,0,,0.2222,,ask_only,partial,,,,,Premier League 26/27,premier-league-26-27,Premier League - Top 6,149275994
2026-07-25,smarkets,premier_league,top6,Nottingham Forest,,,False,,,,20,0,,0.1136,,ask_only,partial,,,,,Premier League 26/27,premier-league-26-27,Premier League - Top 6,149275994
2026-07-25,smarkets,premier_league,top6,Sunderland AFC,,,False,,,,20,0,,0.08,,ask_only,partial,,,,,Premier League 26/27,premier-league-26-27,Premier League - Top 6,149275994
2026-07-25,smarkets,premier_league,top6,Tottenham Hotspur,,,False,,,,20,0,,0.4808,,ask_only,partial,,,,,Premier League 26/27,premier-league-26-27,Premier League - Top 6,149275994
2026-07-25,smarkets,premier_league,top_half,AFC Bournemouth,,,False,,,,20,0,,0.4464,,ask_only,partial,,,,,Premier League 26/27,premier-league-26-27,Premier League - To Finish in Top Half,149275993
2026-07-25,smarkets,premier_league,top_half,Arsenal FC,,,False,,,,20,0,,0.9901,,ask_only,partial,,,,,Premier League 26/27,premier-league-26-27,Premier League - To Finish in Top Half,149275993
2026-07-25,smarkets,premier_league,top_half,Aston Villa,,,False,,,,20,0,,0.7874,,ask_only,partial,,,,,Premier League 26/27,premier-league-26-27,Premier League - To Finish in Top Half,149275993
2026-07-25,smarkets,premier_league,top_half,Brentford FC,,,False,,,,20,0,,0.4032,,ask_only,partial,,,,,Premier League 26/27,premier-league-26-27,Premier League - To Finish in Top Half,149275993
2026-07-25,smarkets,premier_league,top_half,Brighton & Hove Albion,,,False,,,,20,0,,0.625,,ask_only,partial,,,,,Premier League 26/27,premier-league-26-27,Premier League - To Finish in Top Half,149275993
2026-07-25,smarkets,premier_league,top_half,Chelsea FC,,,False,,,,20,0,,0.9346,,ask_only,partial,,,,,Premier League 26/27,premier-league-26-27,Premier League - To Finish in Top Half,149275993
2026-07-25,smarkets,premier_league,top_half,Coventry City,,,False,,,,20,0,,0.0606,,ask_only,partial,,,,,Premier League 26/27,premier-league-26-27,Premier League - To Finish in Top Half,149275993
2026-07-25,smarkets,premier_league,top_half,Crystal Palace,,,False,,,,20,0,,0.3125,,ask_only,partial,,,,,Premier League 26/27,premier-league-26-27,Premier League - To Finish in Top Half,149275993
2026-07-25,smarkets,premier_league,top_half,Everton FC,,,False,,,,20,0,,0.4464,,ask_only,partial,,,,,Premier League 26/27,premier-league-26-27,Premier League - To Finish in Top Half,149275993
2026-07-25,smarkets,premier_league,top_half,Fulham FC,,,False,,,,20,0,,0.2703,,ask_only,partial,,,,,Premier League 26/27,premier-league-26-27,Premier League - To Finish in Top Half,149275993
2026-07-25,smarkets,premier_league,top_half,Hull City,,,False,,,,20,0,,0.0385,,ask_only,partial,,,,,Premier League 26/27,premier-league-26-27,Premier League - To Finish in Top Half,149275993
2026-07-25,smarkets,premier_league,top_half,Ipswich Town,,,False,,,,20,0,,0.0606,,ask_only,partial,,,,,Premier League 26/27,premier-league-26-27,Premier League - To Finish in Top Half,149275993
2026-07-25,smarkets,premier_league,top_half,Leeds United,,,False,,,,20,0,,0.3125,,ask_only,partial,,,,,Premier League 26/27,premier-league-26-27,Premier League - To Finish in Top Half,149275993
2026-07-25,smarkets,premier_league,top_half,Liverpool FC,,,False,,,,20,0,,0.9709,,ask_only,partial,,,,,Premier League 26/27,premier-league-26-27,Premier League - To Finish in Top Half,149275993
2026-07-25,smarkets,premier_league,top_half,Manchester City,,,False,,,,20,0,,0.9259,,ask_only,partial,,,,,Premier League 26/27,premier-league-26-27,Premier League - To Finish in Top Half,149275993
2026-07-25,smarkets,premier_league,top_half,Manchester United,,,False,,,,20,0,,0.9615,,ask_only,partial,,,,,Premier League 26/27,premier-league-26-27,Premier League - To Finish in Top Half,149275993
2026-07-25,smarkets,premier_league,top_half,Newcastle United,,,False,,,,20,0,,0.625,,ask_only,partial,,,,,Premier League 26/27,premier-league-26-27,Premier League - To Finish in Top Half,149275993
2026-07-25,smarkets,premier_league,top_half,Nottingham Forest,,,False,,,,20,0,,0.365,,ask_only,partial,,,,,Premier League 26/27,premier-league-26-27,Premier League - To Finish in Top Half,149275993
2026-07-25,smarkets,premier_league,top_half,Sunderland AFC,,,False,,,,20,0,,0.2041,,ask_only,partial,,,,,Premier League 26/27,premier-league-26-27,Premier League - To Finish in Top Half,149275993
2026-07-25,smarkets,premier_league,top_half,Tottenham Hotspur,,,False,,,,20,0,,0.8197,,ask_only,partial,,,,,Premier League 26/27,premier-league-26-27,Premier League - To Finish in Top Half,149275993
2026-07-25,smarkets,premier_league,relegation,AFC Bournemouth,0.08335,0.08335,False,,,0.0,20,17,0.0667,0.1,0.0333,mid,partial,,,,,Premier League 26/27,premier-league-26-27,Premier League - Relegation,142427177
2026-07-25,smarkets,premier_league,relegation,Arsenal FC,,,False,,,0.0,20,17,,0.0541,,ask_only,partial,,,,,Premier League 26/27,premier-league-26-27,Premier League - Relegation,142427177
2026-07-25,smarkets,premier_league,relegation,Aston Villa,0.01965,0.01965,False,,,0.0,20,17,0.0143,0.025,0.0107,mid,partial,,,,,Premier League 26/27,premier-league-26-27,Premier League - Relegation,142427177
2026-07-25,smarkets,premier_league,relegation,Brentford FC,0.08705,0.08705,False,,,0.0,20,17,0.0741,0.1,0.0259,mid,partial,,,,,Premier League 26/27,premier-league-26-27,Premier League - Relegation,142427177
2026-07-25,smarkets,premier_league,relegation,Brighton & Hove Albion,0.03425,0.03425,False,,,0.0,20,17,0.025,0.0435,0.0185,mid,partial,,,,,Premier League 26/27,premier-league-26-27,Premier League - Relegation,142427177
2026-07-25,smarkets,premier_league,relegation,Chelsea FC,0.0105,0.0105,False,,,0.0,20,17,0.001,0.02,0.019,mid,partial,,,,,Premier League 26/27,premier-league-26-27,Premier League - Relegation,142427177
2026-07-25,smarkets,premier_league,relegation,Coventry City,0.51415,0.51415,False,,,0.0,20,17,0.5128,0.5155,0.0027,mid,partial,,,,,Premier League 26/27,premier-league-26-27,Premier League - Relegation,142427177
2026-07-25,smarkets,premier_league,relegation,Crystal Palace,0.13395,0.13395,False,,,0.0,20,17,0.125,0.1429,0.0179,mid,partial,,,,,Premier League 26/27,premier-league-26-27,Premier League - Relegation,142427177
2026-07-25,smarkets,premier_league,relegation,Everton FC,0.0794,0.0794,False,,,0.0,20,17,0.0588,0.1,0.0412,mid,partial,,,,,Premier League 26/27,premier-league-26-27,Premier League - Relegation,142427177
2026-07-25,smarkets,premier_league,relegation,Fulham FC,,,False,,,0.0,20,17,,,,empty,partial,,,,,Premier League 26/27,premier-league-26-27,Premier League - Relegation,142427177
2026-07-25,smarkets,premier_league,relegation,Hull City,0.8001,0.8001,False,,,0.0,20,17,0.7937,0.8065,0.0128,mid,partial,,,,,Premier League 26/27,premier-league-26-27,Premier League - Relegation,142427177
2026-07-25,smarkets,premier_league,relegation,Ipswich Town,0.5277,0.5277,False,,,0.0,20,17,0.5263,0.5291,0.0028,mid,partial,,,,,Premier League 26/27,premier-league-26-27,Premier League - Relegation,142427177
2026-07-25,smarkets,premier_league,relegation,Leeds United,0.15875,0.15875,False,,,0.0,20,17,0.1562,0.1613,0.0051,mid,partial,,,,,Premier League 26/27,premier-league-26-27,Premier League - Relegation,142427177
2026-07-25,smarkets,premier_league,relegation,Liverpool FC,0.0105,0.0105,False,,,0.0,20,17,0.001,0.02,0.019,mid,partial,,,,,Premier League 26/27,premier-league-26-27,Premier League - Relegation,142427177
2026-07-25,smarkets,premier_league,relegation,Manchester City,0.07615,0.07615,False,,,0.0,20,17,0.069,0.0833,0.0143,mid,partial,,,,,Premier League 26/27,premier-league-26-27,Premier League - Relegation,142427177
2026-07-25,smarkets,premier_league,relegation,Manchester United,0.03385,0.03385,False,,,0.0,20,17,0.001,0.0667,0.0657,mid,partial,,,,,Premier League 26/27,premier-league-26-27,Premier League - Relegation,142427177
2026-07-25,smarkets,premier_league,relegation,Newcastle United,,,False,,,0.0,20,17,,,,empty,partial,,,,,Premier League 26/27,premier-league-26-27,Premier League - Relegation,142427177
2026-07-25,smarkets,premier_league,relegation,Nottingham Forest,0.0505,0.0505,False,,,0.0,20,17,0.001,0.1,0.099,mid,partial,,,,,Premier League 26/27,premier-league-26-27,Premier League - Relegation,142427177
2026-07-25,smarkets,premier_league,relegation,Sunderland AFC,0.20415,0.20415,False,,,0.0,20,17,0.2,0.2083,0.0083,mid,partial,,,,,Premier League 26/27,premier-league-26-27,Premier League - Relegation,142427177
2026-07-25,smarkets,premier_league,relegation,Tottenham Hotspur,0.0243,0.0243,False,,,0.0,20,17,0.0208,0.0278,0.007,mid,partial,,,,,Premier League 26/27,premier-league-26-27,Premier League - Relegation,142427177
2026-07-25,smarkets,la_liga,champion,Athletic Bilbao,0.00775,0.007461968033891778,True,1.0386,1.0386,0.8,20,20,0.0001,0.0154,0.0153,mid,two_sided,,,,,LaLiga 26/27,laliga-26-27,LaLiga - Winner,142497917
2026-07-25,smarkets,la_liga,champion,Atletico Madrid,0.0484,0.04660119391488542,True,1.0386,1.0386,0.8,20,20,0.0278,0.069,0.0412,mid,two_sided,,,,,LaLiga 26/27,laliga-26-27,LaLiga - Winner,142497917
2026-07-25,smarkets,la_liga,champion,CA Osasuna,0.00205,0.0019738108992875024,True,1.0386,1.0386,0.8,20,20,0.0001,0.004,0.0039,mid,two_sided,,,,,LaLiga 26/27,laliga-26-27,LaLiga - Winner,142497917
2026-07-25,smarkets,la_liga,champion,Deportivo Alaves,0.00105,0.0010109763142692085,True,1.0386,1.0386,0.8,20,20,0.0001,0.002,0.0019,mid,two_sided,,,,,LaLiga 26/27,laliga-26-27,LaLiga - Winner,142497917
2026-07-25,smarkets,la_liga,champion,Elche CF,0.00105,0.0010109763142692085,True,1.0386,1.0386,0.8,20,20,0.0001,0.002,0.0019,mid,two_sided,,,,,LaLiga 26/27,laliga-26-27,LaLiga - Winner,142497917
2026-07-25,smarkets,la_liga,champion,Espanyol Barcelona,0.00105,0.0010109763142692085,True,1.0386,1.0386,0.8,20,20,0.0001,0.002,0.0019,mid,two_sided,,,,,LaLiga 26/27,laliga-26-27,LaLiga - Winner,142497917
2026-07-25,smarkets,la_liga,champion,FC Barcelona,0.5305,0.5107837473522049,True,1.0386,1.0386,0.8,20,20,0.4762,0.5848,0.1086,mid,two_sided,,,,,LaLiga 26/27,laliga-26-27,LaLiga - Winner,142497917
2026-07-25,smarkets,la_liga,champion,Getafe CF,0.00205,0.0019738108992875024,True,1.0386,1.0386,0.8,20,20,0.0001,0.004,0.0039,mid,two_sided,,,,,LaLiga 26/27,laliga-26-27,LaLiga - Winner,142497917
2026-07-25,smarkets,la_liga,champion,Levante UD,0.00105,0.0010109763142692085,True,1.0386,1.0386,0.8,20,20,0.0001,0.002,0.0019,mid,two_sided,,,,,LaLiga 26/27,laliga-26-27,LaLiga - Winner,142497917
2026-07-25,smarkets,la_liga,champion,Malaga CF,0.00105,0.0010109763142692085,True,1.0386,1.0386,0.8,20,20,0.0001,0.002,0.0019,mid,two_sided,,,,,LaLiga 26/27,laliga-26-27,LaLiga - Winner,142497917
2026-07-25,smarkets,la_liga,champion,Racing Santander,0.00105,0.0010109763142692085,True,1.0386,1.0386,0.8,20,20,0.0001,0.002,0.0019,mid,two_sided,,,,,LaLiga 26/27,laliga-26-27,LaLiga - Winner,142497917
2026-07-25,smarkets,la_liga,champion,Rayo Vallecano,0.0034,0.003273637589062199,True,1.0386,1.0386,0.8,20,20,0.0001,0.0067,0.0066,mid,two_sided,,,,,LaLiga 26/27,laliga-26-27,LaLiga - Winner,142497917
2026-07-25,smarkets,la_liga,champion,RC Celta de Vigo,0.0034,0.003273637589062199,True,1.0386,1.0386,0.8,20,20,0.0001,0.0067,0.0066,mid,two_sided,,,,,LaLiga 26/27,laliga-26-27,LaLiga - Winner,142497917
2026-07-25,smarkets,la_liga,champion,RC Deportivo De La Coruna,0.00105,0.0010109763142692085,True,1.0386,1.0386,0.8,20,20,0.0001,0.002,0.0019,mid,two_sided,,,,,LaLiga 26/27,laliga-26-27,LaLiga - Winner,142497917
2026-07-25,smarkets,la_liga,champion,Real Betis Seville,0.01005,0.009676487579433854,True,1.0386,1.0386,0.8,20,20,0.0001,0.02,0.0199,mid,two_sided,,,,,LaLiga 26/27,laliga-26-27,LaLiga - Winner,142497917
2026-07-25,smarkets,la_liga,champion,Real Madrid,0.4054,0.39033314076641634,True,1.0386,1.0386,0.8,20,20,0.3521,0.4587,0.1066,mid,two_sided,,,,,LaLiga 26/27,laliga-26-27,LaLiga - Winner,142497917
2026-07-25,smarkets,la_liga,champion,Real Sociedad San Sebastian,0.00505,0.004862314654342384,True,1.0386,1.0386,0.8,20,20,0.0001,0.01,0.0099,mid,two_sided,,,,,LaLiga 26/27,laliga-26-27,LaLiga - Winner,142497917
2026-07-25,smarkets,la_liga,champion,Sevilla FC,0.00205,0.0019738108992875024,True,1.0386,1.0386,0.8,20,20,0.0001,0.004,0.0039,mid,two_sided,,,,,LaLiga 26/27,laliga-26-27,LaLiga - Winner,142497917
2026-07-25,smarkets,la_liga,champion,Valencia CF,0.0034,0.003273637589062199,True,1.0386,1.0386,0.8,20,20,0.0001,0.0067,0.0066,mid,two_sided,,,,,LaLiga 26/27,laliga-26-27,LaLiga - Winner,142497917
2026-07-25,smarkets,la_liga,champion,Villarreal CF,0.00775,0.007461968033891778,True,1.0386,1.0386,0.8,20,20,0.0001,0.0154,0.0153,mid,two_sided,,,,,LaLiga 26/27,laliga-26-27,LaLiga - Winner,142497917
2026-07-25,smarkets,la_liga,top4,Athletic Bilbao,,,False,,,,20,0,,0.2532,,ask_only,partial,,,,,LaLiga 26/27,laliga-26-27,LaLiga - Top 4,149337141
2026-07-25,smarkets,la_liga,top4,Atletico Madrid,,,False,,,,20,0,,0.8,,ask_only,partial,,,,,LaLiga 26/27,laliga-26-27,LaLiga - Top 4,149337141
2026-07-25,smarkets,la_liga,top4,CA Osasuna,,,False,,,,20,0,,0.0667,,ask_only,partial,,,,,LaLiga 26/27,laliga-26-27,LaLiga - Top 4,149337141
2026-07-25,smarkets,la_liga,top4,Deportivo Alaves,,,False,,,,20,0,,0.05,,ask_only,partial,,,,,LaLiga 26/27,laliga-26-27,LaLiga - Top 4,149337141
2026-07-25,smarkets,la_liga,top4,Elche CF,,,False,,,,20,0,,0.0385,,ask_only,partial,,,,,LaLiga 26/27,laliga-26-27,LaLiga - Top 4,149337141
2026-07-25,smarkets,la_liga,top4,Espanyol Barcelona,,,False,,,,20,0,,0.0606,,ask_only,partial,,,,,LaLiga 26/27,laliga-26-27,LaLiga - Top 4,149337141
2026-07-25,smarkets,la_liga,top4,FC Barcelona,,,False,,,,20,0,,0.9804,,ask_only,partial,,,,,LaLiga 26/27,laliga-26-27,LaLiga - Top 4,149337141
2026-07-25,smarkets,la_liga,top4,Getafe CF,,,False,,,,20,0,,0.0667,,ask_only,partial,,,,,LaLiga 26/27,laliga-26-27,LaLiga - Top 4,149337141
2026-07-25,smarkets,la_liga,top4,Levante UD,,,False,,,,20,0,,0.0385,,ask_only,partial,,,,,LaLiga 26/27,laliga-26-27,LaLiga - Top 4,149337141
2026-07-25,smarkets,la_liga,top4,Malaga CF,,,False,,,,20,0,,0.0294,,ask_only,partial,,,,,LaLiga 26/27,laliga-26-27,LaLiga - Top 4,149337141
2026-07-25,smarkets,la_liga,top4,Racing Santander,,,False,,,,20,0,,0.0294,,ask_only,partial,,,,,LaLiga 26/27,laliga-26-27,LaLiga - Top 4,149337141
2026-07-25,smarkets,la_liga,top4,Rayo Vallecano,,,False,,,,20,0,,0.0952,,ask_only,partial,,,,,LaLiga 26/27,laliga-26-27,LaLiga - Top 4,149337141
2026-07-25,smarkets,la_liga,top4,RC Celta de Vigo,,,False,,,,20,0,,0.0952,,ask_only,partial,,,,,LaLiga 26/27,laliga-26-27,LaLiga - Top 4,149337141
2026-07-25,smarkets,la_liga,top4,RC Deportivo De La Coruna,,,False,,,,20,0,,0.0385,,ask_only,partial,,,,,LaLiga 26/27,laliga-26-27,LaLiga - Top 4,149337141
2026-07-25,smarkets,la_liga,top4,Real Betis Seville,,,False,,,,20,0,,0.2703,,ask_only,partial,,,,,LaLiga 26/27,laliga-26-27,LaLiga - Top 4,149337141
2026-07-25,smarkets,la_liga,top4,Real Madrid,,,False,,,,20,0,,0.9709,,ask_only,partial,,,,,LaLiga 26/27,laliga-26-27,LaLiga - Top 4,149337141
2026-07-25,smarkets,la_liga,top4,Real Sociedad San Sebastian,,,False,,,,20,0,,0.1471,,ask_only,partial,,,,,LaLiga 26/27,laliga-26-27,LaLiga - Top 4,149337141
2026-07-25,smarkets,la_liga,top4,Sevilla FC,,,False,,,,20,0,,0.0667,,ask_only,partial,,,,,LaLiga 26/27,laliga-26-27,LaLiga - Top 4,149337141
2026-07-25,smarkets,la_liga,top4,Valencia CF,,,False,,,,20,0,,0.102,,ask_only,partial,,,,,LaLiga 26/27,laliga-26-27,LaLiga - Top 4,149337141
2026-07-25,smarkets,la_liga,top4,Villarreal CF,,,False,,,,20,0,,0.2532,,ask_only,partial,,,,,LaLiga 26/27,laliga-26-27,LaLiga - Top 4,149337141
2026-07-25,smarkets,ligue_1,champion,AJ Auxerre,0.00105,0.0010247401551749377,True,1.0247,1.0247,0.667,18,18,0.0001,0.002,0.0019,mid,two_sided,,,,,Ligue 1 26/27,ligue-1-26-27,Ligue 1 - Winner,144833349
2026-07-25,smarkets,ligue_1,champion,Angers SCO,0.00105,0.0010247401551749377,True,1.0247,1.0247,0.667,18,18,0.0001,0.002,0.0019,mid,two_sided,,,,,Ligue 1 26/27,ligue-1-26-27,Ligue 1 - Winner,144833349
2026-07-25,smarkets,ligue_1,champion,AS Monaco,0.0422,0.04118479480798321,True,1.0247,1.0247,0.667,18,18,0.0238,0.0606,0.0368,mid,two_sided,,,,,Ligue 1 26/27,ligue-1-26-27,Ligue 1 - Winner,144833349
2026-07-25,smarkets,ligue_1,champion,ESTAC Troyes,0.00105,0.0010247401551749377,True,1.0247,1.0247,0.667,18,18,0.0001,0.002,0.0019,mid,two_sided,,,,,Ligue 1 26/27,ligue-1-26-27,Ligue 1 - Winner,144833349
2026-07-25,smarkets,ligue_1,champion,FC Lorient,0.0017,0.0016591031083784706,True,1.0247,1.0247,0.667,18,18,0.0001,0.0033,0.0032,mid,two_sided,,,,,Ligue 1 26/27,ligue-1-26-27,Ligue 1 - Winner,144833349
2026-07-25,smarkets,ligue_1,champion,Le Havre AC,0.00105,0.0010247401551749377,True,1.0247,1.0247,0.667,18,18,0.0001,0.002,0.0019,mid,two_sided,,,,,Ligue 1 26/27,ligue-1-26-27,Ligue 1 - Winner,144833349
2026-07-25,smarkets,ligue_1,champion,Le Mans FC,0.00105,0.0010247401551749377,True,1.0247,1.0247,0.667,18,18,0.0001,0.002,0.0019,mid,two_sided,,,,,Ligue 1 26/27,ligue-1-26-27,Ligue 1 - Winner,144833349
2026-07-25,smarkets,ligue_1,champion,Lille OSC,0.0327,0.03191333626116235,True,1.0247,1.0247,0.667,18,18,0.0154,0.05,0.0346,mid,two_sided,,,,,Ligue 1 26/27,ligue-1-26-27,Ligue 1 - Winner,144833349
2026-07-25,smarkets,ligue_1,champion,OGC Nice,0.0034,0.003318206216756941,True,1.0247,1.0247,0.667,18,18,0.0001,0.0067,0.0066,mid,two_sided,,,,,Ligue 1 26/27,ligue-1-26-27,Ligue 1 - Winner,144833349
2026-07-25,smarkets,ligue_1,champion,Olympique Lyon,0.02865,0.02796076709120187,True,1.0247,1.0247,0.667,18,18,0.0118,0.0455,0.0337,mid,two_sided,,,,,Ligue 1 26/27,ligue-1-26-27,Ligue 1 - Winner,144833349
2026-07-25,smarkets,ligue_1,champion,Olympique Marseille,0.0714,0.06968233055189577,True,1.0247,1.0247,0.667,18,18,0.0476,0.0952,0.0476,mid,two_sided,,,,,Ligue 1 26/27,ligue-1-26-27,Ligue 1 - Winner,144833349
2026-07-25,smarkets,ligue_1,champion,Paris FC,0.0017,0.0016591031083784706,True,1.0247,1.0247,0.667,18,18,0.0001,0.0033,0.0032,mid,two_sided,,,,,Ligue 1 26/27,ligue-1-26-27,Ligue 1 - Winner,144833349
2026-07-25,smarkets,ligue_1,champion,Paris Saint-Germain,0.78445,0.7655784902161713,True,1.0247,1.0247,0.667,18,18,0.6993,0.8696,0.1703,mid,two_sided,,,,,Ligue 1 26/27,ligue-1-26-27,Ligue 1 - Winner,144833349
2026-07-25,smarkets,ligue_1,champion,Racing Club De Lens,0.03615,0.035280339628165715,True,1.0247,1.0247,0.667,18,18,0.0182,0.0541,0.0359,mid,two_sided,,,,,Ligue 1 26/27,ligue-1-26-27,Ligue 1 - Winner,144833349
2026-07-25,smarkets,ligue_1,champion,Stade Brest 29,0.0017,0.0016591031083784706,True,1.0247,1.0247,0.667,18,18,0.0001,0.0033,0.0032,mid,two_sided,,,,,Ligue 1 26/27,ligue-1-26-27,Ligue 1 - Winner,144833349
2026-07-25,smarkets,ligue_1,champion,Stade Rennais FC,0.00775,0.0075635582881959686,True,1.0247,1.0247,0.667,18,18,0.0001,0.0154,0.0153,mid,two_sided,,,,,Ligue 1 26/27,ligue-1-26-27,Ligue 1 - Winner,144833349
2026-07-25,smarkets,ligue_1,champion,Strasbourg Alsace,0.00505,0.004928512174888986,True,1.0247,1.0247,0.667,18,18,0.0001,0.01,0.0099,mid,two_sided,,,,,Ligue 1 26/27,ligue-1-26-27,Ligue 1 - Winner,144833349
2026-07-25,smarkets,ligue_1,champion,Toulouse FC,0.00255,0.002488654662567706,True,1.0247,1.0247,0.667,18,18,0.0001,0.005,0.0049,mid,two_sided,,,,,Ligue 1 26/27,ligue-1-26-27,Ligue 1 - Winner,144833349
2026-07-25,smarkets,ligue_1,top3,AJ Auxerre,,,False,,,,18,0,,0.01,,ask_only,partial,,,,,Ligue 1 26/27,ligue-1-26-27,Ligue 1 - Top 3,152773933
2026-07-25,smarkets,ligue_1,top3,Angers SCO,,,False,,,,18,0,,0.004,,ask_only,partial,,,,,Ligue 1 26/27,ligue-1-26-27,Ligue 1 - Top 3,152773933
2026-07-25,smarkets,ligue_1,top3,AS Monaco,,,False,,,,18,0,,0.3846,,ask_only,partial,,,,,Ligue 1 26/27,ligue-1-26-27,Ligue 1 - Top 3,152773933
2026-07-25,smarkets,ligue_1,top3,ESTAC Troyes,,,False,,,,18,0,,0.004,,ask_only,partial,,,,,Ligue 1 26/27,ligue-1-26-27,Ligue 1 - Top 3,152773933
2026-07-25,smarkets,ligue_1,top3,FC Lorient,,,False,,,,18,0,,0.0154,,ask_only,partial,,,,,Ligue 1 26/27,ligue-1-26-27,Ligue 1 - Top 3,152773933
2026-07-25,smarkets,ligue_1,top3,Le Havre AC,,,False,,,,18,0,,0.0083,,ask_only,partial,,,,,Ligue 1 26/27,ligue-1-26-27,Ligue 1 - Top 3,152773933
2026-07-25,smarkets,ligue_1,top3,Le Mans FC,,,False,,,,18,0,,0.004,,ask_only,partial,,,,,Ligue 1 26/27,ligue-1-26-27,Ligue 1 - Top 3,152773933
2026-07-25,smarkets,ligue_1,top3,Lille OSC,,,False,,,,18,0,,0.3333,,ask_only,partial,,,,,Ligue 1 26/27,ligue-1-26-27,Ligue 1 - Top 3,152773933
2026-07-25,smarkets,ligue_1,top3,OGC Nice,,,False,,,,18,0,,0.0588,,ask_only,partial,,,,,Ligue 1 26/27,ligue-1-26-27,Ligue 1 - Top 3,152773933
2026-07-25,smarkets,ligue_1,top3,Olympique Lyon,,,False,,,,18,0,,0.2778,,ask_only,partial,,,,,Ligue 1 26/27,ligue-1-26-27,Ligue 1 - Top 3,152773933
2026-07-25,smarkets,ligue_1,top3,Olympique Marseille,,,False,,,,18,0,,0.5,,ask_only,partial,,,,,Ligue 1 26/27,ligue-1-26-27,Ligue 1 - Top 3,152773933
2026-07-25,smarkets,ligue_1,top3,Paris FC,,,False,,,,18,0,,0.0154,,ask_only,partial,,,,,Ligue 1 26/27,ligue-1-26-27,Ligue 1 - Top 3,152773933
2026-07-25,smarkets,ligue_1,top3,Paris Saint-Germain,,,False,,,,18,0,,0.9999,,ask_only,partial,,,,,Ligue 1 26/27,ligue-1-26-27,Ligue 1 - Top 3,152773933
2026-07-25,smarkets,ligue_1,top3,Racing Club De Lens,,,False,,,,18,0,,0.3817,,ask_only,partial,,,,,Ligue 1 26/27,ligue-1-26-27,Ligue 1 - Top 3,152773933
2026-07-25,smarkets,ligue_1,top3,Stade Brest 29,,,False,,,,18,0,,0.0294,,ask_only,partial,,,,,Ligue 1 26/27,ligue-1-26-27,Ligue 1 - Top 3,152773933
2026-07-25,smarkets,ligue_1,top3,Stade Rennais FC,,,False,,,,18,0,,0.1667,,ask_only,partial,,,,,Ligue 1 26/27,ligue-1-26-27,Ligue 1 - Top 3,152773933
2026-07-25,smarkets,ligue_1,top3,Strasbourg Alsace,,,False,,,,18,0,,0.0667,,ask_only,partial,,,,,Ligue 1 26/27,ligue-1-26-27,Ligue 1 - Top 3,152773933
2026-07-25,smarkets,ligue_1,top3,Toulouse FC,,,False,,,,18,0,,0.0476,,ask_only,partial,,,,,Ligue 1 26/27,ligue-1-26-27,Ligue 1 - Top 3,152773933
2026-07-25,smarkets,serie_a,champion,ACF Fiorentina,0.0034,0.0033425088478175376,True,1.0172,1.0172,0.65,20,20,0.0001,0.0067,0.0066,mid,two_sided,,,,,Serie A 26/27,serie-a-26-27,Serie A - Winner,144839330
2026-07-25,smarkets,serie_a,champion,AC Milan,0.1302,0.12799842705465986,True,1.0172,1.0172,0.65,20,20,0.1042,0.1562,0.052,mid,two_sided,,,,,Serie A 26/27,serie-a-26-27,Serie A - Winner,144839330
2026-07-25,smarkets,serie_a,champion,AC Monza,0.00055,0.0005406999606763664,True,1.0172,1.0172,0.65,20,20,0.0001,0.001,0.0009,mid,two_sided,,,,,Serie A 26/27,serie-a-26-27,Serie A - Winner,144839330
2026-07-25,smarkets,serie_a,champion,AS Roma,0.0804,0.07904050334250884,True,1.0172,1.0172,0.65,20,20,0.0588,0.102,0.0432,mid,two_sided,,,,,Serie A 26/27,serie-a-26-27,Serie A - Winner,144839330
2026-07-25,smarkets,serie_a,champion,Atalanta BC,0.01785,0.017548171451042077,True,1.0172,1.0172,0.65,20,20,0.0045,0.0312,0.0267,mid,two_sided,,,,,Serie A 26/27,serie-a-26-27,Serie A - Winner,144839330
2026-07-25,smarkets,serie_a,champion,Bologna FC,0.00505,0.004964608729846637,True,1.0172,1.0172,0.65,20,20,0.0001,0.01,0.0099,mid,two_sided,,,,,Serie A 26/27,serie-a-26-27,Serie A - Winner,144839330
2026-07-25,smarkets,serie_a,champion,Cagliari Calcio,0.00105,0.0010322453794730632,True,1.0172,1.0172,0.65,20,20,0.0001,0.002,0.0019,mid,two_sided,,,,,Serie A 26/27,serie-a-26-27,Serie A - Winner,144839330
2026-07-25,smarkets,serie_a,champion,Como 1907,0.01785,0.017548171451042077,True,1.0172,1.0172,0.65,20,20,0.0045,0.0312,0.0267,mid,two_sided,,,,,Serie A 26/27,serie-a-26-27,Serie A - Winner,144839330
2026-07-25,smarkets,serie_a,champion,Frosinone Calcio,0.00055,0.0005406999606763664,True,1.0172,1.0172,0.65,20,20,0.0001,0.001,0.0009,mid,two_sided,,,,,Serie A 26/27,serie-a-26-27,Serie A - Winner,144839330
2026-07-25,smarkets,serie_a,champion,Genoa CFC,0.00105,0.0010322453794730632,True,1.0172,1.0172,0.65,20,20,0.0001,0.002,0.0019,mid,two_sided,,,,,Serie A 26/27,serie-a-26-27,Serie A - Winner,144839330
2026-07-25,smarkets,serie_a,champion,Inter Milano,0.4481,0.44052300432559965,True,1.0172,1.0172,0.65,20,20,0.3937,0.5025,0.1088,mid,two_sided,,,,,Serie A 26/27,serie-a-26-27,Serie A - Winner,144839330
2026-07-25,smarkets,serie_a,champion,Juventus Turin,0.14155,0.13915650806134486,True,1.0172,1.0172,0.65,20,20,0.1136,0.1695,0.0559,mid,two_sided,,,,,Serie A 26/27,serie-a-26-27,Serie A - Winner,144839330
2026-07-25,smarkets,serie_a,champion,Lazio Rome,0.0063,0.00619347227683838,True,1.0172,1.0172,0.65,20,20,0.0001,0.0125,0.0124,mid,two_sided,,,,,Serie A 26/27,serie-a-26-27,Serie A - Winner,144839330
2026-07-25,smarkets,serie_a,champion,Parma Calcio,0.00105,0.0010322453794730632,True,1.0172,1.0172,0.65,20,20,0.0001,0.002,0.0019,mid,two_sided,,,,,Serie A 26/27,serie-a-26-27,Serie A - Winner,144839330
2026-07-25,smarkets,serie_a,champion,Sassuolo Calcio,0.00105,0.0010322453794730632,True,1.0172,1.0172,0.65,20,20,0.0001,0.002,0.0019,mid,two_sided,,,,,Serie A 26/27,serie-a-26-27,Serie A - Winner,144839330
2026-07-25,smarkets,serie_a,champion,SSC Napoli,0.1567,0.15405033425088477,True,1.0172,1.0172,0.65,20,20,0.1282,0.1852,0.057,mid,two_sided,,,,,Serie A 26/27,serie-a-26-27,Serie A - Winner,144839330
2026-07-25,smarkets,serie_a,champion,Torino FC,0.0017,0.0016712544239087688,True,1.0172,1.0172,0.65,20,20,0.0001,0.0033,0.0032,mid,two_sided,,,,,Serie A 26/27,serie-a-26-27,Serie A - Winner,144839330
2026-07-25,smarkets,serie_a,champion,Udinese Calcio,0.0017,0.0016712544239087688,True,1.0172,1.0172,0.65,20,20,0.0001,0.0033,0.0032,mid,two_sided,,,,,Serie A 26/27,serie-a-26-27,Serie A - Winner,144839330
2026-07-25,smarkets,serie_a,champion,US Lecce,0.00055,0.0005406999606763664,True,1.0172,1.0172,0.65,20,20,0.0001,0.001,0.0009,mid,two_sided,,,,,Serie A 26/27,serie-a-26-27,Serie A - Winner,144839330
2026-07-25,smarkets,serie_a,champion,Venezia FC,0.00055,0.0005406999606763664,True,1.0172,1.0172,0.65,20,20,0.0001,0.001,0.0009,mid,two_sided,,,,,Serie A 26/27,serie-a-26-27,Serie A - Winner,144839330
