campionato,paese,stagione,giornata,data,giorno,ora_italiana,ora_locale,squadra_casa,squadra_trasferta,data_ora_provvisoria,casa_nome_ufficiale,trasferta_nome_ufficiale,kickoff_utc
La Liga,Spagna,2026-27,1,2026-08-16,Domenica,17:00,17:00,Alavés,Getafe,sì,Deportivo Alavés,Getafe CF,2026-08-16T15:00Z
La Liga,Spagna,2026-27,1,2026-08-16,Domenica,17:00,17:00,Atlético Madrid,Málaga,sì,Club Atlético de Madrid,Málaga CF,2026-08-16T15:00Z
La Liga,Spagna,2026-27,1,2026-08-16,Domenica,17:00,17:00,Barcellona,Athletic Bilbao,sì,FC Barcelona,Athletic Club,2026-08-16T15:00Z
La Liga,Spagna,2026-27,1,2026-08-16,Domenica,17:00,17:00,Celta Vigo,Osasuna,sì,RC Celta de Vigo,CA Osasuna,2026-08-16T15:00Z
La Liga,Spagna,2026-27,1,2026-08-16,Domenica,17:00,17:00,Deportivo La Coruña,Elche,sì,RC Deportivo La Coruña,Elche CF,2026-08-16T15:00Z
La Liga,Spagna,2026-27,1,2026-08-16,Domenica,17:00,17:00,Espanyol,Levante,sì,RCD Espanyol de Barcelona,Levante UD,2026-08-16T15:00Z
La Liga,Spagna,2026-27,1,2026-08-16,Domenica,17:00,17:00,Racing Santander,Villarreal,sì,Real Racing Club de Santander,Villarreal CF,2026-08-16T15:00Z
La Liga,Spagna,2026-27,1,2026-08-16,Domenica,17:00,17:00,Real Madrid,Real Sociedad,sì,Real Madrid CF,Real Sociedad de Fútbol,2026-08-16T15:00Z
La Liga,Spagna,2026-27,1,2026-08-16,Domenica,17:00,17:00,Siviglia,Rayo Vallecano,sì,Sevilla FC,Rayo Vallecano de Madrid,2026-08-16T15:00Z
La Liga,Spagna,2026-27,1,2026-08-16,Domenica,17:00,17:00,Valencia,Betis,sì,Valencia CF,Real Betis Balompié,2026-08-16T15:00Z
La Liga,Spagna,2026-27,2,2026-08-23,Domenica,17:00,17:00,Athletic Bilbao,Siviglia,sì,Athletic Club,Sevilla FC,2026-08-23T15:00Z
La Liga,Spagna,2026-27,2,2026-08-23,Domenica,17:00,17:00,Atlético Madrid,Villarreal,sì,Club Atlético de Madrid,Villarreal CF,2026-08-23T15:00Z
La Liga,Spagna,2026-27,2,2026-08-23,Domenica,17:00,17:00,Betis,Real Sociedad,sì,Real Betis Balompié,Real Sociedad de Fútbol,2026-08-23T15:00Z
La Liga,Spagna,2026-27,2,2026-08-23,Domenica,17:00,17:00,Elche,Barcellona,sì,Elche CF,FC Barcelona,2026-08-23T15:00Z
La Liga,Spagna,2026-27,2,2026-08-23,Domenica,17:00,17:00,Espanyol,Real Madrid,sì,RCD Espanyol de Barcelona,Real Madrid CF,2026-08-23T15:00Z
La Liga,Spagna,2026-27,2,2026-08-23,Domenica,17:00,17:00,Getafe,Racing Santander,sì,Getafe CF,Real Racing Club de Santander,2026-08-23T15:00Z
La Liga,Spagna,2026-27,2,2026-08-23,Domenica,17:00,17:00,Málaga,Deportivo La Coruña,sì,Málaga CF,RC Deportivo La Coruña,2026-08-23T15:00Z
La Liga,Spagna,2026-27,2,2026-08-23,Domenica,17:00,17:00,Osasuna,Levante,sì,CA Osasuna,Levante UD,2026-08-23T15:00Z
La Liga,Spagna,2026-27,2,2026-08-23,Domenica,17:00,17:00,Rayo Vallecano,Alavés,sì,Rayo Vallecano de Madrid,Deportivo Alavés,2026-08-23T15:00Z
La Liga,Spagna,2026-27,2,2026-08-23,Domenica,17:00,17:00,Valencia,Celta Vigo,sì,Valencia CF,RC Celta de Vigo,2026-08-23T15:00Z
La Liga,Spagna,2026-27,3,2026-08-30,Domenica,17:00,17:00,Alavés,Villarreal,sì,Deportivo Alavés,Villarreal CF,2026-08-30T15:00Z
La Liga,Spagna,2026-27,3,2026-08-30,Domenica,17:00,17:00,Barcellona,Rayo Vallecano,sì,FC Barcelona,Rayo Vallecano de Madrid,2026-08-30T15:00Z
La Liga,Spagna,2026-27,3,2026-08-30,Domenica,17:00,17:00,Celta Vigo,Athletic Bilbao,sì,RC Celta de Vigo,Athletic Club,2026-08-30T15:00Z
La Liga,Spagna,2026-27,3,2026-08-30,Domenica,17:00,17:00,Deportivo La Coruña,Valencia,sì,RC Deportivo La Coruña,Valencia CF,2026-08-30T15:00Z
La Liga,Spagna,2026-27,3,2026-08-30,Domenica,17:00,17:00,Levante,Betis,sì,Levante UD,Real Betis Balompié,2026-08-30T15:00Z
La Liga,Spagna,2026-27,3,2026-08-30,Domenica,17:00,17:00,Osasuna,Getafe,sì,CA Osasuna,Getafe CF,2026-08-30T15:00Z
La Liga,Spagna,2026-27,3,2026-08-30,Domenica,17:00,17:00,Racing Santander,Elche,sì,Real Racing Club de Santander,Elche CF,2026-08-30T15:00Z
La Liga,Spagna,2026-27,3,2026-08-30,Domenica,17:00,17:00,Real Madrid,Málaga,sì,Real Madrid CF,Málaga CF,2026-08-30T15:00Z
La Liga,Spagna,2026-27,3,2026-08-30,Domenica,17:00,17:00,Real Sociedad,Espanyol,sì,Real Sociedad de Fútbol,RCD Espanyol de Barcelona,2026-08-30T15:00Z
La Liga,Spagna,2026-27,3,2026-08-30,Domenica,17:00,17:00,Siviglia,Atlético Madrid,sì,Sevilla FC,Club Atlético de Madrid,2026-08-30T15:00Z
La Liga,Spagna,2026-27,4,2026-09-06,Domenica,17:00,17:00,Alavés,Osasuna,sì,Deportivo Alavés,CA Osasuna,2026-09-06T15:00Z
La Liga,Spagna,2026-27,4,2026-09-06,Domenica,17:00,17:00,Athletic Bilbao,Atlético Madrid,sì,Athletic Club,Club Atlético de Madrid,2026-09-06T15:00Z
La Liga,Spagna,2026-27,4,2026-09-06,Domenica,17:00,17:00,Betis,Real Madrid,sì,Real Betis Balompié,Real Madrid CF,2026-09-06T15:00Z
La Liga,Spagna,2026-27,4,2026-09-06,Domenica,17:00,17:00,Elche,Real Sociedad,sì,Elche CF,Real Sociedad de Fútbol,2026-09-06T15:00Z
La Liga,Spagna,2026-27,4,2026-09-06,Domenica,17:00,17:00,Espanyol,Siviglia,sì,RCD Espanyol de Barcelona,Sevilla FC,2026-09-06T15:00Z
La Liga,Spagna,2026-27,4,2026-09-06,Domenica,17:00,17:00,Getafe,Celta Vigo,sì,Getafe CF,RC Celta de Vigo,2026-09-06T15:00Z
La Liga,Spagna,2026-27,4,2026-09-06,Domenica,17:00,17:00,Málaga,Levante,sì,Málaga CF,Levante UD,2026-09-06T15:00Z
La Liga,Spagna,2026-27,4,2026-09-06,Domenica,17:00,17:00,Rayo Vallecano,Racing Santander,sì,Rayo Vallecano de Madrid,Real Racing Club de Santander,2026-09-06T15:00Z
La Liga,Spagna,2026-27,4,2026-09-06,Domenica,17:00,17:00,Valencia,Barcellona,sì,Valencia CF,FC Barcelona,2026-09-06T15:00Z
La Liga,Spagna,2026-27,4,2026-09-06,Domenica,17:00,17:00,Villarreal,Deportivo La Coruña,sì,Villarreal CF,RC Deportivo La Coruña,2026-09-06T15:00Z
La Liga,Spagna,2026-27,5,2026-09-13,Domenica,17:00,17:00,Athletic Bilbao,Elche,sì,Athletic Club,Elche CF,2026-09-13T15:00Z
La Liga,Spagna,2026-27,5,2026-09-13,Domenica,17:00,17:00,Celta Vigo,Málaga,sì,RC Celta de Vigo,Málaga CF,2026-09-13T15:00Z
La Liga,Spagna,2026-27,5,2026-09-13,Domenica,17:00,17:00,Getafe,Deportivo La Coruña,sì,Getafe CF,RC Deportivo La Coruña,2026-09-13T15:00Z
La Liga,Spagna,2026-27,5,2026-09-13,Domenica,17:00,17:00,Levante,Barcellona,sì,Levante UD,FC Barcelona,2026-09-13T15:00Z
La Liga,Spagna,2026-27,5,2026-09-13,Domenica,17:00,17:00,Osasuna,Espanyol,sì,CA Osasuna,RCD Espanyol de Barcelona,2026-09-13T15:00Z
La Liga,Spagna,2026-27,5,2026-09-13,Domenica,17:00,17:00,Racing Santander,Alavés,sì,Real Racing Club de Santander,Deportivo Alavés,2026-09-13T15:00Z
La Liga,Spagna,2026-27,5,2026-09-13,Domenica,17:00,17:00,Real Madrid,Rayo Vallecano,sì,Real Madrid CF,Rayo Vallecano de Madrid,2026-09-13T15:00Z
La Liga,Spagna,2026-27,5,2026-09-13,Domenica,17:00,17:00,Real Sociedad,Atlético Madrid,sì,Real Sociedad de Fútbol,Club Atlético de Madrid,2026-09-13T15:00Z
La Liga,Spagna,2026-27,5,2026-09-13,Domenica,17:00,17:00,Siviglia,Valencia,sì,Sevilla FC,Valencia CF,2026-09-13T15:00Z
La Liga,Spagna,2026-27,5,2026-09-13,Domenica,17:00,17:00,Villarreal,Betis,sì,Villarreal CF,Real Betis Balompié,2026-09-13T15:00Z
La Liga,Spagna,2026-27,6,2026-09-16,Mercoledì,17:00,17:00,Alavés,Valencia,sì,Deportivo Alavés,Valencia CF,2026-09-16T15:00Z
La Liga,Spagna,2026-27,6,2026-09-16,Mercoledì,17:00,17:00,Atlético Madrid,Osasuna,sì,Club Atlético de Madrid,CA Osasuna,2026-09-16T15:00Z
La Liga,Spagna,2026-27,6,2026-09-16,Mercoledì,17:00,17:00,Barcellona,Racing Santander,sì,FC Barcelona,Real Racing Club de Santander,2026-09-16T15:00Z
La Liga,Spagna,2026-27,6,2026-09-16,Mercoledì,17:00,17:00,Betis,Getafe,sì,Real Betis Balompié,Getafe CF,2026-09-16T15:00Z
La Liga,Spagna,2026-27,6,2026-09-16,Mercoledì,17:00,17:00,Deportivo La Coruña,Siviglia,sì,RC Deportivo La Coruña,Sevilla FC,2026-09-16T15:00Z
La Liga,Spagna,2026-27,6,2026-09-16,Mercoledì,17:00,17:00,Elche,Real Madrid,sì,Elche CF,Real Madrid CF,2026-09-16T15:00Z
La Liga,Spagna,2026-27,6,2026-09-16,Mercoledì,17:00,17:00,Levante,Athletic Bilbao,sì,Levante UD,Athletic Club,2026-09-16T15:00Z
La Liga,Spagna,2026-27,6,2026-09-16,Mercoledì,17:00,17:00,Málaga,Villarreal,sì,Málaga CF,Villarreal CF,2026-09-16T15:00Z
La Liga,Spagna,2026-27,6,2026-09-16,Mercoledì,17:00,17:00,Rayo Vallecano,Espanyol,sì,Rayo Vallecano de Madrid,RCD Espanyol de Barcelona,2026-09-16T15:00Z
La Liga,Spagna,2026-27,6,2026-09-16,Mercoledì,17:00,17:00,Real Sociedad,Celta Vigo,sì,Real Sociedad de Fútbol,RC Celta de Vigo,2026-09-16T15:00Z
La Liga,Spagna,2026-27,7,2026-09-20,Domenica,17:00,17:00,Athletic Bilbao,Alavés,sì,Athletic Club,Deportivo Alavés,2026-09-20T15:00Z
La Liga,Spagna,2026-27,7,2026-09-20,Domenica,17:00,17:00,Atlético Madrid,Real Madrid,sì,Club Atlético de Madrid,Real Madrid CF,2026-09-20T15:00Z
La Liga,Spagna,2026-27,7,2026-09-20,Domenica,17:00,17:00,Celta Vigo,Racing Santander,sì,RC Celta de Vigo,Real Racing Club de Santander,2026-09-20T15:00Z
La Liga,Spagna,2026-27,7,2026-09-20,Domenica,17:00,17:00,Deportivo La Coruña,Betis,sì,RC Deportivo La Coruña,Real Betis Balompié,2026-09-20T15:00Z
La Liga,Spagna,2026-27,7,2026-09-20,Domenica,17:00,17:00,Espanyol,Elche,sì,RCD Espanyol de Barcelona,Elche CF,2026-09-20T15:00Z
La Liga,Spagna,2026-27,7,2026-09-20,Domenica,17:00,17:00,Getafe,Málaga,sì,Getafe CF,Málaga CF,2026-09-20T15:00Z
La Liga,Spagna,2026-27,7,2026-09-20,Domenica,17:00,17:00,Osasuna,Rayo Vallecano,sì,CA Osasuna,Rayo Vallecano de Madrid,2026-09-20T15:00Z
La Liga,Spagna,2026-27,7,2026-09-20,Domenica,17:00,17:00,Siviglia,Barcellona,sì,Sevilla FC,FC Barcelona,2026-09-20T15:00Z
La Liga,Spagna,2026-27,7,2026-09-20,Domenica,17:00,17:00,Valencia,Real Sociedad,sì,Valencia CF,Real Sociedad de Fútbol,2026-09-20T15:00Z
La Liga,Spagna,2026-27,7,2026-09-20,Domenica,17:00,17:00,Villarreal,Levante,sì,Villarreal CF,Levante UD,2026-09-20T15:00Z
La Liga,Spagna,2026-27,8,2026-10-11,Domenica,17:00,17:00,Alavés,Atlético Madrid,sì,Deportivo Alavés,Club Atlético de Madrid,2026-10-11T15:00Z
La Liga,Spagna,2026-27,8,2026-10-11,Domenica,17:00,17:00,Barcellona,Getafe,sì,FC Barcelona,Getafe CF,2026-10-11T15:00Z
La Liga,Spagna,2026-27,8,2026-10-11,Domenica,17:00,17:00,Betis,Osasuna,sì,Real Betis Balompié,CA Osasuna,2026-10-11T15:00Z
La Liga,Spagna,2026-27,8,2026-10-11,Domenica,17:00,17:00,Elche,Celta Vigo,sì,Elche CF,RC Celta de Vigo,2026-10-11T15:00Z
La Liga,Spagna,2026-27,8,2026-10-11,Domenica,17:00,17:00,Levante,Siviglia,sì,Levante UD,Sevilla FC,2026-10-11T15:00Z
La Liga,Spagna,2026-27,8,2026-10-11,Domenica,17:00,17:00,Málaga,Espanyol,sì,Málaga CF,RCD Espanyol de Barcelona,2026-10-11T15:00Z
La Liga,Spagna,2026-27,8,2026-10-11,Domenica,17:00,17:00,Racing Santander,Valencia,sì,Real Racing Club de Santander,Valencia CF,2026-10-11T15:00Z
La Liga,Spagna,2026-27,8,2026-10-11,Domenica,17:00,17:00,Rayo Vallecano,Athletic Bilbao,sì,Rayo Vallecano de Madrid,Athletic Club,2026-10-11T15:00Z
La Liga,Spagna,2026-27,8,2026-10-11,Domenica,17:00,17:00,Real Madrid,Villarreal,sì,Real Madrid CF,Villarreal CF,2026-10-11T15:00Z
La Liga,Spagna,2026-27,8,2026-10-11,Domenica,17:00,17:00,Real Sociedad,Deportivo La Coruña,sì,Real Sociedad de Fútbol,RC Deportivo La Coruña,2026-10-11T15:00Z
La Liga,Spagna,2026-27,9,2026-10-18,Domenica,17:00,17:00,Betis,Barcellona,sì,Real Betis Balompié,FC Barcelona,2026-10-18T15:00Z
La Liga,Spagna,2026-27,9,2026-10-18,Domenica,17:00,17:00,Celta Vigo,Alavés,sì,RC Celta de Vigo,Deportivo Alavés,2026-10-18T15:00Z
La Liga,Spagna,2026-27,9,2026-10-18,Domenica,17:00,17:00,Deportivo La Coruña,Levante,sì,RC Deportivo La Coruña,Levante UD,2026-10-18T15:00Z
La Liga,Spagna,2026-27,9,2026-10-18,Domenica,17:00,17:00,Espanyol,Atlético Madrid,sì,RCD Espanyol de Barcelona,Club Atlético de Madrid,2026-10-18T15:00Z
La Liga,Spagna,2026-27,9,2026-10-18,Domenica,17:00,17:00,Getafe,Rayo Vallecano,sì,Getafe CF,Rayo Vallecano de Madrid,2026-10-18T15:00Z
La Liga,Spagna,2026-27,9,2026-10-18,Domenica,17:00,17:00,Málaga,Real Sociedad,sì,Málaga CF,Real Sociedad de Fútbol,2026-10-18T15:00Z
La Liga,Spagna,2026-27,9,2026-10-18,Domenica,17:00,17:00,Osasuna,Racing Santander,sì,CA Osasuna,Real Racing Club de Santander,2026-10-18T15:00Z
La Liga,Spagna,2026-27,9,2026-10-18,Domenica,17:00,17:00,Real Madrid,Siviglia,sì,Real Madrid CF,Sevilla FC,2026-10-18T15:00Z
La Liga,Spagna,2026-27,9,2026-10-18,Domenica,17:00,17:00,Valencia,Athletic Bilbao,sì,Valencia CF,Athletic Club,2026-10-18T15:00Z
La Liga,Spagna,2026-27,9,2026-10-18,Domenica,17:00,17:00,Villarreal,Elche,sì,Villarreal CF,Elche CF,2026-10-18T15:00Z
La Liga,Spagna,2026-27,10,2026-10-25,Domenica,17:00,17:00,Alavés,Málaga,sì,Deportivo Alavés,Málaga CF,2026-10-25T16:00Z
La Liga,Spagna,2026-27,10,2026-10-25,Domenica,17:00,17:00,Athletic Bilbao,Getafe,sì,Athletic Club,Getafe CF,2026-10-25T16:00Z
La Liga,Spagna,2026-27,10,2026-10-25,Domenica,17:00,17:00,Atlético Madrid,Deportivo La Coruña,sì,Club Atlético de Madrid,RC Deportivo La Coruña,2026-10-25T16:00Z
La Liga,Spagna,2026-27,10,2026-10-25,Domenica,17:00,17:00,Barcellona,Real Madrid,sì,FC Barcelona,Real Madrid CF,2026-10-25T16:00Z
La Liga,Spagna,2026-27,10,2026-10-25,Domenica,17:00,17:00,Celta Vigo,Betis,sì,RC Celta de Vigo,Real Betis Balompié,2026-10-25T16:00Z
La Liga,Spagna,2026-27,10,2026-10-25,Domenica,17:00,17:00,Racing Santander,Espanyol,sì,Real Racing Club de Santander,RCD Espanyol de Barcelona,2026-10-25T16:00Z
La Liga,Spagna,2026-27,10,2026-10-25,Domenica,17:00,17:00,Rayo Vallecano,Elche,sì,Rayo Vallecano de Madrid,Elche CF,2026-10-25T16:00Z
La Liga,Spagna,2026-27,10,2026-10-25,Domenica,17:00,17:00,Real Sociedad,Levante,sì,Real Sociedad de Fútbol,Levante UD,2026-10-25T16:00Z
La Liga,Spagna,2026-27,10,2026-10-25,Domenica,17:00,17:00,Siviglia,Osasuna,sì,Sevilla FC,CA Osasuna,2026-10-25T16:00Z
La Liga,Spagna,2026-27,10,2026-10-25,Domenica,17:00,17:00,Valencia,Villarreal,sì,Valencia CF,Villarreal CF,2026-10-25T16:00Z
La Liga,Spagna,2026-27,11,2026-11-01,Domenica,17:00,17:00,Athletic Bilbao,Real Sociedad,sì,Athletic Club,Real Sociedad de Fútbol,2026-11-01T16:00Z
La Liga,Spagna,2026-27,11,2026-11-01,Domenica,17:00,17:00,Barcellona,Alavés,sì,FC Barcelona,Deportivo Alavés,2026-11-01T16:00Z
La Liga,Spagna,2026-27,11,2026-11-01,Domenica,17:00,17:00,Betis,Málaga,sì,Real Betis Balompié,Málaga CF,2026-11-01T16:00Z
La Liga,Spagna,2026-27,11,2026-11-01,Domenica,17:00,17:00,Deportivo La Coruña,Osasuna,sì,RC Deportivo La Coruña,CA Osasuna,2026-11-01T16:00Z
La Liga,Spagna,2026-27,11,2026-11-01,Domenica,17:00,17:00,Elche,Valencia,sì,Elche CF,Valencia CF,2026-11-01T16:00Z
La Liga,Spagna,2026-27,11,2026-11-01,Domenica,17:00,17:00,Getafe,Siviglia,sì,Getafe CF,Sevilla FC,2026-11-01T16:00Z
La Liga,Spagna,2026-27,11,2026-11-01,Domenica,17:00,17:00,Levante,Atlético Madrid,sì,Levante UD,Club Atlético de Madrid,2026-11-01T16:00Z
La Liga,Spagna,2026-27,11,2026-11-01,Domenica,17:00,17:00,Racing Santander,Real Madrid,sì,Real Racing Club de Santander,Real Madrid CF,2026-11-01T16:00Z
La Liga,Spagna,2026-27,11,2026-11-01,Domenica,17:00,17:00,Rayo Vallecano,Celta Vigo,sì,Rayo Vallecano de Madrid,RC Celta de Vigo,2026-11-01T16:00Z
La Liga,Spagna,2026-27,11,2026-11-01,Domenica,17:00,17:00,Villarreal,Espanyol,sì,Villarreal CF,RCD Espanyol de Barcelona,2026-11-01T16:00Z
La Liga,Spagna,2026-27,12,2026-11-08,Domenica,17:00,17:00,Atlético Madrid,Barcellona,sì,Club Atlético de Madrid,FC Barcelona,2026-11-08T16:00Z
La Liga,Spagna,2026-27,12,2026-11-08,Domenica,17:00,17:00,Celta Vigo,Levante,sì,RC Celta de Vigo,Levante UD,2026-11-08T16:00Z
La Liga,Spagna,2026-27,12,2026-11-08,Domenica,17:00,17:00,Elche,Betis,sì,Elche CF,Real Betis Balompié,2026-11-08T16:00Z
La Liga,Spagna,2026-27,12,2026-11-08,Domenica,17:00,17:00,Espanyol,Deportivo La Coruña,sì,RCD Espanyol de Barcelona,RC Deportivo La Coruña,2026-11-08T16:00Z
La Liga,Spagna,2026-27,12,2026-11-08,Domenica,17:00,17:00,Málaga,Racing Santander,sì,Málaga CF,Real Racing Club de Santander,2026-11-08T16:00Z
La Liga,Spagna,2026-27,12,2026-11-08,Domenica,17:00,17:00,Osasuna,Athletic Bilbao,sì,CA Osasuna,Athletic Club,2026-11-08T16:00Z
La Liga,Spagna,2026-27,12,2026-11-08,Domenica,17:00,17:00,Real Sociedad,Rayo Vallecano,sì,Real Sociedad de Fútbol,Rayo Vallecano de Madrid,2026-11-08T16:00Z
La Liga,Spagna,2026-27,12,2026-11-08,Domenica,17:00,17:00,Siviglia,Alavés,sì,Sevilla FC,Deportivo Alavés,2026-11-08T16:00Z
La Liga,Spagna,2026-27,12,2026-11-08,Domenica,17:00,17:00,Valencia,Real Madrid,sì,Valencia CF,Real Madrid CF,2026-11-08T16:00Z
La Liga,Spagna,2026-27,12,2026-11-08,Domenica,17:00,17:00,Villarreal,Getafe,sì,Villarreal CF,Getafe CF,2026-11-08T16:00Z
La Liga,Spagna,2026-27,13,2026-11-22,Domenica,17:00,17:00,Alavés,Deportivo La Coruña,sì,Deportivo Alavés,RC Deportivo La Coruña,2026-11-22T16:00Z
La Liga,Spagna,2026-27,13,2026-11-22,Domenica,17:00,17:00,Athletic Bilbao,Espanyol,sì,Athletic Club,RCD Espanyol de Barcelona,2026-11-22T16:00Z
La Liga,Spagna,2026-27,13,2026-11-22,Domenica,17:00,17:00,Barcellona,Villarreal,sì,FC Barcelona,Villarreal CF,2026-11-22T16:00Z
La Liga,Spagna,2026-27,13,2026-11-22,Domenica,17:00,17:00,Getafe,Atlético Madrid,sì,Getafe CF,Club Atlético de Madrid,2026-11-22T16:00Z
La Liga,Spagna,2026-27,13,2026-11-22,Domenica,17:00,17:00,Levante,Elche,sì,Levante UD,Elche CF,2026-11-22T16:00Z
La Liga,Spagna,2026-27,13,2026-11-22,Domenica,17:00,17:00,Osasuna,Málaga,sì,CA Osasuna,Málaga CF,2026-11-22T16:00Z
La Liga,Spagna,2026-27,13,2026-11-22,Domenica,17:00,17:00,Racing Santander,Real Sociedad,sì,Real Racing Club de Santander,Real Sociedad de Fútbol,2026-11-22T16:00Z
La Liga,Spagna,2026-27,13,2026-11-22,Domenica,17:00,17:00,Rayo Vallecano,Valencia,sì,Rayo Vallecano de Madrid,Valencia CF,2026-11-22T16:00Z
La Liga,Spagna,2026-27,13,2026-11-22,Domenica,17:00,17:00,Real Madrid,Celta Vigo,sì,Real Madrid CF,RC Celta de Vigo,2026-11-22T16:00Z
La Liga,Spagna,2026-27,13,2026-11-22,Domenica,17:00,17:00,Siviglia,Betis,sì,Sevilla FC,Real Betis Balompié,2026-11-22T16:00Z
La Liga,Spagna,2026-27,14,2026-11-29,Domenica,17:00,17:00,Betis,Rayo Vallecano,sì,Real Betis Balompié,Rayo Vallecano de Madrid,2026-11-29T16:00Z
La Liga,Spagna,2026-27,14,2026-11-29,Domenica,17:00,17:00,Celta Vigo,Villarreal,sì,RC Celta de Vigo,Villarreal CF,2026-11-29T16:00Z
La Liga,Spagna,2026-27,14,2026-11-29,Domenica,17:00,17:00,Deportivo La Coruña,Barcellona,sì,RC Deportivo La Coruña,FC Barcelona,2026-11-29T16:00Z
La Liga,Spagna,2026-27,14,2026-11-29,Domenica,17:00,17:00,Elche,Atlético Madrid,sì,Elche CF,Club Atlético de Madrid,2026-11-29T16:00Z
La Liga,Spagna,2026-27,14,2026-11-29,Domenica,17:00,17:00,Espanyol,Getafe,sì,RCD Espanyol de Barcelona,Getafe CF,2026-11-29T16:00Z
La Liga,Spagna,2026-27,14,2026-11-29,Domenica,17:00,17:00,Levante,Racing Santander,sì,Levante UD,Real Racing Club de Santander,2026-11-29T16:00Z
La Liga,Spagna,2026-27,14,2026-11-29,Domenica,17:00,17:00,Málaga,Athletic Bilbao,sì,Málaga CF,Athletic Club,2026-11-29T16:00Z
La Liga,Spagna,2026-27,14,2026-11-29,Domenica,17:00,17:00,Real Madrid,Alavés,sì,Real Madrid CF,Deportivo Alavés,2026-11-29T16:00Z
La Liga,Spagna,2026-27,14,2026-11-29,Domenica,17:00,17:00,Real Sociedad,Siviglia,sì,Real Sociedad de Fútbol,Sevilla FC,2026-11-29T16:00Z
La Liga,Spagna,2026-27,14,2026-11-29,Domenica,17:00,17:00,Valencia,Osasuna,sì,Valencia CF,CA Osasuna,2026-11-29T16:00Z
La Liga,Spagna,2026-27,15,2026-12-06,Domenica,17:00,17:00,Alavés,Espanyol,sì,Deportivo Alavés,RCD Espanyol de Barcelona,2026-12-06T16:00Z
La Liga,Spagna,2026-27,15,2026-12-06,Domenica,17:00,17:00,Athletic Bilbao,Real Madrid,sì,Athletic Club,Real Madrid CF,2026-12-06T16:00Z
La Liga,Spagna,2026-27,15,2026-12-06,Domenica,17:00,17:00,Atlético Madrid,Betis,sì,Club Atlético de Madrid,Real Betis Balompié,2026-12-06T16:00Z
La Liga,Spagna,2026-27,15,2026-12-06,Domenica,17:00,17:00,Barcellona,Celta Vigo,sì,FC Barcelona,RC Celta de Vigo,2026-12-06T16:00Z
La Liga,Spagna,2026-27,15,2026-12-06,Domenica,17:00,17:00,Getafe,Valencia,sì,Getafe CF,Valencia CF,2026-12-06T16:00Z
La Liga,Spagna,2026-27,15,2026-12-06,Domenica,17:00,17:00,Osasuna,Elche,sì,CA Osasuna,Elche CF,2026-12-06T16:00Z
La Liga,Spagna,2026-27,15,2026-12-06,Domenica,17:00,17:00,Racing Santander,Deportivo La Coruña,sì,Real Racing Club de Santander,RC Deportivo La Coruña,2026-12-06T16:00Z
La Liga,Spagna,2026-27,15,2026-12-06,Domenica,17:00,17:00,Rayo Vallecano,Levante,sì,Rayo Vallecano de Madrid,Levante UD,2026-12-06T16:00Z
La Liga,Spagna,2026-27,15,2026-12-06,Domenica,17:00,17:00,Siviglia,Málaga,sì,Sevilla FC,Málaga CF,2026-12-06T16:00Z
La Liga,Spagna,2026-27,15,2026-12-06,Domenica,17:00,17:00,Villarreal,Real Sociedad,sì,Villarreal CF,Real Sociedad de Fútbol,2026-12-06T16:00Z
La Liga,Spagna,2026-27,16,2026-12-13,Domenica,17:00,17:00,Atlético Madrid,Valencia,sì,Club Atlético de Madrid,Valencia CF,2026-12-13T16:00Z
La Liga,Spagna,2026-27,16,2026-12-13,Domenica,17:00,17:00,Betis,Racing Santander,sì,Real Betis Balompié,Real Racing Club de Santander,2026-12-13T16:00Z
La Liga,Spagna,2026-27,16,2026-12-13,Domenica,17:00,17:00,Deportivo La Coruña,Athletic Bilbao,sì,RC Deportivo La Coruña,Athletic Club,2026-12-13T16:00Z
La Liga,Spagna,2026-27,16,2026-12-13,Domenica,17:00,17:00,Elche,Siviglia,sì,Elche CF,Sevilla FC,2026-12-13T16:00Z
La Liga,Spagna,2026-27,16,2026-12-13,Domenica,17:00,17:00,Espanyol,Celta Vigo,sì,RCD Espanyol de Barcelona,RC Celta de Vigo,2026-12-13T16:00Z
La Liga,Spagna,2026-27,16,2026-12-13,Domenica,17:00,17:00,Levante,Alavés,sì,Levante UD,Deportivo Alavés,2026-12-13T16:00Z
La Liga,Spagna,2026-27,16,2026-12-13,Domenica,17:00,17:00,Málaga,Barcellona,sì,Málaga CF,FC Barcelona,2026-12-13T16:00Z
La Liga,Spagna,2026-27,16,2026-12-13,Domenica,17:00,17:00,Real Madrid,Osasuna,sì,Real Madrid CF,CA Osasuna,2026-12-13T16:00Z
La Liga,Spagna,2026-27,16,2026-12-13,Domenica,17:00,17:00,Real Sociedad,Getafe,sì,Real Sociedad de Fútbol,Getafe CF,2026-12-13T16:00Z
La Liga,Spagna,2026-27,16,2026-12-13,Domenica,17:00,17:00,Villarreal,Rayo Vallecano,sì,Villarreal CF,Rayo Vallecano de Madrid,2026-12-13T16:00Z
La Liga,Spagna,2026-27,17,2026-12-20,Domenica,17:00,17:00,Alavés,Elche,sì,Deportivo Alavés,Elche CF,2026-12-20T16:00Z
La Liga,Spagna,2026-27,17,2026-12-20,Domenica,17:00,17:00,Athletic Bilbao,Betis,sì,Athletic Club,Real Betis Balompié,2026-12-20T16:00Z
La Liga,Spagna,2026-27,17,2026-12-20,Domenica,17:00,17:00,Barcellona,Real Sociedad,sì,FC Barcelona,Real Sociedad de Fútbol,2026-12-20T16:00Z
La Liga,Spagna,2026-27,17,2026-12-20,Domenica,17:00,17:00,Celta Vigo,Atlético Madrid,sì,RC Celta de Vigo,Club Atlético de Madrid,2026-12-20T16:00Z
La Liga,Spagna,2026-27,17,2026-12-20,Domenica,17:00,17:00,Deportivo La Coruña,Real Madrid,sì,RC Deportivo La Coruña,Real Madrid CF,2026-12-20T16:00Z
La Liga,Spagna,2026-27,17,2026-12-20,Domenica,17:00,17:00,Getafe,Levante,sì,Getafe CF,Levante UD,2026-12-20T16:00Z
La Liga,Spagna,2026-27,17,2026-12-20,Domenica,17:00,17:00,Osasuna,Villarreal,sì,CA Osasuna,Villarreal CF,2026-12-20T16:00Z
La Liga,Spagna,2026-27,17,2026-12-20,Domenica,17:00,17:00,Rayo Vallecano,Málaga,sì,Rayo Vallecano de Madrid,Málaga CF,2026-12-20T16:00Z
La Liga,Spagna,2026-27,17,2026-12-20,Domenica,17:00,17:00,Siviglia,Racing Santander,sì,Sevilla FC,Real Racing Club de Santander,2026-12-20T16:00Z
La Liga,Spagna,2026-27,17,2026-12-20,Domenica,17:00,17:00,Valencia,Espanyol,sì,Valencia CF,RCD Espanyol de Barcelona,2026-12-20T16:00Z
La Liga,Spagna,2026-27,18,2027-01-03,Domenica,13:00,13:00,Betis,Alavés,sì,Real Betis Balompié,Deportivo Alavés,2027-01-03T12:00Z
La Liga,Spagna,2026-27,18,2027-01-03,Domenica,13:00,13:00,Celta Vigo,Deportivo La Coruña,sì,RC Celta de Vigo,RC Deportivo La Coruña,2027-01-03T12:00Z
La Liga,Spagna,2026-27,18,2027-01-03,Domenica,13:00,13:00,Espanyol,Barcellona,sì,RCD Espanyol de Barcelona,FC Barcelona,2027-01-03T12:00Z
La Liga,Spagna,2026-27,18,2027-01-03,Domenica,13:00,13:00,Levante,Valencia,sì,Levante UD,Valencia CF,2027-01-03T12:00Z
La Liga,Spagna,2026-27,18,2027-01-03,Domenica,13:00,13:00,Málaga,Elche,sì,Málaga CF,Elche CF,2027-01-03T12:00Z
La Liga,Spagna,2026-27,18,2027-01-03,Domenica,13:00,13:00,Racing Santander,Athletic Bilbao,sì,Real Racing Club de Santander,Athletic Club,2027-01-03T12:00Z
La Liga,Spagna,2026-27,18,2027-01-03,Domenica,13:00,13:00,Rayo Vallecano,Atlético Madrid,sì,Rayo Vallecano de Madrid,Club Atlético de Madrid,2027-01-03T12:00Z
La Liga,Spagna,2026-27,18,2027-01-03,Domenica,13:00,13:00,Real Madrid,Getafe,sì,Real Madrid CF,Getafe CF,2027-01-03T12:00Z
La Liga,Spagna,2026-27,18,2027-01-03,Domenica,13:00,13:00,Real Sociedad,Osasuna,sì,Real Sociedad de Fútbol,CA Osasuna,2027-01-03T12:00Z
La Liga,Spagna,2026-27,18,2027-01-03,Domenica,13:00,13:00,Villarreal,Siviglia,sì,Villarreal CF,Sevilla FC,2027-01-03T12:00Z
La Liga,Spagna,2026-27,19,2027-01-10,Domenica,13:00,13:00,Alavés,Real Sociedad,sì,Deportivo Alavés,Real Sociedad de Fútbol,2027-01-10T12:00Z
La Liga,Spagna,2026-27,19,2027-01-10,Domenica,13:00,13:00,Athletic Bilbao,Villarreal,sì,Athletic Club,Villarreal CF,2027-01-10T12:00Z
La Liga,Spagna,2026-27,19,2027-01-10,Domenica,13:00,13:00,Atlético Madrid,Racing Santander,sì,Club Atlético de Madrid,Real Racing Club de Santander,2027-01-10T12:00Z
La Liga,Spagna,2026-27,19,2027-01-10,Domenica,13:00,13:00,Deportivo La Coruña,Rayo Vallecano,sì,RC Deportivo La Coruña,Rayo Vallecano de Madrid,2027-01-10T12:00Z
La Liga,Spagna,2026-27,19,2027-01-10,Domenica,13:00,13:00,Elche,Getafe,sì,Elche CF,Getafe CF,2027-01-10T12:00Z
La Liga,Spagna,2026-27,19,2027-01-10,Domenica,13:00,13:00,Espanyol,Betis,sì,RCD Espanyol de Barcelona,Real Betis Balompié,2027-01-10T12:00Z
La Liga,Spagna,2026-27,19,2027-01-10,Domenica,13:00,13:00,Osasuna,Barcellona,sì,CA Osasuna,FC Barcelona,2027-01-10T12:00Z
La Liga,Spagna,2026-27,19,2027-01-10,Domenica,13:00,13:00,Real Madrid,Levante,sì,Real Madrid CF,Levante UD,2027-01-10T12:00Z
La Liga,Spagna,2026-27,19,2027-01-10,Domenica,13:00,13:00,Siviglia,Celta Vigo,sì,Sevilla FC,RC Celta de Vigo,2027-01-10T12:00Z
La Liga,Spagna,2026-27,19,2027-01-10,Domenica,13:00,13:00,Valencia,Málaga,sì,Valencia CF,Málaga CF,2027-01-10T12:00Z
La Liga,Spagna,2026-27,20,2027-01-17,Domenica,13:00,13:00,Atlético Madrid,Real Sociedad,sì,Club Atlético de Madrid,Real Sociedad de Fútbol,2027-01-17T12:00Z
La Liga,Spagna,2026-27,20,2027-01-17,Domenica,13:00,13:00,Barcellona,Elche,sì,FC Barcelona,Elche CF,2027-01-17T12:00Z
La Liga,Spagna,2026-27,20,2027-01-17,Domenica,13:00,13:00,Betis,Deportivo La Coruña,sì,Real Betis Balompié,RC Deportivo La Coruña,2027-01-17T12:00Z
La Liga,Spagna,2026-27,20,2027-01-17,Domenica,13:00,13:00,Celta Vigo,Valencia,sì,RC Celta de Vigo,Valencia CF,2027-01-17T12:00Z
La Liga,Spagna,2026-27,20,2027-01-17,Domenica,13:00,13:00,Getafe,Athletic Bilbao,sì,Getafe CF,Athletic Club,2027-01-17T12:00Z
La Liga,Spagna,2026-27,20,2027-01-17,Domenica,13:00,13:00,Levante,Espanyol,sì,Levante UD,RCD Espanyol de Barcelona,2027-01-17T12:00Z
La Liga,Spagna,2026-27,20,2027-01-17,Domenica,13:00,13:00,Málaga,Real Madrid,sì,Málaga CF,Real Madrid CF,2027-01-17T12:00Z
La Liga,Spagna,2026-27,20,2027-01-17,Domenica,13:00,13:00,Racing Santander,Osasuna,sì,Real Racing Club de Santander,CA Osasuna,2027-01-17T12:00Z
La Liga,Spagna,2026-27,20,2027-01-17,Domenica,13:00,13:00,Rayo Vallecano,Siviglia,sì,Rayo Vallecano de Madrid,Sevilla FC,2027-01-17T12:00Z
La Liga,Spagna,2026-27,20,2027-01-17,Domenica,13:00,13:00,Villarreal,Alavés,sì,Villarreal CF,Deportivo Alavés,2027-01-17T12:00Z
La Liga,Spagna,2026-27,21,2027-01-24,Domenica,13:00,13:00,Alavés,Barcellona,sì,Deportivo Alavés,FC Barcelona,2027-01-24T12:00Z
La Liga,Spagna,2026-27,21,2027-01-24,Domenica,13:00,13:00,Athletic Bilbao,Levante,sì,Athletic Club,Levante UD,2027-01-24T12:00Z
La Liga,Spagna,2026-27,21,2027-01-24,Domenica,13:00,13:00,Deportivo La Coruña,Atlético Madrid,sì,RC Deportivo La Coruña,Club Atlético de Madrid,2027-01-24T12:00Z
La Liga,Spagna,2026-27,21,2027-01-24,Domenica,13:00,13:00,Elche,Rayo Vallecano,sì,Elche CF,Rayo Vallecano de Madrid,2027-01-24T12:00Z
La Liga,Spagna,2026-27,21,2027-01-24,Domenica,13:00,13:00,Espanyol,Villarreal,sì,RCD Espanyol de Barcelona,Villarreal CF,2027-01-24T12:00Z
La Liga,Spagna,2026-27,21,2027-01-24,Domenica,13:00,13:00,Getafe,Osasuna,sì,Getafe CF,CA Osasuna,2027-01-24T12:00Z
La Liga,Spagna,2026-27,21,2027-01-24,Domenica,13:00,13:00,Racing Santander,Celta Vigo,sì,Real Racing Club de Santander,RC Celta de Vigo,2027-01-24T12:00Z
La Liga,Spagna,2026-27,21,2027-01-24,Domenica,13:00,13:00,Real Madrid,Betis,sì,Real Madrid CF,Real Betis Balompié,2027-01-24T12:00Z
La Liga,Spagna,2026-27,21,2027-01-24,Domenica,13:00,13:00,Real Sociedad,Málaga,sì,Real Sociedad de Fútbol,Málaga CF,2027-01-24T12:00Z
La Liga,Spagna,2026-27,21,2027-01-24,Domenica,13:00,13:00,Valencia,Siviglia,sì,Valencia CF,Sevilla FC,2027-01-24T12:00Z
La Liga,Spagna,2026-27,22,2027-01-31,Domenica,13:00,13:00,Atlético Madrid,Espanyol,sì,Club Atlético de Madrid,RCD Espanyol de Barcelona,2027-01-31T12:00Z
La Liga,Spagna,2026-27,22,2027-01-31,Domenica,13:00,13:00,Barcellona,Valencia,sì,FC Barcelona,Valencia CF,2027-01-31T12:00Z
La Liga,Spagna,2026-27,22,2027-01-31,Domenica,13:00,13:00,Betis,Elche,sì,Real Betis Balompié,Elche CF,2027-01-31T12:00Z
La Liga,Spagna,2026-27,22,2027-01-31,Domenica,13:00,13:00,Celta Vigo,Getafe,sì,RC Celta de Vigo,Getafe CF,2027-01-31T12:00Z
La Liga,Spagna,2026-27,22,2027-01-31,Domenica,13:00,13:00,Levante,Real Sociedad,sì,Levante UD,Real Sociedad de Fútbol,2027-01-31T12:00Z
La Liga,Spagna,2026-27,22,2027-01-31,Domenica,13:00,13:00,Málaga,Alavés,sì,Málaga CF,Deportivo Alavés,2027-01-31T12:00Z
La Liga,Spagna,2026-27,22,2027-01-31,Domenica,13:00,13:00,Osasuna,Deportivo La Coruña,sì,CA Osasuna,RC Deportivo La Coruña,2027-01-31T12:00Z
La Liga,Spagna,2026-27,22,2027-01-31,Domenica,13:00,13:00,Rayo Vallecano,Real Madrid,sì,Rayo Vallecano de Madrid,Real Madrid CF,2027-01-31T12:00Z
La Liga,Spagna,2026-27,22,2027-01-31,Domenica,13:00,13:00,Siviglia,Athletic Bilbao,sì,Sevilla FC,Athletic Club,2027-01-31T12:00Z
La Liga,Spagna,2026-27,22,2027-01-31,Domenica,13:00,13:00,Villarreal,Racing Santander,sì,Villarreal CF,Real Racing Club de Santander,2027-01-31T12:00Z
La Liga,Spagna,2026-27,23,2027-02-07,Domenica,13:00,13:00,Alavés,Celta Vigo,sì,Deportivo Alavés,RC Celta de Vigo,2027-02-07T12:00Z
La Liga,Spagna,2026-27,23,2027-02-07,Domenica,13:00,13:00,Athletic Bilbao,Osasuna,sì,Athletic Club,CA Osasuna,2027-02-07T12:00Z
La Liga,Spagna,2026-27,23,2027-02-07,Domenica,13:00,13:00,Barcellona,Atlético Madrid,sì,FC Barcelona,Club Atlético de Madrid,2027-02-07T12:00Z
La Liga,Spagna,2026-27,23,2027-02-07,Domenica,13:00,13:00,Betis,Siviglia,sì,Real Betis Balompié,Sevilla FC,2027-02-07T12:00Z
La Liga,Spagna,2026-27,23,2027-02-07,Domenica,13:00,13:00,Deportivo La Coruña,Málaga,sì,RC Deportivo La Coruña,Málaga CF,2027-02-07T12:00Z
La Liga,Spagna,2026-27,23,2027-02-07,Domenica,13:00,13:00,Elche,Levante,sì,Elche CF,Levante UD,2027-02-07T12:00Z
La Liga,Spagna,2026-27,23,2027-02-07,Domenica,13:00,13:00,Espanyol,Rayo Vallecano,sì,RCD Espanyol de Barcelona,Rayo Vallecano de Madrid,2027-02-07T12:00Z
La Liga,Spagna,2026-27,23,2027-02-07,Domenica,13:00,13:00,Getafe,Villarreal,sì,Getafe CF,Villarreal CF,2027-02-07T12:00Z
La Liga,Spagna,2026-27,23,2027-02-07,Domenica,13:00,13:00,Real Sociedad,Real Madrid,sì,Real Sociedad de Fútbol,Real Madrid CF,2027-02-07T12:00Z
La Liga,Spagna,2026-27,23,2027-02-07,Domenica,13:00,13:00,Valencia,Racing Santander,sì,Valencia CF,Real Racing Club de Santander,2027-02-07T12:00Z
La Liga,Spagna,2026-27,24,2027-02-14,Domenica,13:00,13:00,Celta Vigo,Rayo Vallecano,sì,RC Celta de Vigo,Rayo Vallecano de Madrid,2027-02-14T12:00Z
La Liga,Spagna,2026-27,24,2027-02-14,Domenica,13:00,13:00,Elche,Deportivo La Coruña,sì,Elche CF,RC Deportivo La Coruña,2027-02-14T12:00Z
La Liga,Spagna,2026-27,24,2027-02-14,Domenica,13:00,13:00,Levante,Málaga,sì,Levante UD,Málaga CF,2027-02-14T12:00Z
La Liga,Spagna,2026-27,24,2027-02-14,Domenica,13:00,13:00,Osasuna,Atlético Madrid,sì,CA Osasuna,Club Atlético de Madrid,2027-02-14T12:00Z
La Liga,Spagna,2026-27,24,2027-02-14,Domenica,13:00,13:00,Racing Santander,Getafe,sì,Real Racing Club de Santander,Getafe CF,2027-02-14T12:00Z
La Liga,Spagna,2026-27,24,2027-02-14,Domenica,13:00,13:00,Real Madrid,Athletic Bilbao,sì,Real Madrid CF,Athletic Club,2027-02-14T12:00Z
La Liga,Spagna,2026-27,24,2027-02-14,Domenica,13:00,13:00,Real Sociedad,Betis,sì,Real Sociedad de Fútbol,Real Betis Balompié,2027-02-14T12:00Z
La Liga,Spagna,2026-27,24,2027-02-14,Domenica,13:00,13:00,Siviglia,Espanyol,sì,Sevilla FC,RCD Espanyol de Barcelona,2027-02-14T12:00Z
La Liga,Spagna,2026-27,24,2027-02-14,Domenica,13:00,13:00,Valencia,Alavés,sì,Valencia CF,Deportivo Alavés,2027-02-14T12:00Z
La Liga,Spagna,2026-27,24,2027-02-14,Domenica,13:00,13:00,Villarreal,Barcellona,sì,Villarreal CF,FC Barcelona,2027-02-14T12:00Z
La Liga,Spagna,2026-27,25,2027-02-21,Domenica,13:00,13:00,Alavés,Racing Santander,sì,Deportivo Alavés,Real Racing Club de Santander,2027-02-21T12:00Z
La Liga,Spagna,2026-27,25,2027-02-21,Domenica,13:00,13:00,Athletic Bilbao,Celta Vigo,sì,Athletic Club,RC Celta de Vigo,2027-02-21T12:00Z
La Liga,Spagna,2026-27,25,2027-02-21,Domenica,13:00,13:00,Atlético Madrid,Elche,sì,Club Atlético de Madrid,Elche CF,2027-02-21T12:00Z
La Liga,Spagna,2026-27,25,2027-02-21,Domenica,13:00,13:00,Barcellona,Levante,sì,FC Barcelona,Levante UD,2027-02-21T12:00Z
La Liga,Spagna,2026-27,25,2027-02-21,Domenica,13:00,13:00,Deportivo La Coruña,Real Sociedad,sì,RC Deportivo La Coruña,Real Sociedad de Fútbol,2027-02-21T12:00Z
La Liga,Spagna,2026-27,25,2027-02-21,Domenica,13:00,13:00,Espanyol,Osasuna,sì,RCD Espanyol de Barcelona,CA Osasuna,2027-02-21T12:00Z
La Liga,Spagna,2026-27,25,2027-02-21,Domenica,13:00,13:00,Málaga,Betis,sì,Málaga CF,Real Betis Balompié,2027-02-21T12:00Z
La Liga,Spagna,2026-27,25,2027-02-21,Domenica,13:00,13:00,Rayo Vallecano,Getafe,sì,Rayo Vallecano de Madrid,Getafe CF,2027-02-21T12:00Z
La Liga,Spagna,2026-27,25,2027-02-21,Domenica,13:00,13:00,Siviglia,Real Madrid,sì,Sevilla FC,Real Madrid CF,2027-02-21T12:00Z
La Liga,Spagna,2026-27,25,2027-02-21,Domenica,13:00,13:00,Villarreal,Valencia,sì,Villarreal CF,Valencia CF,2027-02-21T12:00Z
La Liga,Spagna,2026-27,26,2027-02-28,Domenica,13:00,13:00,Athletic Bilbao,Barcellona,sì,Athletic Club,FC Barcelona,2027-02-28T12:00Z
La Liga,Spagna,2026-27,26,2027-02-28,Domenica,13:00,13:00,Betis,Villarreal,sì,Real Betis Balompié,Villarreal CF,2027-02-28T12:00Z
La Liga,Spagna,2026-27,26,2027-02-28,Domenica,13:00,13:00,Celta Vigo,Espanyol,sì,RC Celta de Vigo,RCD Espanyol de Barcelona,2027-02-28T12:00Z
La Liga,Spagna,2026-27,26,2027-02-28,Domenica,13:00,13:00,Getafe,Alavés,sì,Getafe CF,Deportivo Alavés,2027-02-28T12:00Z
La Liga,Spagna,2026-27,26,2027-02-28,Domenica,13:00,13:00,Levante,Deportivo La Coruña,sì,Levante UD,RC Deportivo La Coruña,2027-02-28T12:00Z
La Liga,Spagna,2026-27,26,2027-02-28,Domenica,13:00,13:00,Málaga,Atlético Madrid,sì,Málaga CF,Club Atlético de Madrid,2027-02-28T12:00Z
La Liga,Spagna,2026-27,26,2027-02-28,Domenica,13:00,13:00,Osasuna,Siviglia,sì,CA Osasuna,Sevilla FC,2027-02-28T12:00Z
La Liga,Spagna,2026-27,26,2027-02-28,Domenica,13:00,13:00,Racing Santander,Rayo Vallecano,sì,Real Racing Club de Santander,Rayo Vallecano de Madrid,2027-02-28T12:00Z
La Liga,Spagna,2026-27,26,2027-02-28,Domenica,13:00,13:00,Real Madrid,Valencia,sì,Real Madrid CF,Valencia CF,2027-02-28T12:00Z
La Liga,Spagna,2026-27,26,2027-02-28,Domenica,13:00,13:00,Real Sociedad,Elche,sì,Real Sociedad de Fútbol,Elche CF,2027-02-28T12:00Z
La Liga,Spagna,2026-27,27,2027-03-07,Domenica,13:00,13:00,Alavés,Athletic Bilbao,sì,Deportivo Alavés,Athletic Club,2027-03-07T12:00Z
La Liga,Spagna,2026-27,27,2027-03-07,Domenica,13:00,13:00,Atlético Madrid,Celta Vigo,sì,Club Atlético de Madrid,RC Celta de Vigo,2027-03-07T12:00Z
La Liga,Spagna,2026-27,27,2027-03-07,Domenica,13:00,13:00,Barcellona,Betis,sì,FC Barcelona,Real Betis Balompié,2027-03-07T12:00Z
La Liga,Spagna,2026-27,27,2027-03-07,Domenica,13:00,13:00,Deportivo La Coruña,Getafe,sì,RC Deportivo La Coruña,Getafe CF,2027-03-07T12:00Z
La Liga,Spagna,2026-27,27,2027-03-07,Domenica,13:00,13:00,Elche,Málaga,sì,Elche CF,Málaga CF,2027-03-07T12:00Z
La Liga,Spagna,2026-27,27,2027-03-07,Domenica,13:00,13:00,Espanyol,Racing Santander,sì,RCD Espanyol de Barcelona,Real Racing Club de Santander,2027-03-07T12:00Z
La Liga,Spagna,2026-27,27,2027-03-07,Domenica,13:00,13:00,Rayo Vallecano,Osasuna,sì,Rayo Vallecano de Madrid,CA Osasuna,2027-03-07T12:00Z
La Liga,Spagna,2026-27,27,2027-03-07,Domenica,13:00,13:00,Siviglia,Real Sociedad,sì,Sevilla FC,Real Sociedad de Fútbol,2027-03-07T12:00Z
La Liga,Spagna,2026-27,27,2027-03-07,Domenica,13:00,13:00,Valencia,Levante,sì,Valencia CF,Levante UD,2027-03-07T12:00Z
La Liga,Spagna,2026-27,27,2027-03-07,Domenica,13:00,13:00,Villarreal,Real Madrid,sì,Villarreal CF,Real Madrid CF,2027-03-07T12:00Z
La Liga,Spagna,2026-27,28,2027-03-14,Domenica,13:00,13:00,Alavés,Siviglia,sì,Deportivo Alavés,Sevilla FC,2027-03-14T12:00Z
La Liga,Spagna,2026-27,28,2027-03-14,Domenica,13:00,13:00,Athletic Bilbao,Valencia,sì,Athletic Club,Valencia CF,2027-03-14T12:00Z
La Liga,Spagna,2026-27,28,2027-03-14,Domenica,13:00,13:00,Barcellona,Deportivo La Coruña,sì,FC Barcelona,RC Deportivo La Coruña,2027-03-14T12:00Z
La Liga,Spagna,2026-27,28,2027-03-14,Domenica,13:00,13:00,Betis,Levante,sì,Real Betis Balompié,Levante UD,2027-03-14T12:00Z
La Liga,Spagna,2026-27,28,2027-03-14,Domenica,13:00,13:00,Elche,Villarreal,sì,Elche CF,Villarreal CF,2027-03-14T12:00Z
La Liga,Spagna,2026-27,28,2027-03-14,Domenica,13:00,13:00,Getafe,Real Sociedad,sì,Getafe CF,Real Sociedad de Fútbol,2027-03-14T12:00Z
La Liga,Spagna,2026-27,28,2027-03-14,Domenica,13:00,13:00,Málaga,Rayo Vallecano,sì,Málaga CF,Rayo Vallecano de Madrid,2027-03-14T12:00Z
La Liga,Spagna,2026-27,28,2027-03-14,Domenica,13:00,13:00,Osasuna,Celta Vigo,sì,CA Osasuna,RC Celta de Vigo,2027-03-14T12:00Z
La Liga,Spagna,2026-27,28,2027-03-14,Domenica,13:00,13:00,Racing Santander,Atlético Madrid,sì,Real Racing Club de Santander,Club Atlético de Madrid,2027-03-14T12:00Z
La Liga,Spagna,2026-27,28,2027-03-14,Domenica,13:00,13:00,Real Madrid,Espanyol,sì,Real Madrid CF,RCD Espanyol de Barcelona,2027-03-14T12:00Z
La Liga,Spagna,2026-27,29,2027-03-21,Domenica,13:00,13:00,Atlético Madrid,Getafe,sì,Club Atlético de Madrid,Getafe CF,2027-03-21T12:00Z
La Liga,Spagna,2026-27,29,2027-03-21,Domenica,13:00,13:00,Celta Vigo,Real Madrid,sì,RC Celta de Vigo,Real Madrid CF,2027-03-21T12:00Z
La Liga,Spagna,2026-27,29,2027-03-21,Domenica,13:00,13:00,Espanyol,Athletic Bilbao,sì,RCD Espanyol de Barcelona,Athletic Club,2027-03-21T12:00Z
La Liga,Spagna,2026-27,29,2027-03-21,Domenica,13:00,13:00,Levante,Osasuna,sì,Levante UD,CA Osasuna,2027-03-21T12:00Z
La Liga,Spagna,2026-27,29,2027-03-21,Domenica,13:00,13:00,Racing Santander,Betis,sì,Real Racing Club de Santander,Real Betis Balompié,2027-03-21T12:00Z
La Liga,Spagna,2026-27,29,2027-03-21,Domenica,13:00,13:00,Rayo Vallecano,Barcellona,sì,Rayo Vallecano de Madrid,FC Barcelona,2027-03-21T12:00Z
La Liga,Spagna,2026-27,29,2027-03-21,Domenica,13:00,13:00,Real Sociedad,Alavés,sì,Real Sociedad de Fútbol,Deportivo Alavés,2027-03-21T12:00Z
La Liga,Spagna,2026-27,29,2027-03-21,Domenica,13:00,13:00,Siviglia,Elche,sì,Sevilla FC,Elche CF,2027-03-21T12:00Z
La Liga,Spagna,2026-27,29,2027-03-21,Domenica,13:00,13:00,Valencia,Deportivo La Coruña,sì,Valencia CF,RC Deportivo La Coruña,2027-03-21T12:00Z
La Liga,Spagna,2026-27,29,2027-03-21,Domenica,13:00,13:00,Villarreal,Málaga,sì,Villarreal CF,Málaga CF,2027-03-21T12:00Z
La Liga,Spagna,2026-27,30,2027-04-04,Domenica,14:00,14:00,Athletic Bilbao,Racing Santander,sì,Athletic Club,Real Racing Club de Santander,2027-04-04T12:00Z
La Liga,Spagna,2026-27,30,2027-04-04,Domenica,14:00,14:00,Barcellona,Siviglia,sì,FC Barcelona,Sevilla FC,2027-04-04T12:00Z
La Liga,Spagna,2026-27,30,2027-04-04,Domenica,14:00,14:00,Betis,Celta Vigo,sì,Real Betis Balompié,RC Celta de Vigo,2027-04-04T12:00Z
La Liga,Spagna,2026-27,30,2027-04-04,Domenica,14:00,14:00,Deportivo La Coruña,Villarreal,sì,RC Deportivo La Coruña,Villarreal CF,2027-04-04T12:00Z
La Liga,Spagna,2026-27,30,2027-04-04,Domenica,14:00,14:00,Elche,Alavés,sì,Elche CF,Deportivo Alavés,2027-04-04T12:00Z
La Liga,Spagna,2026-27,30,2027-04-04,Domenica,14:00,14:00,Getafe,Espanyol,sì,Getafe CF,RCD Espanyol de Barcelona,2027-04-04T12:00Z
La Liga,Spagna,2026-27,30,2027-04-04,Domenica,14:00,14:00,Levante,Rayo Vallecano,sì,Levante UD,Rayo Vallecano de Madrid,2027-04-04T12:00Z
La Liga,Spagna,2026-27,30,2027-04-04,Domenica,14:00,14:00,Málaga,Osasuna,sì,Málaga CF,CA Osasuna,2027-04-04T12:00Z
La Liga,Spagna,2026-27,30,2027-04-04,Domenica,14:00,14:00,Real Madrid,Atlético Madrid,sì,Real Madrid CF,Club Atlético de Madrid,2027-04-04T12:00Z
La Liga,Spagna,2026-27,30,2027-04-04,Domenica,14:00,14:00,Real Sociedad,Valencia,sì,Real Sociedad de Fútbol,Valencia CF,2027-04-04T12:00Z
La Liga,Spagna,2026-27,31,2027-04-11,Domenica,14:00,14:00,Alavés,Betis,sì,Deportivo Alavés,Real Betis Balompié,2027-04-11T12:00Z
La Liga,Spagna,2026-27,31,2027-04-11,Domenica,14:00,14:00,Atlético Madrid,Levante,sì,Club Atlético de Madrid,Levante UD,2027-04-11T12:00Z
La Liga,Spagna,2026-27,31,2027-04-11,Domenica,14:00,14:00,Celta Vigo,Elche,sì,RC Celta de Vigo,Elche CF,2027-04-11T12:00Z
La Liga,Spagna,2026-27,31,2027-04-11,Domenica,14:00,14:00,Espanyol,Málaga,sì,RCD Espanyol de Barcelona,Málaga CF,2027-04-11T12:00Z
La Liga,Spagna,2026-27,31,2027-04-11,Domenica,14:00,14:00,Osasuna,Real Madrid,sì,CA Osasuna,Real Madrid CF,2027-04-11T12:00Z
La Liga,Spagna,2026-27,31,2027-04-11,Domenica,14:00,14:00,Racing Santander,Barcellona,sì,Real Racing Club de Santander,FC Barcelona,2027-04-11T12:00Z
La Liga,Spagna,2026-27,31,2027-04-11,Domenica,14:00,14:00,Rayo Vallecano,Real Sociedad,sì,Rayo Vallecano de Madrid,Real Sociedad de Fútbol,2027-04-11T12:00Z
La Liga,Spagna,2026-27,31,2027-04-11,Domenica,14:00,14:00,Siviglia,Deportivo La Coruña,sì,Sevilla FC,RC Deportivo La Coruña,2027-04-11T12:00Z
La Liga,Spagna,2026-27,31,2027-04-11,Domenica,14:00,14:00,Valencia,Getafe,sì,Valencia CF,Getafe CF,2027-04-11T12:00Z
La Liga,Spagna,2026-27,31,2027-04-11,Domenica,14:00,14:00,Villarreal,Athletic Bilbao,sì,Villarreal CF,Athletic Club,2027-04-11T12:00Z
La Liga,Spagna,2026-27,32,2027-04-18,Domenica,14:00,14:00,Alavés,Rayo Vallecano,sì,Deportivo Alavés,Rayo Vallecano de Madrid,2027-04-18T12:00Z
La Liga,Spagna,2026-27,32,2027-04-18,Domenica,14:00,14:00,Atlético Madrid,Siviglia,sì,Club Atlético de Madrid,Sevilla FC,2027-04-18T12:00Z
La Liga,Spagna,2026-27,32,2027-04-18,Domenica,14:00,14:00,Barcellona,Espanyol,sì,FC Barcelona,RCD Espanyol de Barcelona,2027-04-18T12:00Z
La Liga,Spagna,2026-27,32,2027-04-18,Domenica,14:00,14:00,Betis,Athletic Bilbao,sì,Real Betis Balompié,Athletic Club,2027-04-18T12:00Z
La Liga,Spagna,2026-27,32,2027-04-18,Domenica,14:00,14:00,Deportivo La Coruña,Celta Vigo,sì,RC Deportivo La Coruña,RC Celta de Vigo,2027-04-18T12:00Z
La Liga,Spagna,2026-27,32,2027-04-18,Domenica,14:00,14:00,Elche,Osasuna,sì,Elche CF,CA Osasuna,2027-04-18T12:00Z
La Liga,Spagna,2026-27,32,2027-04-18,Domenica,14:00,14:00,Getafe,Real Madrid,sì,Getafe CF,Real Madrid CF,2027-04-18T12:00Z
La Liga,Spagna,2026-27,32,2027-04-18,Domenica,14:00,14:00,Levante,Villarreal,sì,Levante UD,Villarreal CF,2027-04-18T12:00Z
La Liga,Spagna,2026-27,32,2027-04-18,Domenica,14:00,14:00,Málaga,Valencia,sì,Málaga CF,Valencia CF,2027-04-18T12:00Z
La Liga,Spagna,2026-27,32,2027-04-18,Domenica,14:00,14:00,Real Sociedad,Racing Santander,sì,Real Sociedad de Fútbol,Real Racing Club de Santander,2027-04-18T12:00Z
La Liga,Spagna,2026-27,33,2027-04-21,Mercoledì,14:00,14:00,Athletic Bilbao,Deportivo La Coruña,sì,Athletic Club,RC Deportivo La Coruña,2027-04-21T12:00Z
La Liga,Spagna,2026-27,33,2027-04-21,Mercoledì,14:00,14:00,Celta Vigo,Barcellona,sì,RC Celta de Vigo,FC Barcelona,2027-04-21T12:00Z
La Liga,Spagna,2026-27,33,2027-04-21,Mercoledì,14:00,14:00,Espanyol,Real Sociedad,sì,RCD Espanyol de Barcelona,Real Sociedad de Fútbol,2027-04-21T12:00Z
La Liga,Spagna,2026-27,33,2027-04-21,Mercoledì,14:00,14:00,Getafe,Betis,sì,Getafe CF,Real Betis Balompié,2027-04-21T12:00Z
La Liga,Spagna,2026-27,33,2027-04-21,Mercoledì,14:00,14:00,Osasuna,Alavés,sì,CA Osasuna,Deportivo Alavés,2027-04-21T12:00Z
La Liga,Spagna,2026-27,33,2027-04-21,Mercoledì,14:00,14:00,Racing Santander,Málaga,sì,Real Racing Club de Santander,Málaga CF,2027-04-21T12:00Z
La Liga,Spagna,2026-27,33,2027-04-21,Mercoledì,14:00,14:00,Real Madrid,Elche,sì,Real Madrid CF,Elche CF,2027-04-21T12:00Z
La Liga,Spagna,2026-27,33,2027-04-21,Mercoledì,14:00,14:00,Siviglia,Levante,sì,Sevilla FC,Levante UD,2027-04-21T12:00Z
La Liga,Spagna,2026-27,33,2027-04-21,Mercoledì,14:00,14:00,Valencia,Rayo Vallecano,sì,Valencia CF,Rayo Vallecano de Madrid,2027-04-21T12:00Z
La Liga,Spagna,2026-27,33,2027-04-21,Mercoledì,14:00,14:00,Villarreal,Atlético Madrid,sì,Villarreal CF,Club Atlético de Madrid,2027-04-21T12:00Z
La Liga,Spagna,2026-27,34,2027-05-02,Domenica,14:00,14:00,Atlético Madrid,Alavés,sì,Club Atlético de Madrid,Deportivo Alavés,2027-05-02T12:00Z
La Liga,Spagna,2026-27,34,2027-05-02,Domenica,14:00,14:00,Barcellona,Osasuna,sì,FC Barcelona,CA Osasuna,2027-05-02T12:00Z
La Liga,Spagna,2026-27,34,2027-05-02,Domenica,14:00,14:00,Betis,Valencia,sì,Real Betis Balompié,Valencia CF,2027-05-02T12:00Z
La Liga,Spagna,2026-27,34,2027-05-02,Domenica,14:00,14:00,Celta Vigo,Siviglia,sì,RC Celta de Vigo,Sevilla FC,2027-05-02T12:00Z
La Liga,Spagna,2026-27,34,2027-05-02,Domenica,14:00,14:00,Deportivo La Coruña,Racing Santander,sì,RC Deportivo La Coruña,Real Racing Club de Santander,2027-05-02T12:00Z
La Liga,Spagna,2026-27,34,2027-05-02,Domenica,14:00,14:00,Elche,Espanyol,sì,Elche CF,RCD Espanyol de Barcelona,2027-05-02T12:00Z
La Liga,Spagna,2026-27,34,2027-05-02,Domenica,14:00,14:00,Levante,Real Madrid,sì,Levante UD,Real Madrid CF,2027-05-02T12:00Z
La Liga,Spagna,2026-27,34,2027-05-02,Domenica,14:00,14:00,Málaga,Getafe,sì,Málaga CF,Getafe CF,2027-05-02T12:00Z
La Liga,Spagna,2026-27,34,2027-05-02,Domenica,14:00,14:00,Rayo Vallecano,Villarreal,sì,Rayo Vallecano de Madrid,Villarreal CF,2027-05-02T12:00Z
La Liga,Spagna,2026-27,34,2027-05-02,Domenica,14:00,14:00,Real Sociedad,Athletic Bilbao,sì,Real Sociedad de Fútbol,Athletic Club,2027-05-02T12:00Z
La Liga,Spagna,2026-27,35,2027-05-09,Domenica,14:00,14:00,Alavés,Levante,sì,Deportivo Alavés,Levante UD,2027-05-09T12:00Z
La Liga,Spagna,2026-27,35,2027-05-09,Domenica,14:00,14:00,Athletic Bilbao,Málaga,sì,Athletic Club,Málaga CF,2027-05-09T12:00Z
La Liga,Spagna,2026-27,35,2027-05-09,Domenica,14:00,14:00,Betis,Espanyol,sì,Real Betis Balompié,RCD Espanyol de Barcelona,2027-05-09T12:00Z
La Liga,Spagna,2026-27,35,2027-05-09,Domenica,14:00,14:00,Getafe,Elche,sì,Getafe CF,Elche CF,2027-05-09T12:00Z
La Liga,Spagna,2026-27,35,2027-05-09,Domenica,14:00,14:00,Osasuna,Real Sociedad,sì,CA Osasuna,Real Sociedad de Fútbol,2027-05-09T12:00Z
La Liga,Spagna,2026-27,35,2027-05-09,Domenica,14:00,14:00,Racing Santander,Siviglia,sì,Real Racing Club de Santander,Sevilla FC,2027-05-09T12:00Z
La Liga,Spagna,2026-27,35,2027-05-09,Domenica,14:00,14:00,Rayo Vallecano,Deportivo La Coruña,sì,Rayo Vallecano de Madrid,RC Deportivo La Coruña,2027-05-09T12:00Z
La Liga,Spagna,2026-27,35,2027-05-09,Domenica,14:00,14:00,Real Madrid,Barcellona,sì,Real Madrid CF,FC Barcelona,2027-05-09T12:00Z
La Liga,Spagna,2026-27,35,2027-05-09,Domenica,14:00,14:00,Valencia,Atlético Madrid,sì,Valencia CF,Club Atlético de Madrid,2027-05-09T12:00Z
La Liga,Spagna,2026-27,35,2027-05-09,Domenica,14:00,14:00,Villarreal,Celta Vigo,sì,Villarreal CF,RC Celta de Vigo,2027-05-09T12:00Z
La Liga,Spagna,2026-27,36,2027-05-16,Domenica,14:00,14:00,Atlético Madrid,Rayo Vallecano,sì,Club Atlético de Madrid,Rayo Vallecano de Madrid,2027-05-16T12:00Z
La Liga,Spagna,2026-27,36,2027-05-16,Domenica,14:00,14:00,Deportivo La Coruña,Alavés,sì,RC Deportivo La Coruña,Deportivo Alavés,2027-05-16T12:00Z
La Liga,Spagna,2026-27,36,2027-05-16,Domenica,14:00,14:00,Elche,Athletic Bilbao,sì,Elche CF,Athletic Club,2027-05-16T12:00Z
La Liga,Spagna,2026-27,36,2027-05-16,Domenica,14:00,14:00,Espanyol,Valencia,sì,RCD Espanyol de Barcelona,Valencia CF,2027-05-16T12:00Z
La Liga,Spagna,2026-27,36,2027-05-16,Domenica,14:00,14:00,Levante,Getafe,sì,Levante UD,Getafe CF,2027-05-16T12:00Z
La Liga,Spagna,2026-27,36,2027-05-16,Domenica,14:00,14:00,Málaga,Celta Vigo,sì,Málaga CF,RC Celta de Vigo,2027-05-16T12:00Z
La Liga,Spagna,2026-27,36,2027-05-16,Domenica,14:00,14:00,Osasuna,Betis,sì,CA Osasuna,Real Betis Balompié,2027-05-16T12:00Z
La Liga,Spagna,2026-27,36,2027-05-16,Domenica,14:00,14:00,Real Madrid,Racing Santander,sì,Real Madrid CF,Real Racing Club de Santander,2027-05-16T12:00Z
La Liga,Spagna,2026-27,36,2027-05-16,Domenica,14:00,14:00,Real Sociedad,Barcellona,sì,Real Sociedad de Fútbol,FC Barcelona,2027-05-16T12:00Z
La Liga,Spagna,2026-27,36,2027-05-16,Domenica,14:00,14:00,Siviglia,Villarreal,sì,Sevilla FC,Villarreal CF,2027-05-16T12:00Z
La Liga,Spagna,2026-27,37,2027-05-23,Domenica,14:00,14:00,Alavés,Real Madrid,sì,Deportivo Alavés,Real Madrid CF,2027-05-23T12:00Z
La Liga,Spagna,2026-27,37,2027-05-23,Domenica,14:00,14:00,Atlético Madrid,Athletic Bilbao,sì,Club Atlético de Madrid,Athletic Club,2027-05-23T12:00Z
La Liga,Spagna,2026-27,37,2027-05-23,Domenica,14:00,14:00,Barcellona,Málaga,sì,FC Barcelona,Málaga CF,2027-05-23T12:00Z
La Liga,Spagna,2026-27,37,2027-05-23,Domenica,14:00,14:00,Celta Vigo,Real Sociedad,sì,RC Celta de Vigo,Real Sociedad de Fútbol,2027-05-23T12:00Z
La Liga,Spagna,2026-27,37,2027-05-23,Domenica,14:00,14:00,Deportivo La Coruña,Espanyol,sì,RC Deportivo La Coruña,RCD Espanyol de Barcelona,2027-05-23T12:00Z
La Liga,Spagna,2026-27,37,2027-05-23,Domenica,14:00,14:00,Racing Santander,Levante,sì,Real Racing Club de Santander,Levante UD,2027-05-23T12:00Z
La Liga,Spagna,2026-27,37,2027-05-23,Domenica,14:00,14:00,Rayo Vallecano,Betis,sì,Rayo Vallecano de Madrid,Real Betis Balompié,2027-05-23T12:00Z
La Liga,Spagna,2026-27,37,2027-05-23,Domenica,14:00,14:00,Siviglia,Getafe,sì,Sevilla FC,Getafe CF,2027-05-23T12:00Z
La Liga,Spagna,2026-27,37,2027-05-23,Domenica,14:00,14:00,Valencia,Elche,sì,Valencia CF,Elche CF,2027-05-23T12:00Z
La Liga,Spagna,2026-27,37,2027-05-23,Domenica,14:00,14:00,Villarreal,Osasuna,sì,Villarreal CF,CA Osasuna,2027-05-23T12:00Z
La Liga,Spagna,2026-27,38,2027-05-30,Domenica,14:00,14:00,Athletic Bilbao,Rayo Vallecano,sì,Athletic Club,Rayo Vallecano de Madrid,2027-05-30T12:00Z
La Liga,Spagna,2026-27,38,2027-05-30,Domenica,14:00,14:00,Betis,Atlético Madrid,sì,Real Betis Balompié,Club Atlético de Madrid,2027-05-30T12:00Z
La Liga,Spagna,2026-27,38,2027-05-30,Domenica,14:00,14:00,Elche,Racing Santander,sì,Elche CF,Real Racing Club de Santander,2027-05-30T12:00Z
La Liga,Spagna,2026-27,38,2027-05-30,Domenica,14:00,14:00,Espanyol,Alavés,sì,RCD Espanyol de Barcelona,Deportivo Alavés,2027-05-30T12:00Z
La Liga,Spagna,2026-27,38,2027-05-30,Domenica,14:00,14:00,Getafe,Barcellona,sì,Getafe CF,FC Barcelona,2027-05-30T12:00Z
La Liga,Spagna,2026-27,38,2027-05-30,Domenica,14:00,14:00,Levante,Celta Vigo,sì,Levante UD,RC Celta de Vigo,2027-05-30T12:00Z
La Liga,Spagna,2026-27,38,2027-05-30,Domenica,14:00,14:00,Málaga,Siviglia,sì,Málaga CF,Sevilla FC,2027-05-30T12:00Z
La Liga,Spagna,2026-27,38,2027-05-30,Domenica,14:00,14:00,Osasuna,Valencia,sì,CA Osasuna,Valencia CF,2027-05-30T12:00Z
La Liga,Spagna,2026-27,38,2027-05-30,Domenica,14:00,14:00,Real Madrid,Deportivo La Coruña,sì,Real Madrid CF,RC Deportivo La Coruña,2027-05-30T12:00Z
La Liga,Spagna,2026-27,38,2027-05-30,Domenica,14:00,14:00,Real Sociedad,Villarreal,sì,Real Sociedad de Fútbol,Villarreal CF,2027-05-30T12:00Z
