club_name,club_id_assegnato,n,conf,tasso,alt_id,alt_n
Genoa,252,263,241,0.9163498098859315,6574.0,3
Olympiacos,683,241,202,0.8381742738589212,169.0,6
Roma,12,198,179,0.9040404040404041,5.0,2
Trabzonspor,449,198,192,0.9696969696969697,252.0,1
Fiorentina,430,197,181,0.9187817258883249,749.0,2
Hellas Verona,276,196,188,0.9591836734693877,4083.0,1
Standard Liège,3057,196,188,0.9591836734693877,29228.0,1
Atalanta,800,194,174,0.8969072164948454,1025.0,2
Sampdoria,1038,194,160,0.8247422680412371,749.0,2
Anderlecht,58,189,173,0.9153439153439153,2861.0,5
Torino,416,188,171,0.9095744680851063,252.0,2
Parma,130,187,156,0.8342245989304813,2921.0,4
Çaykur Rizespor,126,187,173,0.9251336898395722,141.0,2
Kayserispor,3205,184,180,0.9782608695652174,19771.0,1
Juventus,506,182,132,0.7252747252747253,6574.0,6
Cagliari,1390,181,172,0.9502762430939227,475.0,2
Panathinaikos,265,179,170,0.9497206703910615,2672.0,2
Empoli,749,179,161,0.8994413407821229,252.0,2
Galatasaray,141,178,170,0.9550561797752809,3205.0,2
Inter Milan,46,178,148,0.8314606741573034,1025.0,4
Marseille,244,177,176,0.9943502824858758,36.0,1
Beşiktaş,114,176,165,0.9375,11282.0,2
Bologna,1025,176,163,0.9261363636363636,276.0,3
Gent,157,175,163,0.9314285714285714,3205.0,1
Sassuolo,6574,175,155,0.8857142857142857,1047.0,2
Chornomorets Odesa,6992,172,151,0.877906976744186,49364.0,4
Sevilla,368,171,165,0.9649122807017544,940.0,1
Motherwell,987,171,170,0.9941520467836257,4603.0,1
Fenerbahçe,36,169,155,0.9171597633136095,6646.0,3
Kilmarnock,2553,169,155,0.9171597633136095,465.0,3
Kasımpaşa,10484,168,167,0.9940476190476191,2282.0,1
Udinese,410,168,156,0.9285714285714286,16795.0,2
AC Milan,5,168,150,0.8928571428571429,749.0,2
Benfica,294,167,148,0.8862275449101796,3336.0,5
Panetolikos,6418,166,165,0.9939759036144579,30120.0,1
Getafe,3709,166,159,0.9578313253012049,150.0,2
PEC Zwolle,1269,166,160,0.963855421686747,200.0,1
Watford,1010,166,103,0.6204819277108434,410.0,10
Konyaspor,2293,166,160,0.963855421686747,30120.0,1
Monaco,162,166,149,0.8975903614457831,520.0,10
Rennes,273,165,157,0.9515151515151515,826.0,1
Aston Villa,405,165,133,0.806060606060606,631.0,3
PAOK,1091,164,150,0.9146341463414634,128.0,3
Hibernian,903,163,149,0.9141104294478528,371.0,3
Granada,16795,163,139,0.852760736196319,366.0,3
Chelsea,631,162,123,0.7592592592592593,499.0,6
VfB Stuttgart,79,160,148,0.925,533.0,2
Celtic,371,160,143,0.89375,2553.0,3
Nottingham Forest,703,159,72,0.4528301886792453,683.0,14
Antalyaspor,589,158,155,0.9810126582278481,19771.0,2
St Mirren,465,158,150,0.9493670886075949,2451.0,1
Metz,347,158,142,0.8987341772151899,2715.0,3
AEK Athens,2441,158,141,0.8924050632911392,3999.0,3
Lamia,3999,157,143,0.910828025477707,169.0,3
Nice,417,156,152,0.9743589743589743,6646.0,1
Estoril,1465,156,135,0.8653846153846154,3325.0,3
Manchester City,281,156,94,0.6025641025641025,132.0,8
Willem II,403,156,148,0.9487179487179487,202.0,2
Eintracht Frankfurt,24,156,150,0.9615384615384616,33.0,2
Zulte Waregem,3508,155,149,0.9612903225806452,543.0,1
Sporting CP,336,155,146,0.9419354838709677,2722.0,1
Ross County,2759,153,142,0.9281045751633987,1519.0,2
Lens,826,153,112,0.7320261437908496,347.0,3
Villarreal,1050,153,142,0.9281045751633987,368.0,2
Nantes,995,152,148,0.9736842105263158,10004.0,1
West Ham United,379,152,143,0.9407894736842105,350.0,1
Aberdeen,370,151,142,0.9403973509933775,903.0,1
Cercle Brugge,520,150,141,0.94,601.0,2
Utrecht,200,150,146,0.9733333333333334,1434.0,2
Lille,1082,148,138,0.9324324324324325,29228.0,3
Levadiakos,2672,148,140,0.9459459459459459,553.0,1
Brighton & Hove Albion,1237,147,101,0.6870748299319728,931.0,4
Valencia,1049,147,141,0.9591836734693877,3329.0,2
Gençlerbirliği,820,146,128,0.8767123287671232,24245.0,2
Rangers,124,146,133,0.910958904109589,43.0,2
Dundee,511,146,132,0.9041095890410958,371.0,3
Heart of Midlothian,43,146,141,0.9657534246575342,370.0,1
Lyon,1041,144,136,0.9444444444444444,31.0,1
Saint-Étienne,618,144,128,0.8888888888888888,1158.0,3
Schalke 04,33,143,121,0.8461538461538461,89.0,2
Fulham,931,143,109,0.7622377622377622,7378.0,2
Dundee United,1519,143,125,0.8741258741258742,2759.0,3
Sivasspor,2381,143,135,0.9440559440559441,120.0,2
Rostov,1083,142,137,0.9647887323943662,269.0,1
Kortrijk,601,141,133,0.9432624113475178,1420.0,1
Twente,317,141,136,0.9645390070921985,610.0,1
Alavés,1108,140,129,0.9214285714285714,237.0,1
Copenhagen,190,140,136,0.9714285714285714,89.0,1
Sparta Rotterdam,468,139,128,0.920863309352518,403.0,2
Asteras Tripolis,6676,139,133,0.9568345323741008,265.0,1
Toulouse,415,139,134,0.9640287769784173,157.0,2
Groningen,202,139,134,0.9640287769784173,468.0,1
Paris Saint-Germain,583,137,125,0.9124087591240876,995.0,2
NEC,467,136,112,0.8235294117647058,1269.0,4
Rio Ave,2425,136,132,0.9705882352941176,29228.0,1
NAC Breda,132,136,106,0.7794117647058824,200.0,3
Fatih Karagümrük,6646,135,114,0.8444444444444444,820.0,2
Alanyaspor,11282,135,127,0.9407407407407408,2293.0,3
Mainz 05,39,135,129,0.9555555555555556,43.0,1
Go Ahead Eagles,1435,135,121,0.8962962962962963,1304.0,3
Atlético Madrid,13,134,115,0.8582089552238806,1108.0,3
ADO Den Haag,1268,134,117,0.8731343283582089,1053.0,2
Ankaragücü,868,133,110,0.8270676691729323,7775.0,3
Braga,1075,131,125,0.9541984732824428,979.0,2
Southampton,180,131,116,0.8854961832061069,1467.0,2
Strasbourg,667,131,121,0.9236641221374046,855.0,2
PSV,383,130,122,0.9384615384615385,192.0,2
Reims,1421,130,120,0.9230769230769231,995.0,1
Göztepe,1467,129,105,0.813953488372093,2293.0,2
Wolverhampton Wanderers,543,129,88,0.6821705426356589,989.0,3
Crystal Palace,873,129,111,0.8604651162790697,984.0,2
Heerenveen,306,129,125,0.9689922480620154,1420.0,1
Angers,1420,128,123,0.9609375,995.0,1
Sunderland,289,128,99,0.7734375,583.0,2
Brøndby,206,128,121,0.9453125,369.0,1
Norwich City,1123,128,88,0.6875,2999.0,4
Tottenham Hotspur,148,128,111,0.8671875,762.0,2
Heracles Almelo,1304,128,128,1.0,,0
Vitesse,499,128,122,0.953125,1455.0,2
Nordsjælland,2778,128,126,0.984375,133.0,1
Werder Bremen,86,127,121,0.952755905511811,3384.0,1
Valladolid,366,127,103,0.8110236220472441,621.0,3
Napoli,6195,127,114,0.8976377952755905,130.0,3
Liverpool,31,125,108,0.864,2553.0,2
Adana Demirspor,3840,125,65,0.52,1506.0,7
Porto,720,125,116,0.928,982.0,2
Charleroi,172,124,122,0.9838709677419355,3948.0,1
Midtjylland,865,124,114,0.9193548387096774,2414.0,3
VfL Wolfsburg,82,124,115,0.9274193548387096,167.0,1
Espanyol,714,124,122,0.9838709677419355,1132.0,1
Genk,1184,124,118,0.9516129032258065,4172.0,1
Lorient,1158,123,114,0.926829268292683,417.0,2
Apollon Smyrnis,441,123,98,0.7967479674796748,2672.0,3
Lazio,398,122,111,0.9098360655737705,380.0,2
Mechelen,354,122,120,0.9836065573770492,1245.0,1
Arsenal,11,122,97,0.7950819672131147,337.0,3
Krasnodar,16704,121,111,0.9173553719008265,49702.0,3
1. FC Köln,3,121,116,0.9586776859504132,23826.0,1
Borussia Dortmund,16,121,115,0.9504132231404959,2036.0,1
Bayern Munich,27,121,115,0.9504132231404959,383.0,2
Manchester United,985,121,104,0.859504132231405,200.0,2
Lecce,1005,121,107,0.8842975206611571,4171.0,2
Leganés,1244,121,93,0.768595041322314,366.0,3
Montpellier,969,120,117,0.975,3854.0,1
Burnley,1132,120,95,0.7916666666666666,511.0,7
Union Berlin,89,120,105,0.875,39.0,1
Dynamo Kyiv,338,120,88,0.7333333333333333,6992.0,8
FC Augsburg,167,120,119,0.9916666666666667,148.0,1
PAS Giannina,2671,120,117,0.975,2503.0,1
Girona,12321,120,82,0.6833333333333333,1533.0,4
Hamburger SV,41,119,89,0.7478991596638656,89.0,4
Bayer Leverkusen,15,119,112,0.9411764705882353,206.0,1
SC Freiburg,60,119,113,0.9495798319327731,475.0,2
Spezia,3522,119,86,0.7226890756302521,749.0,4
Mallorca,237,118,91,0.7711864406779662,29228.0,3
Leeds United,399,118,72,0.6101694915254238,1390.0,3
Elche,1531,118,94,0.7966101694915254,366.0,2
Levante,3368,117,105,0.8974358974358975,683.0,2
Salernitana,380,117,84,0.717948717948718,398.0,4
Everton,29,117,106,0.905982905982906,865.0,1
Betis,150,117,114,0.9743589743589743,3709.0,1
Brest,3911,117,91,0.7777777777777778,347.0,2
Rayo Vallecano,367,117,109,0.9316239316239316,1244.0,1
RB Leipzig,23826,117,102,0.8717948717948718,27.0,1
Barcelona,131,117,108,0.9230769230769231,281.0,1
Livingston,1241,116,103,0.8879310344827587,2451.0,3
Moreirense,979,116,113,0.9741379310344828,1301.0,1
Frosinone,8970,116,91,0.7844827586206896,2919.0,3
Troyes,1095,113,83,0.7345132743362832,347.0,2
Oleksandriya,18303,112,106,0.9464285714285714,709.0,1
Arouca,8024,112,104,0.9285714285714286,2503.0,1
Las Palmas,472,111,89,0.8018018018018018,3709.0,2
Boavista,2503,111,111,1.0,,0
Hull City,3008,111,65,0.5855855855855856,677.0,4
Eupen,1245,111,107,0.963963963963964,924.0,1
Middlesbrough,641,110,50,0.45454545454545453,989.0,4
Newcastle United,762,110,94,0.8545454545454545,58.0,1
Leicester City,1003,110,94,0.8545454545454545,987.0,3
Orenburg,14589,110,105,0.9545454545454546,49702.0,1
Pescara,2921,109,66,0.6055045871559633,252.0,4
Stoke City,512,109,65,0.5963302752293578,2288.0,3
West Bromwich Albion,984,109,82,0.7522935779816514,1003.0,2
Bordeaux,40,108,91,0.8425925925925926,667.0,2
Sheffield United,350,108,75,0.6944444444444444,29.0,2
Hertha BSC,44,108,98,0.9074074074074074,6195.0,1
Crotone,4083,107,86,0.8037383177570093,130.0,3
Gaziantep,2832,107,104,0.9719626168224299,11282.0,1
St Johnstone,2578,106,101,0.9528301886792453,1241.0,1
Panionios,169,106,99,0.9339622641509434,3999.0,1
Gil Vicente,2424,106,95,0.8962264150943396,3325.0,2
Auxerre,290,105,61,0.580952380952381,1162.0,4
Bursaspor,20,105,86,0.819047619047619,3840.0,2
Marítimo,1301,105,97,0.9238095238095239,2420.0,2
Almería,3302,103,61,0.5922330097087378,367.0,8
Westerlo,968,103,91,0.883495145631068,475.0,2
Famalicão,3329,103,96,0.9320388349514563,979.0,3
Khimki,3719,102,95,0.9313725490196079,41231.0,1
Swansea City,2288,102,66,0.6470588235294118,543.0,2
Nacional,982,102,76,0.7450980392156863,1390.0,2
Red Bull Salzburg,409,102,48,0.47058823529411764,23826.0,6
Tondela,7179,102,95,0.9313725490196079,4750.0,2
Shakhtar Donetsk,660,101,70,0.693069306930693,6993.0,15
Chievo,862,101,83,0.8217821782178217,1025.0,2
Hannover 96,42,101,68,0.6732673267326733,3.0,4
Emmen,1283,100,73,0.73,202.0,6
Randers,5724,100,98,0.98,5818.0,1
Celta,940,99,95,0.9595959595959596,331.0,1
Cádiz,2687,99,76,0.7676767676767676,16795.0,2
Le Havre,738,99,53,0.5353535353535354,1041.0,5
TSG Hoffenheim,533,99,94,0.9494949494949495,206.0,1
Vorskla Poltava,2740,99,91,0.9191919191919192,49364.0,2
Oostende,2861,99,96,0.9696969696969697,40.0,1
Cremonese,2239,98,67,0.6836734693877551,2919.0,2
Caen,1162,98,66,0.673469387755102,290.0,3
Eibar,1533,97,83,0.8556701030927835,3709.0,3
Brentford,1148,97,66,0.6804123711340206,1132.0,2
SPAL,2722,96,82,0.8541666666666666,1390.0,3
Real Madrid,418,96,84,0.875,3709.0,3
Real Sociedad,681,96,95,0.9895833333333334,11.0,1
Sochi,41231,95,87,0.9157894736842105,2503.0,1
Venezia,607,95,68,0.7157894736842105,430.0,3
Palermo,458,95,60,0.631578947368421,749.0,6
Anzhi Makhachkala,2700,95,88,0.9263157894736842,2439.0,2
Antwerp,1096,95,82,0.8631578947368421,354.0,3
Vitória Guimarães,2420,95,95,1.0,,0
Dijon,2969,95,74,0.7789473684210526,1158.0,3
RKC Waalwijk,235,94,91,0.9680851063829787,132.0,1
Cardiff City,603,94,54,0.574468085106383,873.0,4
VfL Bochum,80,94,66,0.7021276595744681,24.0,3
Fortuna Düsseldorf,38,94,54,0.574468085106383,42.0,4
Málaga,1084,93,63,0.6774193548387096,237.0,3
Cambuur,133,93,74,0.7956989247311828,1269.0,3
Lyngby,369,93,89,0.956989247311828,2778.0,1
Hamilton Academical,2999,93,83,0.8924731182795699,1241.0,2
Ural Yekaterinburg,11127,93,86,0.9247311827956989,1083.0,1
Birmingham City,337,92,31,0.33695652173913043,985.0,3
Borussia Mönchengladbach,18,92,88,0.9565217391304348,157.0,1
Deportivo La Coruña,897,91,64,0.7032967032967034,5358.0,3
Queens Park Rangers,1039,89,41,0.4606741573033708,379.0,3
Arsenal Tula,3729,89,76,0.8539325842696629,3719.0,4
Akhmat Grozny,3725,88,87,0.9886363636363636,1083.0,1
1. FC Nürnberg,4,88,48,0.5454545454545454,82.0,3
Partick Thistle,2760,87,62,0.7126436781609196,511.0,5
Portimonense,7378,87,75,0.8620689655172413,1301.0,3
Huddersfield Town,1110,87,45,0.5172413793103449,1237.0,3
Darmstadt 98,105,86,72,0.8372093023255814,167.0,3
Mouscron,29228,85,78,0.9176470588235294,172.0,3
Kolos Kovalivka,48332,85,77,0.9058823529411765,660.0,1
Guingamp,855,85,58,0.6823529411764706,1421.0,2
Yeni Malatyaspor,19789,85,76,0.8941176470588236,2969.0,2
Dinamo Zagreb,419,85,54,0.6352941176470588,276.0,2
Viborg,1063,84,78,0.9285714285714286,5817.0,1
Amiens,1416,84,48,0.5714285714285714,995.0,3
VVV-Venlo,1426,84,75,0.8928571428571429,385.0,2
Wigan Athletic,1071,84,24,0.2857142857142857,931.0,6
Red Star Belgrade,159,84,48,0.5714285714285714,995.0,2
SønderjyskE,5817,84,83,0.9880952380952381,369.0,1
Osasuna,331,84,76,0.9047619047619048,16.0,1
Monza,2919,84,73,0.8690476190476191,130.0,3
Hatayspor,7775,84,76,0.9047619047619048,1467.0,2
Silkeborg,1177,83,82,0.9879518072289156,190.0,1
Ipswich Town,677,83,42,0.5060240963855421,2553.0,2
Chaves,3325,82,60,0.7317073170731707,2995.0,3
Zenit Saint Petersburg,964,81,78,0.9629629629629629,41231.0,2
De Graafschap,642,81,53,0.654320987654321,1269.0,3
Veria,2079,80,75,0.9375,3060.0,1
Olimpik Donetsk,23611,80,76,0.95,83678.0,1
Benevento,4171,80,68,0.85,1390.0,2
Basel,26,80,37,0.4625,417.0,3
Bastia,595,77,56,0.7272727272727273,667.0,4
Beerschot,566,76,5,0.06578947368421052,41274.0,62
Platanias,21957,76,74,0.9736842105263158,2441.0,1
Greuther Fürth,65,76,36,0.47368421052631576,39.0,3
Ajaccio,1147,75,52,0.6933333333333334,683.0,3
Dnipro-1,60551,75,67,0.8933333333333333,338.0,1
Athletic Bilbao,621,74,70,0.9459459459459459,681.0,1
Ufa,28095,74,67,0.9054054054054054,49702.0,2
Como,1047,74,55,0.7432432432432432,1390.0,1
Sparta Prague,197,73,47,0.6438356164383562,15.0,2
Brescia,19,73,38,0.5205479452054794,1025.0,3
Derby County,22,73,28,0.3835616438356164,350.0,6
Clermont,3524,72,47,0.6527777777777778,1420.0,3
Sheffield Wednesday,1035,72,20,0.2777777777777778,370.0,2
Barnsley,349,71,19,0.2676056338028169,1003.0,3
Reading,1032,71,20,0.28169014084507044,873.0,4
Panserraikos,3385,71,64,0.9014084507042254,2671.0,1
Eyüpspor,7160,71,44,0.6197183098591549,24245.0,5
Zaragoza,142,70,15,0.21428571428571427,1108.0,6
Blackburn Rovers,164,70,24,0.34285714285714286,157.0,2
Partizan,669,70,38,0.5428571428571428,430.0,2
Volendam,724,70,59,0.8428571428571429,133.0,2
Charlton Athletic,358,70,23,0.32857142857142857,475.0,4
Sturm Graz,122,69,37,0.5362318840579711,39.0,2
Samsunspor,152,69,44,0.6376811594202898,2381.0,3
Nîmes,1160,68,50,0.7352941176470589,1158.0,3
Rijeka,144,68,32,0.47058823529411764,3057.0,2
Torpedo Moscow,1186,68,54,0.7941176470588235,1124.0,2
Huesca,5358,68,44,0.6470588235294118,331.0,2
Mariupol,6993,67,63,0.9402985074626866,49364.0,1
Roda JC,192,67,48,0.7164179104477612,1304.0,2
Paris FC,10004,66,31,0.4696969696969697,3911.0,3
Almere City,723,66,45,0.6818181818181818,642.0,3
Gaziantepspor,524,66,65,0.9848484848484849,141.0,1
Hajduk Split,447,66,33,0.5,10484.0,2
Slavia Prague,62,65,45,0.6923076923076923,2311.0,2
Lech Poznań,238,65,27,0.4153846153846154,338.0,2
Sochaux,750,65,15,0.23076923076923078,1420.0,3
Bayern Munich II,27,64,49,0.765625,167.0,2
Santa Clara,2423,64,60,0.9375,2503.0,1
APOEL,2784,63,10,0.15873015873015872,683.0,3
Dordrecht,1455,63,33,0.5238095238095238,1304.0,4
SC Paderborn,127,63,42,0.6666666666666666,2036.0,2
Sporting Gijón,2448,63,29,0.4603174603174603,1050.0,2
SC Freiburg II,60,62,56,0.9032258064516129,39.0,1
Belenenses,68608,62,54,0.8709677419354839,2457.0,5
Bournemouth,989,62,56,0.9032258064516129,2553.0,2
Coventry City,990,62,18,0.2903225806451613,2760.0,4
CFR Cluj,7769,62,33,0.532258064516129,833.0,2
Inverness Caledonian Thistle,2451,62,45,0.7258064516129032,2759.0,5
Veres Rivne,26459,62,56,0.9032258064516129,2740.0,1
Karabükspor,1506,61,56,0.9180327868852459,825.0,1
Eskişehirspor,825,61,45,0.7377049180327869,6890.0,3
Lokeren,498,61,51,0.8360655737704918,3508.0,2
Kerkyra,5219,61,55,0.9016393442622951,441.0,2
Xanthi,128,61,54,0.8852459016393442,4603.0,2
Malmö FF,496,61,44,0.7213114754098361,86.0,1
Vitória Setúbal,1085,61,58,0.9508196721311475,7185.0,1
Denizlispor,833,61,46,0.7540983606557377,39722.0,3
FC St. Pauli,35,60,37,0.6166666666666667,65.0,3
Luton Town,1031,60,36,0.6,43.0,2
Blackpool,1181,60,23,0.38333333333333336,370.0,3
Rukh Lviv,48726,60,57,0.95,4482.0,1
Arminia Bielefeld,10,59,44,0.7457627118644068,44.0,2
Bari,332,59,7,0.11864406779661017,276.0,4
Polissya Zhytomyr,53646,59,46,0.7796610169491526,6992.0,3
Valenciennes,1423,58,12,0.20689655172413793,667.0,4
Cesena,1429,58,43,0.7413793103448276,800.0,4
River Plate,209,58,13,0.22413793103448276,3709.0,3
Falkirk,1191,57,33,0.5789473684210527,2578.0,4
İstanbulspor,924,56,41,0.7321428571428571,449.0,3
Oviedo,2497,56,30,0.5357142857142857,1244.0,3
Farense,4294,56,45,0.8035714285714286,2424.0,2
Esbjerg fB,3426,56,51,0.9107142857142857,5724.0,2
Ergotelis,5220,56,45,0.8035714285714286,3999.0,3
Nancy,1159,56,27,0.48214285714285715,2861.0,3
Giresunspor,11688,55,31,0.5636363636363636,1506.0,5
Arsenal Kyiv,9007,55,51,0.9272727272727272,8838.0,1
Bolton Wanderers,355,54,7,0.12962962962962962,379.0,4
Volyn Lutsk,4482,54,41,0.7592592592592593,18105.0,3
Casa Pia,3268,54,49,0.9074074074074074,2420.0,1
Bristol City,698,53,16,0.3018867924528302,1003.0,3
Royal Antwerp,1096,53,50,0.9433962264150944,566.0,1
Lausanne-Sport,527,53,17,0.32075471698113206,417.0,8
Rotherham United,1194,52,15,0.28846153846153844,370.0,4
Maccabi Tel Aviv,119,52,20,0.38461538461538464,6646.0,2
Apollon Limassol,429,52,4,0.07692307692307693,29228.0,6
Pisa,4172,52,38,0.7307692307692307,2919.0,4
Telstar,1434,51,30,0.5882352941176471,798.0,3
LNZ Cherkasy,63007,51,48,0.9411764705882353,61825.0,2
Ümraniyespor,24245,51,27,0.5294117647058824,2381.0,3
Lierse,204,51,38,0.7450980392156863,475.0,2
Fakel Voronezh,1124,50,42,0.84,3719.0,2
Perugia,839,50,9,0.18,276.0,4
Córdoba,993,49,22,0.4489795918367347,366.0,3
Omonia,829,49,14,0.2857142857142857,6676.0,3
Paços de Ferreira,2995,49,44,0.8979591836734694,3329.0,1
AFC Bournemouth,989,49,37,0.7551020408163265,873.0,1
Mirandés,13222,49,8,0.16326530612244897,621.0,7
Tom Tomsk,3691,49,37,0.7551020408163265,2696.0,2
Plymouth Argyle,2262,48,12,0.25,987.0,4
Carpi,4102,48,36,0.75,862.0,2
Académica,2990,48,30,0.625,68608.0,3
Vendsyssel,19657,47,28,0.5957446808510638,369.0,4
CSKA Sofia,208,47,7,0.14893617021276595,68608.0,2
Palmeiras,1023,47,14,0.2978723404255319,281.0,2
FCSB,301,47,38,0.8085106382978723,4603.0,1
Servette,61,46,24,0.5217391304347826,6890.0,2
Krasnodar-2,16704,46,40,0.8695652173913043,41201.0,1
Hobro,5818,46,39,0.8478260869565217,1177.0,2
1. FC Heidenheim,2036,46,35,0.7608695652173914,157.0,3
Feirense,3349,46,29,0.6304347826086957,1465.0,2
Bodø/Glimt,501,46,35,0.7608695652173914,1158.0,2
Jagiellonia Białystok,2300,45,32,0.7111111111111111,276.0,1
Preston North End,466,45,19,0.4222222222222222,405.0,2
Boca Juniors,189,45,5,0.1111111111111111,252.0,3
Eintracht Braunschweig,23,45,15,0.3333333333333333,89.0,6
Verona,276,45,38,0.8444444444444444,130.0,1
SKA-Khabarovsk,3690,45,33,0.7333333333333333,1186.0,4
Paços Ferreira,2995,44,42,0.9545454545454546,3329.0,1
Flamengo,614,44,12,0.2727272727272727,5.0,4
Holstein Kiel,269,43,29,0.6744186046511628,3.0,2
Aves,3336,43,37,0.8604651162790697,2995.0,3
Pafos,45457,43,8,0.18604651162790697,1245.0,2
Raków Częstochowa,9644,43,19,0.4418604651162791,3329.0,2
St. Gallen,257,43,16,0.37209302325581395,80.0,2
Viking,239,42,27,0.6428571428571429,206.0,3
Zirka Kropyvnytskyi,8838,42,42,1.0,,0
Kocaelispor,120,42,24,0.5714285714285714,868.0,5
Ascoli,408,42,2,0.047619047619047616,800.0,3
Rosenborg,195,42,26,0.6190476190476191,44.0,1
1. FC Kaiserslautern,2,42,12,0.2857142857142857,127.0,3
Elazığspor,2292,41,29,0.7073170731707317,19789.0,2
Portsmouth,1020,41,15,0.36585365853658536,370.0,3
Panthrakikos,7185,41,41,1.0,,0
Viktoria Plzeň,941,41,31,0.7560975609756098,3205.0,1
Amkar Perm,4128,41,39,0.9512195121951219,2700.0,1
Brann,1100,40,23,0.575,3426.0,2
Millwall,1028,40,13,0.325,180.0,3
Peterborough United,1072,40,10,0.25,370.0,3
Astana,22220,40,18,0.45,1050.0,1
Vizela,6912,40,33,0.825,2503.0,2
São Paulo,585,39,0,0.0,7378.0,3
Athens Kallithea,3062,38,28,0.7368421052631579,3999.0,5
Dunfermline Athletic,1270,38,14,0.3684210526315789,2553.0,4
Seraing,2715,38,34,0.8947368421052632,1245.0,1
Kayseri Erciyesspor,6894,38,35,0.9210526315789473,2999.0,1
Lugano,2790,38,21,0.5526315789473685,252.0,2
Universitatea Craiova,40812,38,27,0.7105263157894737,3329.0,1
Hammarby IF,1059,37,23,0.6216216216216216,86.0,1
Sion,321,37,1,0.02702702702702703,60.0,2
Pendikspor,3209,37,25,0.6756756756756757,7160.0,3
Shrewsbury Town,3054,37,13,0.35135135135135137,370.0,4
Ludogorets Razgrad,31614,37,20,0.5405405405405406,157.0,2
Botafogo,537,36,14,0.3888888888888889,54189.0,5
Oldham Athletic,1078,36,12,0.3333333333333333,2759.0,5
Zürich,260,36,8,0.2222222222222222,1158.0,2
Raith Rovers,2795,36,15,0.4166666666666667,2553.0,4
Doncaster Rovers,2454,36,10,0.2777777777777778,405.0,3
Maccabi Haifa,1064,36,11,0.3055555555555556,601.0,2
Greenock Morton,3026,36,11,0.3055555555555556,2578.0,4
AVS,110302,35,35,1.0,,0
Ternana,1103,35,6,0.17142857142857143,458.0,3
Grêmio,210,35,0,0.0,121.0,2
Adanaspor,6,34,12,0.35294117647058826,7775.0,3
Vojvodina,448,34,18,0.5294117647058824,4603.0,2
Ayr United,1192,34,15,0.4411764705882353,1241.0,4
Oxford United,988,34,17,0.5,987.0,4
Leixões,3345,34,6,0.17647058823529413,2424.0,4
Wisła Kraków,422,34,0,0.0,252.0,3
Karlsruher SC,48,34,7,0.20588235294117646,60.0,3
Al-Ahli,18487,34,0,0.0,252.0,2
Slovan Bratislava,540,34,14,0.4117647058823529,1010.0,1
Burton Albion,2963,34,10,0.29411764705882354,2759.0,3
AEK Larnaca,2156,34,8,0.23529411764705882,6418.0,2
Sarpsborg 08,10217,34,4,0.11764705882352941,5724.0,2
AEL Kalloni,28956,34,32,0.9411764705882353,2672.0,1
Balıkesirspor,20698,33,26,0.7878787878787878,36.0,1
AEL Limassol,786,33,0,0.0,979.0,3
Sønderjyske,5817,33,32,0.9696969696969697,190.0,1
Port Vale,1211,33,10,0.30303030303030304,2759.0,4
Swindon Town,352,32,7,0.21875,903.0,3
Milton Keynes Dons,991,32,8,0.25,379.0,3
Levski Sofia,156,32,8,0.25,172.0,2
1899 Hoffenheim,533,32,27,0.84375,416.0,1
Hvidovre,1894,31,23,0.7419354838709677,2414.0,3
Śląsk Wrocław,759,31,15,0.4838709677419355,173.0,2
Qarabağ,10625,31,9,0.2903225806451613,1304.0,1
Albacete,1532,31,2,0.06451612903225806,237.0,2
Sheriff Tiraspol,2481,31,17,0.5483870967741935,1304.0,2
Slovan Liberec,697,31,5,0.16129032258064516,377.0,3
Aris Limassol,10586,31,8,0.25806451612903225,124.0,2
SV Sandhausen,254,30,11,0.36666666666666664,79.0,2
Colchester United,1060,30,9,0.3,511.0,4
Wolfsberger AC,4441,30,19,0.6333333333333333,86.0,1
Lechia Gdańsk,4000,30,2,0.06666666666666667,1085.0,2
Lugo,11000,30,7,0.23333333333333334,1050.0,2
Dinamo Minsk,1180,30,16,0.5333333333333333,3714.0,2
Catania,1627,30,20,0.6666666666666666,1533.0,2
Molde,687,30,17,0.5666666666666667,239.0,2
Cartagena,7077,30,6,0.2,5358.0,3
Fleetwood Town,11177,30,8,0.26666666666666666,370.0,3
Livorno,1210,29,19,0.6551724137931034,29228.0,1
Reggina,1386,29,5,0.1724137931034483,1038.0,3
Tenerife,648,29,5,0.1724137931034483,3709.0,2
Al-Nassr,18544,29,0,0.0,3807.0,4
FC Utrecht,200,29,29,1.0,,0
Altay,2375,29,19,0.6551724137931034,589.0,2
Helmond Sport,500,29,10,0.3448275862068966,200.0,2
Zenit-2 Saint Petersburg,964,29,22,0.7586206896551724,41231.0,1
1860 Munich,72,28,5,0.17857142857142858,167.0,2
Akhisarspor,19771,28,27,0.9642857142857143,39722.0,1
Esbjerg,3426,28,25,0.8928571428571429,865.0,1
Baník Ostrava,377,28,23,0.8214285714285714,62.0,1
Helsingør,22110,28,19,0.6785714285714286,5818.0,2
Osijek,327,28,10,0.35714285714285715,144.0,1
Olhanense,4750,28,21,0.75,68608.0,2
FC Ingolstadt,4795,28,17,0.6071428571428571,82.0,2
Universitatea Cluj,6429,28,16,0.5714285714285714,301.0,3
Melbourne City,25580,28,0,0.0,43.0,4
Stabæk,1274,28,3,0.10714285714285714,157.0,2
B-SAD,2457,27,25,0.9259259259259259,2990.0,1
FC Arsenal Tula,3729,27,27,1.0,,0
Racing Santander,630,27,4,0.14814814814814814,2424.0,3
TOP Oss,1228,27,7,0.25925925925925924,385.0,3
Heracles,1304,27,27,1.0,,0
Zenit St. Petersburg,964,27,21,0.7777777777777778,1083.0,2
Fluminense,2462,27,10,0.37037037037037035,660.0,2
BK Häcken,1109,26,13,0.5,202.0,2
Djurgårdens IF,1044,26,12,0.46153846153846156,1184.0,1
Northampton Town,1302,26,5,0.19230769230769232,2553.0,4
Cruzeiro,609,26,0,0.0,1465.0,3
Pachuca,4035,26,11,0.4230769230769231,383.0,2
Nizhny Novgorod,49702,26,13,0.5,3714.0,2
BATE Borisov,713,26,17,0.6538461538461539,14589.0,1
Wycombe Wanderers,2805,26,12,0.46153846153846156,1031.0,2
Leyton Orient,1150,26,6,0.23076923076923078,1039.0,2
Exeter City,6699,26,14,0.5384615384615384,1241.0,2
Vasco da Gama,978,26,0,0.0,703.0,2
Cosenza,4031,25,6,0.24,8970.0,2
IF Elfsborg,1101,25,13,0.52,1090.0,1
SC Heerenveen,306,25,23,0.92,5817.0,1
Modena,1385,25,6,0.24,6574.0,2
Pogoń Szczecin,324,25,0,0.0,1390.0,2
Cracovia,5689,25,0,0.0,380.0,2
Corinthians,199,25,0,0.0,964.0,4
Western Sydney Wanderers,36100,25,0,0.0,42.0,2
Anorthosis,3899,25,1,0.04,60949.0,4
Avellino,2331,25,7,0.28,252.0,3
LASK,413,25,4,0.16,1421.0,2
Queen of the South,3001,25,5,0.2,2553.0,8
Mafra,7056,24,2,0.08333333333333333,865.0,6
Mordovia Saransk,11126,24,21,0.875,41201.0,1
FC Anzhi Makhachkala,2700,24,21,0.875,3691.0,2
HB Køge,23297,24,8,0.3333333333333333,2778.0,2
Reggiana,5621,24,7,0.2916666666666667,276.0,3
Górnik Zabrze,428,24,1,0.041666666666666664,6676.0,2
Hapoel Tel Aviv,1017,24,1,0.041666666666666664,235.0,2
Riga,48325,24,12,0.5,2969.0,1
Internacional,6600,24,0,0.0,940.0,2
Vélez Sarsfield,1029,24,0,0.0,209.0,2
Tosno,40426,24,21,0.875,4128.0,1
Anorthosis Famagusta,3899,24,0,0.0,3385.0,2
Mladá Boleslav,5546,23,14,0.6086956521739131,62.0,2
Al Jazira,2524,23,0,0.0,244.0,2
KV Oostende,2861,23,22,0.9565217391304348,723.0,1
Vitória de Guimarães,2420,23,23,1.0,,0
Beitar Jerusalem,3793,23,8,0.34782608695652173,2441.0,2
Dumbarton,3023,23,11,0.4782608695652174,2553.0,3
Carlisle United,1220,23,12,0.5217391304347826,465.0,2
Novara,6692,23,4,0.17391304347826086,4171.0,2
Al-Ittihad,8023,23,0,0.0,36.0,3
FC Rostov,1083,23,23,1.0,,0
Al-Hilal,1114,23,12,0.5217391304347826,1010.0,1
Olimpija Ljubljana,4772,23,8,0.34782608695652173,2698.0,1
Fredrikstad,3837,23,16,0.6956521739130435,347.0,1
Los Angeles FC,51828,22,2,0.09090909090909091,3510.0,3
Luzern,434,22,1,0.045454545454545456,172.0,2
Beveren,28643,22,8,0.36363636363636365,354.0,2
KV Mechelen,354,22,21,0.9545454545454546,2861.0,1
Airdrieonians,2802,22,8,0.36363636363636365,2760.0,2
1. FC Magdeburg,187,22,5,0.22727272727272727,89.0,2
Al Ain,2150,22,3,0.13636363636363635,379.0,2
Chania,7646,22,2,0.09090909090909091,3999.0,4
Celta Vigo,940,22,22,1.0,,0
Bodrum,44006,22,18,0.8181818181818182,589.0,3
Viborg FF,1063,22,21,0.9545454545454546,1177.0,1
Melbourne Victory,7006,22,0,0.0,415.0,2
Queen's Park,3031,22,7,0.3181818181818182,903.0,2
Monterrey,2407,22,1,0.045454545454545456,150.0,3
Padova,3037,22,9,0.4090909090909091,130.0,4
Roda JC Kerkrade,192,22,18,0.8181818181818182,3.0,1
Crawley Town,3537,22,7,0.3181818181818182,2578.0,3
Hansa Rostock,30,22,3,0.13636363636363635,1304.0,2
Bradford City,1027,21,4,0.19047619047619047,2553.0,2
Alania Vladikavkaz,75506,21,3,0.14285714285714285,2703.0,4
Ponferradina,4032,21,3,0.14285714285714285,1533.0,2
Talleres,3938,21,0,0.0,2672.0,2
Al Ahly,7,21,2,0.09523809523809523,3672.0,7
Juve Stabia,5587,21,5,0.23809523809523808,2239.0,3
HJK,1008,21,11,0.5238095238095238,124.0,1
Notts County,1045,21,5,0.23809523809523808,370.0,2
FC Orenburg,14589,21,14,0.6666666666666666,12043.0,2
Andorra,10718,21,0,0.0,472.0,2
AFC Wimbledon,3884,21,5,0.23809523809523808,2760.0,2
RWD Molenbeek,54189,21,17,0.8095238095238095,1041.0,1
AS Trenčín,7918,20,5,0.25,157.0,2
FC Tom Tomsk,3691,20,14,0.7,3690.0,1
Siena,1387,20,11,0.55,800.0,3
San Lorenzo,1775,20,0,0.0,621.0,1
Burgos,1536,20,4,0.2,2497.0,2
Chicago Fire,432,20,0,0.0,202.0,2
Istra 1961,999,20,0,0.0,1108.0,2
Scunthorpe United,2964,20,8,0.4,1071.0,2
Sabah,63993,20,6,0.3,969.0,1
Panachaiki,1837,20,1,0.05,3060.0,4
FC Ural Yekaterinburg,11127,20,19,0.95,2700.0,1
Zenit-2 St. Petersburg,964,20,14,0.7,28095.0,1
Zagłębie Lubin,168,20,0,0.0,252.0,2
Haugesund,2761,20,1,0.05,1053.0,2
Lincoln City,1198,19,8,0.42105263157894735,987.0,2
Újpest,708,19,0,0.0,3057.0,3
Botev Plovdiv,2531,19,2,0.10526315789473684,16704.0,2
Yeovil Town,972,19,4,0.21052631578947367,989.0,2
Aktobe,10157,19,10,0.5263157894736842,6992.0,2
Bahia,10010,19,0,0.0,468.0,2
Slaven Belupo,2362,19,0,0.0,498.0,3
Arbroath,3021,19,10,0.5263157894736842,465.0,2
Celje,710,19,8,0.42105263157894735,7160.0,2
Sigma Olomouc,2311,19,14,0.7368421052631579,3709.0,1
Atlético Mineiro,330,19,0,0.0,5750.0,2
Numancia,2296,19,2,0.10526315789473684,681.0,4
FC Twente,317,19,17,0.8947368421052632,1435.0,1
Crewe Alexandra,1042,19,1,0.05263157894736842,1211.0,2
Maccabi Petah Tikva,3785,19,0,0.0,6418.0,2
Alverca,2521,19,17,0.8947368421052632,3268.0,1
Urawa Red Diamonds,828,19,3,0.15789473684210525,475.0,5
Dinamo Tbilisi,663,19,6,0.3157894736842105,1049.0,1
Vicenza,2655,19,4,0.21052631578947367,130.0,2
FC Khimki,3719,18,12,0.6666666666666666,4128.0,2
Torreense,2432,18,0,0.0,2424.0,2
Walsall,899,18,4,0.2222222222222222,2553.0,3
Bristol Rovers,2455,18,3,0.16666666666666666,762.0,1
América,3631,18,0,0.0,150.0,3
Den Bosch,404,18,8,0.4444444444444444,403.0,3
Astra Giurgiu,13499,18,3,0.16666666666666666,1085.0,3
Ural-2 Yekaterinburg,11127,18,17,0.9444444444444444,11135.0,1
Gimnàstic,5648,18,1,0.05555555555555555,897.0,3
Real Betis,150,18,18,1.0,,0
Häcken,1109,18,12,0.6666666666666666,865.0,1
Kallithea,3062,18,6,0.3333333333333333,169.0,3
Tranmere Rovers,1074,18,5,0.2777777777777778,987.0,4
Cheltenham Town,3371,18,6,0.3333333333333333,465.0,2
FC SKA-Khabarovsk,3690,17,11,0.6470588235294118,11127.0,1
Toronto FC,11141,17,0,0.0,506.0,2
Varaždin,599,17,11,0.6470588235294118,2740.0,1
FC Tokyo,6631,17,0,0.0,475.0,2
Maribor,790,17,6,0.35294117647058826,800.0,1
Cittadella,4084,17,7,0.4117647058823529,862.0,3
Dender EH,9010,17,16,0.9411764705882353,3948.0,1
Royal Excel Mouscron,29228,17,16,0.9411764705882353,265.0,1
IFK Norrköping,2844,17,4,0.23529411764705882,157.0,2
Wisła Płock,2118,17,0,0.0,276.0,2
Südtirol,4554,17,10,0.5882352941176471,3522.0,1
FC Ufa,28095,17,17,1.0,,0
Sarajevo,282,17,8,0.47058823529411764,29228.0,2
Al-Qadsiah,26069,17,0,0.0,3807.0,2
Grasshopper,504,17,1,0.058823529411764705,3.0,1
East Fife,3024,16,4,0.25,511.0,3
MSV Duisburg,52,16,2,0.125,10484.0,2
Sydney FC,8054,16,0,0.0,1020.0,2
Dynamo Dresden,129,16,2,0.125,206.0,1
Kalamata,9,16,1,0.0625,6676.0,2
Accrington Stanley,3688,16,3,0.1875,124.0,2
Al Ahli,18487,16,0,0.0,294.0,1
Wrexham,1112,16,6,0.375,1003.0,1
Adelaide United,875,16,0,0.0,468.0,3
Hapoel Haifa,810,16,1,0.0625,119.0,2
Dnipro Dnipropetrovsk,339,16,14,0.875,2477.0,1
Čukarički,6621,16,4,0.25,7775.0,1
DAC Dunajská Streda,4529,16,5,0.3125,6992.0,1
Morecambe,3697,16,4,0.25,987.0,3
Gillingham,2814,16,6,0.375,2759.0,2
Tromsø,1293,16,5,0.3125,2778.0,2
FC Eindhoven,3892,16,8,0.5,798.0,4
Alloa Athletic,3020,16,5,0.3125,465.0,4
SV Elversberg,64,16,5,0.3125,533.0,3
Cambridge United,986,16,6,0.375,2760.0,2
Southend United,2793,16,4,0.25,1123.0,2
Vestsjælland,20100,16,16,1.0,,0
VfL Osnabrück,81,16,1,0.0625,89.0,3
Castellón,2502,16,3,0.1875,467.0,2
Ankaraspor,2944,16,2,0.125,10484.0,3
Al-Ettifaq,7732,16,0,0.0,2969.0,2
FC Torpedo Moscow,1186,16,11,0.6875,2696.0,1
Central Coast Mariners,6954,16,0,0.0,43.0,3
Jahn Regensburg,109,16,2,0.125,533.0,2
Kalloni,28956,15,15,1.0,,0
Latina,22045,15,2,0.13333333333333333,130.0,5
Zira,46710,15,5,0.3333333333333333,2672.0,2
Rodina Moscow,59024,15,4,0.26666666666666666,28095.0,1
Silkeborg IF,1177,15,14,0.9333333333333333,28643.0,1
Al-Fayha,50531,15,0,0.0,3060.0,1
Coritiba,776,15,0,0.0,58.0,1
Lanús,333,15,0,0.0,121.0,2
Al-Duhail,26091,15,0,0.0,14162.0,3
Cove Rangers,8933,15,4,0.26666666666666666,370.0,3
Ararat-Armenia,53453,15,6,0.4,642.0,1
New York City FC,40058,15,0,0.0,12321.0,1
Al Sadd,656,15,0,0.0,14162.0,3
Forfar Athletic,3016,15,6,0.4,2999.0,2
NAC,132,15,12,0.8,1304.0,1
Foggia,704,15,3,0.2,4171.0,2
Petrolul Ploiești,9465,15,0,0.0,465.0,2
Erzgebirge Aue,94,15,3,0.2,499.0,1
Domžale,6248,15,7,0.4666666666666667,75231.0,1
SC Cambuur,133,15,13,0.8666666666666667,642.0,1
Stevenage,3684,15,3,0.2,511.0,2
RKC,235,15,14,0.9333333333333333,1268.0,1
RAAL La Louvière,3901,15,15,1.0,,0
FC Groningen,202,15,15,1.0,,0
FC Emmen,1283,15,12,0.8,1426.0,1
Trikala,3993,15,4,0.26666666666666666,4603.0,3
Union Saint-Gilloise,3948,15,13,0.8666666666666667,2999.0,1
Hobro IK,5818,15,14,0.9333333333333333,1063.0,1
Lillestrøm,353,15,0,0.0,678.0,2
Estrela Amadora,2431,15,13,0.8666666666666667,979.0,1
Dender,9010,15,14,0.9333333333333333,39097.0,1
Piast Gliwice,6112,14,1,0.07142857142857142,2300.0,2
FC Krasnodar,16704,14,12,0.8571428571428571,1083.0,1
Al Hilal,1114,14,7,0.5,3377.0,1
Augsburg,167,14,12,0.8571428571428571,3854.0,1
Radomiak Radom,7154,14,0,0.0,968.0,2
Juárez,49283,14,0,0.0,430.0,2
Elfsborg,1101,14,8,0.5714285714285714,306.0,1
Erzurumspor,39722,14,10,0.7142857142857143,820.0,1
Stockport County,1098,14,7,0.5,1132.0,1
Evian,14171,14,12,0.8571428571428571,20.0,1
Damac,50532,14,0,0.0,41231.0,1
Helsingborgs IF,699,14,0,0.0,173.0,2
Seattle Sounders FC,9636,14,8,0.5714285714285714,3368.0,2
Strømsgodset,2817,14,3,0.21428571428571427,173.0,2
Trapani,4331,14,1,0.07142857142857142,1025.0,2
PSV Eindhoven,383,14,13,0.9285714285714286,1090.0,1
Argentinos Juniors,1030,14,0,0.0,964.0,2
Orlando City,45604,14,0,0.0,7378.0,2
Atlanta United,51663,14,0,0.0,762.0,2
Penafiel,3327,14,0,0.0,979.0,6
Charlotte FC,78435,14,0,0.0,601.0,1
Al-Shabab,9840,14,0,0.0,1114.0,2
Varzim,4297,14,2,0.14285714285714285,2425.0,2
Bury,2413,13,6,0.46153846153846156,2425.0,1
Sint-Truidense,475,13,12,0.9230769230769231,1245.0,1
Orenburg-2,14589,13,13,1.0,,0
Shinnik Yaroslavl,2374,13,3,0.23076923076923078,3729.0,2
Widzew Łódź,88,13,0,0.0,1084.0,2
Sport Recife,8718,13,0,0.0,683.0,1
Peterhead,3032,13,7,0.5384615384615384,511.0,3
Stirling Albion,3033,13,5,0.38461538461538464,2578.0,3
D.C. United,2440,13,0,0.0,865.0,2
Mamelodi Sundowns,6356,13,1,0.07692307692307693,3806.0,6
Vissel Kobe,3958,13,0,0.0,141.0,2
Mansfield Town,3820,13,0,0.0,903.0,2
Al-Khaleej,6070,13,0,0.0,683.0,2
Atlético Nacional,8172,13,0,0.0,110302.0,2
Vendsyssel FF,19657,13,9,0.6923076923076923,1268.0,1
Al-Raed,22381,13,0,0.0,6890.0,1
Minnesota United,56089,13,0,0.0,3816.0,1
Grimsby Town,1034,13,4,0.3076923076923077,1519.0,1
Forest Green Rovers,3455,13,3,0.23076923076923078,903.0,2
FC Midtjylland,865,13,12,0.9230769230769231,5776.0,1
Radnički Niš,7567,13,1,0.07692307692307693,128.0,2
Brisbane Roar,7831,13,0,0.0,987.0,2
Qatar SC,14162,13,0,0.0,27.0,1
Eindhoven,3892,13,2,0.15384615384615385,403.0,3
Pyunik,10301,13,8,0.6153846153846154,3999.0,1
Maccabi Netanya,5223,13,1,0.07692307692307693,157.0,2
TSC,3137,13,9,0.6923076923076923,9171.0,1
Houston Dynamo,9168,13,0,0.0,13.0,1
Brechin City,3194,12,4,0.3333333333333333,370.0,3
Rochdale,1088,12,2,0.16666666666666666,1237.0,1
Rosario Central,1418,12,0,0.0,294.0,2
União Madeira,976,12,9,0.75,68608.0,1
Ermis Aradippou,24326,12,1,0.08333333333333333,1301.0,2
Žilina,1443,12,4,0.3333333333333333,234.0,2
KV Kortrijk,601,12,12,1.0,,0
Hermannstadt,58049,12,0,0.0,6429.0,1
Vitória de Setúbal,1085,12,12,1.0,,0
New England Revolution,626,12,0,0.0,995.0,1
NEC Nijmegen,467,12,12,1.0,,0
Noah,60368,12,5,0.4166666666666667,370.0,1
OFK Beograd,53,12,0,0.0,29228.0,2
Colorado Rapids,1247,12,0,0.0,995.0,1
Columbus Crew,813,12,0,0.0,681.0,1
Perth Glory,970,12,0,0.0,192.0,3
Newell's Old Boys,1286,12,0,0.0,289.0,2
FC Tosno,40426,12,7,0.5833333333333334,4128.0,1
Tijuana,13353,12,0,0.0,1467.0,1
Kolding,12275,12,8,0.6666666666666666,2414.0,1
Cowdenbeath,3027,12,2,0.16666666666666666,465.0,3
Cultural Leonesa,4542,12,4,0.3333333333333333,366.0,2
San Jose Earthquakes,218,12,0,0.0,618.0,1
Sporting Charleroi,172,12,12,1.0,,0
Farul Constanța,29831,12,1,0.08333333333333333,301.0,4
Sepsi OSK,54585,12,0,0.0,6418.0,2
Skive,5781,11,3,0.2727272727272727,1053.0,2
FSV Frankfurt,293,11,3,0.2727272727272727,467.0,1
Gamba Osaka,596,11,0,0.0,475.0,2
Philadelphia Union,25467,11,0,0.0,995.0,2
Cruz Azul,3711,11,0,0.0,714.0,1
Chertanovo Moscow,43502,11,5,0.45454545454545453,2696.0,3
FC Zürich,260,11,3,0.2727272727272727,29228.0,1
Newport County,3716,11,5,0.45454545454545453,2451.0,2
FC Oss,26488,11,0,0.0,132.0,2
Alessandria,2721,11,4,0.36363636363636365,380.0,2
Nyva Ternopil,2712,11,1,0.09090909090909091,49364.0,3
Kashima Antlers,2241,11,0,0.0,520.0,2
Al-Kholood,91427,11,0,0.0,2293.0,2
Kalmar FF,3654,11,1,0.09090909090909091,410.0,1
Vancouver Whitecaps FC,6321,11,0,0.0,10.0,1
Randers FC,5724,11,11,1.0,,0
Bukovyna Chernivtsi,21903,11,5,0.45454545454545453,39097.0,3
Novi Pazar,4633,11,5,0.45454545454545453,370.0,2
Colón,19775,11,0,0.0,3060.0,2
Korona Kielce,6110,11,0,0.0,1420.0,1
Spartak Trnava,365,11,5,0.45454545454545453,1177.0,1
1. FC Saarbrücken,1,11,1,0.09090909090909091,41274.0,1
León,4941,11,0,0.0,2497.0,3
Dnipro,60551,11,1,0.09090909090909091,339.0,10
Rostov-2,1083,11,10,0.9090909090909091,75231.0,1
Salford City,34888,11,1,0.09090909090909091,2578.0,2
Ibiza,13241,11,0,0.0,3709.0,2
Espérance de Tunis,3342,11,0,0.0,19789.0,2
Portland Timbers,4291,11,0,0.0,190.0,2
Rukh-2 Lviv,48726,10,9,0.9,18105.0,1
Lokomotiva,11194,10,2,0.2,3060.0,1
Eldense,12567,10,4,0.4,653.0,1
FC Dordrecht,1455,10,2,0.2,798.0,2
Energie Cottbus,25,10,1,0.1,86.0,1
Évian,14171,10,9,0.9,618.0,1
Beira-Mar,1436,10,5,0.5,1465.0,2
Dunajská Streda,4529,10,2,0.2,1096.0,1
Dynamo-2 Kyiv,338,10,1,0.1,6996.0,6
Recreativo,2867,10,0,0.0,3368.0,2
Roskilde,1842,10,4,0.4,206.0,2
FC Ingolstadt 04,4795,10,4,0.4,35.0,1
FC Den Bosch,404,10,4,0.4,1435.0,1
Viktoria Köln,1622,10,0,0.0,3.0,2
Stranraer,3034,10,3,0.3,2553.0,2
Hartlepool United,2577,10,4,0.4,2999.0,2
Rheindorf Altach,3551,10,0,0.0,385.0,1
MTK Budapest,634,10,0,0.0,370.0,1
Covilhã,10140,10,2,0.2,68608.0,3
Anagennisi Karditsa,4585,10,0,0.0,2672.0,2
Tyumen,12054,10,2,0.2,14589.0,2
FC Basel,26,10,7,0.7,449.0,1
Santos Laguna,1403,10,0,0.0,202.0,2
FC Cincinnati,51772,10,0,0.0,1237.0,1
Al-Fateh,27221,10,0,0.0,3329.0,1
Tigres UANL,7055,10,0,0.0,244.0,2
FC Ural-2 Yekaterinburg,11127,10,8,0.8,41201.0,1
Tigre,11831,10,0,0.0,6676.0,2
Chesterfield,1219,10,2,0.2,987.0,3
Cerezo Osaka,1022,10,0,0.0,1533.0,1
Wellington Phoenix,8445,10,0,0.0,475.0,1
Jablonec,1322,9,2,0.2222222222222222,63007.0,1
AZ Alkmaar,1090,9,8,0.8888888888888888,1269.0,1
Tirana,2049,9,3,0.3333333333333333,2671.0,1
Oliveirense,8827,9,1,0.1111111111111111,982.0,3
Académico de Viseu,7788,9,1,0.1111111111111111,533.0,1
La Louvière,3901,9,8,0.8888888888888888,172.0,1
Kelty Hearts,3804,9,3,0.3333333333333333,903.0,2
Koper,433,9,2,0.2222222222222222,265.0,2
Zulte-Waregem,3508,9,9,1.0,,0
Chapecoense,17776,9,0,0.0,995.0,1
Godoy Cruz,12574,9,0,0.0,6418.0,2
Flora,1002,9,8,0.8888888888888888,18105.0,1
Necaxa,1146,9,0,0.0,4035.0,2
Carrarese,4159,9,4,0.4444444444444444,6574.0,2
Catanzaro,4097,9,1,0.1111111111111111,416.0,2
FC Nordsjælland,2778,9,9,1.0,,0
Oțelul Galați,4959,9,0,0.0,40812.0,2
Montrose,3030,9,2,0.2222222222222222,1519.0,3
Milan,5,9,8,0.8888888888888888,416.0,1
York City,1252,9,0,0.0,2553.0,4
Bohemians 1905,715,9,0,0.0,167.0,1
Rayo Majadahonda,13702,9,1,0.1111111111111111,1244.0,2
Real Salt Lake,6643,9,0,0.0,826.0,1
Lokomotiv Plovdiv,2259,9,0,0.0,317.0,1
Guadalajara,16576,9,0,0.0,6303.0,3
Red Bull Bragantino,8793,9,0,0.0,1082.0,1
TSV Hartberg,4467,9,0,0.0,6676.0,1
FC Arsenal-2 Tula,3729,9,9,1.0,,0
Lyngby BK,369,9,8,0.8888888888888888,5817.0,1
Deportivo Cali,9961,9,0,0.0,1184.0,1
Defensa y Justicia,2402,9,0,0.0,6418.0,2
Başakşehir,6890,9,7,0.7777777777777778,10484.0,1
Stal Mielec,22431,9,0,0.0,255.0,2
Videoton,11107,9,3,0.3333333333333333,2425.0,2
St. Pauli,35,9,6,0.6666666666666666,200.0,1
Clyde,2575,9,5,0.5555555555555556,2999.0,1
CSKA 1948,61955,9,0,0.0,1096.0,1
Sandefjord,6399,9,0,0.0,5818.0,1
Al-Hazem,9131,9,0,0.0,235.0,2
Austria Klagenfurt,28760,9,0,0.0,1269.0,1
Kardemir Karabükspor,1506,8,6,0.75,126.0,1
Varese,4361,8,3,0.375,1627.0,1
Valmiera,5084,8,2,0.25,49364.0,1
Torpedo Kutaisi,253,8,3,0.375,2950.0,1
Al Shabab,9840,8,0,0.0,368.0,1
WSG Tirol,2446,8,0,0.0,1269.0,1
Al-Orobah,39536,8,0,0.0,379.0,1
Nürnberg,4,8,6,0.75,79.0,1
Ordabasy,16779,8,3,0.375,3999.0,1
Kavala,3391,8,1,0.125,128.0,2
Shamrock Rovers,3258,8,4,0.5,2578.0,2
Fremad Amager,5716,8,3,0.375,5817.0,2
Neftekhimik Nizhnekamsk,3733,8,4,0.5,2698.0,1
Neom,34911,8,0,0.0,1041.0,3
Feralpisalò,9439,8,2,0.25,1390.0,3
Oud-Heverlee Leuven,2727,8,7,0.875,371.0,1
Arda Kardzhali,40604,8,3,0.375,3719.0,2
Al-Wehda,17209,8,0,0.0,897.0,1
Kristiansund,21101,8,0,0.0,5817.0,1
Avangard Kursk,11122,8,6,0.75,2410.0,1
Pontedera,14888,8,5,0.625,800.0,1
Pro Vercelli,26789,8,1,0.125,862.0,1
Platense,928,8,0,0.0,6418.0,2
Banfield,830,8,0,0.0,252.0,2
Virtus Entella,20519,8,0,0.0,130.0,2
Amorebieta,16575,8,0,0.0,621.0,2
Sutton United,3052,8,1,0.125,511.0,2
Excel Mouscron,29228,8,8,1.0,,0
FC Amkar Perm,4128,8,6,0.75,41201.0,2
Brommapojkarna,1092,8,0,0.0,417.0,1
Egnatia,27114,8,5,0.625,6646.0,1
Brora Rangers,3491,8,5,0.625,2759.0,2
VVV,1426,8,7,0.875,798.0,1
Dinamo Batumi,11344,8,0,0.0,6195.0,1
Gubbio,4326,8,0,0.0,2921.0,1
Belgrano,2417,8,0,0.0,2239.0,1
Hradec Králové,1897,8,0,0.0,941.0,3
Iberia 1999,41133,8,8,1.0,,0
Hércules,7971,8,0,0.0,131.0,1
KAMAZ Naberezhnye Chelny,3243,8,3,0.375,11127.0,2
Juventude,10492,8,0,0.0,1085.0,2
Kisvárda,30613,8,0,0.0,23611.0,3
Admira Wacker,503,8,0,0.0,1304.0,2
Vilafranquense,7119,7,0,0.0,979.0,1
FC Mordovia Saransk,11126,7,6,0.8571428571428571,2700.0,1
Virtus Lanciano,4718,7,1,0.14285714285714285,749.0,1
Vardar,77,7,3,0.42857142857142855,5219.0,1
Al-Okhdood,71665,7,0,0.0,1467.0,1
FC Luzern,434,7,0,0.0,750.0,2
FC Anzhi-2 Makhachkala,2700,7,7,1.0,,0
Wehen Wiesbaden,108,7,1,0.14285714285714285,89.0,2
Al-Riyadh,31008,7,0,0.0,6646.0,1
IK Sirius,7945,7,0,0.0,369.0,2
Al Taawoun,28844,7,0,0.0,826.0,1
Vaduz,163,7,2,0.2857142857142857,3205.0,1
Edinburgh City,12886,7,2,0.2857142857142857,903.0,1
UNAM,7633,7,0,0.0,131.0,1
Hammarby,1059,7,2,0.2857142857142857,1184.0,1
Torpedo-BelAZ Zhodino,7964,7,4,0.5714285714285714,18303.0,1
União de Leiria,2639,7,0,0.0,7378.0,2
UTA Arad,952,7,0,0.0,3060.0,1
Quick Boys,7110,7,0,0.0,1434.0,4
Puskás Akadémia,37169,7,2,0.2857142857142857,458.0,1
Dukla Prague,450,7,0,0.0,449.0,1
Erciyesspor,6894,7,7,1.0,,0
Östersunds FK,9614,7,0,0.0,1416.0,1
Ruch Chorzów,318,7,0,0.0,968.0,2
Acharnaikos,3985,7,2,0.2857142857142857,21957.0,1
Wydad AC,6603,7,0,0.0,3911.0,1
Zimbru Chișinău,2714,7,5,0.7142857142857143,26459.0,1
Željezničar,2573,7,4,0.5714285714285714,589.0,1
MVV Maastricht,384,7,2,0.2857142857142857,3057.0,1
Barrow,6168,7,1,0.14285714285714285,3684.0,1
FC Volendam,724,7,4,0.5714285714285714,468.0,1
FC Dallas,8816,7,0,0.0,681.0,1
RFS,33783,7,4,0.5714285714285714,157.0,1
Polissya-2 Zhytomyr,53646,7,6,0.8571428571428571,6992.0,1
Napredak Kruševac,788,7,0,0.0,6418.0,2
Fuenlabrada,16486,7,1,0.14285714285714285,367.0,2
Nykøbing,5733,7,3,0.42857142857142855,1894.0,1
Arka Gdynia,6107,7,0,0.0,1090.0,2
Botoșani,8818,7,1,0.14285714285714285,48332.0,1
Anzhi-2 Makhachkala,2700,6,6,1.0,,0
Halmstads BK,1011,6,0,0.0,190.0,3
IFK Värnamo,3622,6,0,0.0,354.0,1
Panegialios,9083,6,0,0.0,128.0,1
Roda,27448,6,0,0.0,192.0,4
Dynamo Brest,6131,6,2,0.3333333333333333,2481.0,1
Karaiskakis,37772,6,2,0.3333333333333333,3999.0,1
Episkopi,33438,6,0,0.0,6418.0,2
Ironi Kiryat Shmona,6028,6,0,0.0,798.0,2
Desportivo Aves,3336,6,6,1.0,,0
Racing Ferrol,1176,6,1,0.16666666666666666,367.0,1
Kawasaki Frontale,9598,6,0,0.0,3948.0,1
Zakynthos,9415,6,0,0.0,653.0,1
Šibenik,223,6,0,0.0,1420.0,1
Krasnodar-3,16704,6,4,0.6666666666666666,28095.0,1
Preußen Münster,91,6,0,0.0,2778.0,1
Real Unión,12405,6,0,0.0,681.0,2
Lincoln Red Imps,38204,6,5,0.8333333333333334,3461.0,1
Mura,4059,6,1,0.16666666666666666,2698.0,2
Marbella,12361,6,0,0.0,16795.0,1
Slovácko,5544,6,0,0.0,10484.0,2
Bromley,8981,6,0,0.0,465.0,1
Pistoiese,1307,6,3,0.5,607.0,1
Veles Moscow,58065,6,1,0.16666666666666666,28095.0,2
Budućnost Podgorica,4391,6,2,0.3333333333333333,826.0,2
Sokol Saratov,3834,6,1,0.16666666666666666,2696.0,1
Al-Najma,32328,6,0,0.0,7775.0,1
América de Cali,2352,6,0,0.0,2282.0,1
Waldhof Mannheim,85,6,0,0.0,3.0,1
Orduspor,2323,6,5,0.8333333333333334,820.0,1
FC Shinnik Yaroslavl,2374,6,5,0.8333333333333334,4128.0,1
Estoril Praia,1465,6,5,0.8333333333333334,18303.0,1
Slavia Sofia,675,6,0,0.0,2741.0,1
KÍ,6170,6,6,1.0,,0
Bohemians,715,6,0,0.0,465.0,1
União Leiria,2639,6,0,0.0,3325.0,3
Vejle Boldklub,443,6,4,0.6666666666666666,8838.0,1
Nagoya Grampus,1066,6,0,0.0,1090.0,1
Chievo Verona,862,6,4,0.6666666666666666,4102.0,2
Trofense,3348,6,1,0.16666666666666666,2425.0,1
Levadia,5771,6,5,0.8333333333333334,2451.0,1
Stenhousemuir,3012,6,2,0.3333333333333333,903.0,1
Sumgayit,36999,6,1,0.16666666666666666,6992.0,1
Toluca,1804,6,0,0.0,12321.0,1
Viktoriya Sumy,67939,6,2,0.3333333333333333,48332.0,1
Académica de Coimbra,2990,6,2,0.3333333333333333,2995.0,1
FC Krasnodar-2,16704,6,5,0.8333333333333334,28095.0,1
Kauno Žalgiris,40090,6,5,0.8333333333333334,987.0,1
Agrotikos Asteras,3386,6,0,0.0,60949.0,1
Kashiwa Reysol,6632,6,0,0.0,1184.0,1
Guangzhou Evergrande,10948,6,0,0.0,114.0,2
Thisted,9023,6,0,0.0,2414.0,3
MKE Ankaragücü,868,6,5,0.8333333333333334,1506.0,1
Royal Charleroi,172,6,6,1.0,,0
Renate,24898,6,3,0.5,416.0,1
FC Zenit-2 Saint Petersburg,964,6,4,0.6666666666666666,3691.0,1
Sumy,80916,6,0,0.0,21216.0,5
FC Vestsjælland,20100,6,5,0.8333333333333334,2414.0,1
Ceuta,8568,6,1,0.16666666666666666,3709.0,1
Shkëndija,1167,6,5,0.8333333333333334,206.0,1
Cherkaskyi Dnipro,33179,6,1,0.16666666666666666,339.0,1
Levadia Tallinn,5771,6,3,0.5,3592.0,2
Piacenza,1408,6,2,0.3333333333333333,607.0,1
St. Louis City,82686,6,0,0.0,452.0,1
Tavriya Simferopol,2227,6,6,1.0,,0
Bnei Yehuda,9095,6,1,0.16666666666666666,6992.0,1
Al Qadsiah,26069,6,0,0.0,10484.0,1
Alcoyano,11259,6,2,0.3333333333333333,3368.0,1
Harrogate Town,12020,6,1,0.16666666666666666,520.0,1
Ural,11127,6,6,1.0,,0
Millonarios,2350,6,0,0.0,367.0,1
Brøndby IF,206,5,5,1.0,,0
Budapest Honvéd,709,5,0,0.0,2759.0,1
Honvéd,709,5,1,0.2,553.0,1
Virtus Francavilla,49939,5,1,0.2,130.0,1
FC KAMAZ Naberezhnye Chelny,3243,5,3,0.6,28095.0,1
Shonan Bellmare,8457,5,0,0.0,653.0,1
Bragantino,8793,5,0,0.0,276.0,1
FC Fakel Voronezh,1124,5,3,0.6,11127.0,1
Zrinjski Mostar,6808,5,0,0.0,385.0,1
Aldershot Town,3717,5,0,0.0,987.0,2
FC Tyumen,12054,5,3,0.6,2700.0,1
Pierikos,1876,5,0,0.0,2079.0,1
Pandurii Târgu Jiu,8715,5,1,0.2,192.0,1
Kissamikos,37276,5,0,0.0,5220.0,2
Pardubice,1496,5,0,0.0,23371.0,2
Næstved,5091,5,3,0.6,678.0,1
Alashkert,37914,5,1,0.2,9007.0,2
Sporting Kansas City,4284,5,0,0.0,940.0,1
Trenčín,7918,5,5,1.0,,0
Arezzo,4255,5,0,0.0,252.0,1
Al-Taawoun,28844,5,0,0.0,995.0,1
Albion Rovers,3014,5,1,0.2,987.0,1
Cova Piedade,25817,5,0,0.0,1465.0,2
Petrocub Hîncești,46643,5,4,0.8,2714.0,1
Guijuelo,11615,5,0,0.0,366.0,1
Llapi,33206,5,1,0.2,2832.0,2
Start,267,5,0,0.0,371.0,1
Triestina,4271,5,0,0.0,200.0,1
Royal Mouscron,29228,5,5,1.0,,0
Dagenham & Redbridge,3696,5,0,0.0,3867.0,1
Mantova,2581,5,0,0.0,12321.0,1
GKS Katowice,6456,5,0,0.0,403.0,1
Elgin City,3028,5,0,0.0,2759.0,1
Cherno More,967,5,2,0.4,2990.0,1
Sanfrecce Hiroshima,2697,5,0,0.0,200.0,1
Chemnitzer FC,21,5,0,0.0,317.0,2
Newcastle Jets,5551,5,0,0.0,511.0,1
Norrköping,2844,5,1,0.2,1083.0,1
Hillerød,49675,5,3,0.6,1894.0,1
Linfield,3471,5,3,0.6,2553.0,1
Monopoli,33734,5,3,0.6,4603.0,1
Mjällby,2719,5,0,0.0,496.0,1
Samtredia,2950,5,3,0.6,49364.0,1
Pordenone,21331,5,1,0.2,3522.0,1
Progrès Niederkorn,12346,5,3,0.6,63007.0,1
Cork City,27774,5,0,0.0,873.0,1
Berwick Rangers,2801,5,2,0.4,2578.0,2
Grazer AK,316,5,0,0.0,3508.0,1
Real Valladolid,366,5,3,0.6,472.0,1
SV Meppen,247,5,0,0.0,133.0,1
SV Ried,266,5,0,0.0,8970.0,1
Sabadell,11422,5,0,0.0,714.0,1
Podillya Khmelnytskyi,30697,5,2,0.4,39097.0,1
Teplice,814,5,0,0.0,62.0,2
Würzburger Kickers,1557,5,2,0.4,4.0,1
Académico Viseu,7788,5,0,0.0,1465.0,3
Kremin Kremenchuk,13017,5,0,0.0,18303.0,1
Irtysh Pavlodar,10540,5,0,0.0,16247.0,2
Dinamo City,588,5,3,0.6,3725.0,1
Radnik Surdulica,33328,5,0,0.0,4603.0,2
SKN St. Pölten,2662,5,0,0.0,987.0,1
KFC Uerdingen 05,95,5,1,0.2,3.0,1
East Kilbride,28457,4,1,0.25,1241.0,1
Real Zaragoza,142,4,1,0.25,114.0,1
SK Brann,1100,4,2,0.5,89.0,1
SJK,23777,4,4,1.0,,0
Ravenna,1105,4,0,0.0,1390.0,1
Raja CA,2068,4,0,0.0,417.0,1
Weymouth,3822,4,0,0.0,989.0,1
Winterthur,242,4,0,0.0,6418.0,1
Tokyo Verdy,3734,4,0,0.0,2424.0,2
Khimik Dzerzhinsk,20923,4,3,0.75,4128.0,1
Zhetysu,15299,4,0,0.0,26459.0,1
Aarhus Fremad,5784,4,3,0.75,443.0,1
Western United,71084,4,0,0.0,589.0,1
Inter Baku,8956,4,0,0.0,1268.0,1
Al Fateh,27221,4,0,0.0,2425.0,1
Aldosivi,12301,4,0,0.0,605.0,1
KR Reykjavík,3237,4,0,0.0,3999.0,1
Fokikos,21941,4,1,0.25,6418.0,1
Yverdon-Sport,322,4,0,0.0,1194.0,1
Oleksandriya-2,18303,4,4,1.0,,0
Senica,6163,4,0,0.0,6992.0,1
Milsami Orhei,30686,4,2,0.5,2481.0,1
Querétaro,4961,4,0,0.0,714.0,1
Auckland FC,118373,4,0,0.0,9171.0,3
Auda,8606,4,3,0.75,83678.0,1
Austin FC,72309,4,0,0.0,415.0,1
Türkgücü München,12456,4,1,0.25,868.0,1
Tver,82718,4,0,0.0,41231.0,4
UCAM Murcia,34148,4,1,0.25,6676.0,2
UANL,7055,4,0,0.0,1244.0,1
Locomotive Tbilisi,6365,4,0,0.0,1049.0,1
Atlético San Luis,40188,4,0,0.0,1075.0,1
Atlético Baleares,18687,4,0,0.0,993.0,1
Drita,33741,4,4,1.0,,0
Dundalk,6066,4,1,0.25,1160.0,1
Giana Erminio,44223,4,2,0.5,2239.0,1
B-SAD B,2457,4,3,0.75,3336.0,1
Ballkani,28082,4,0,0.0,7769.0,2
Prato,2250,4,0,0.0,1429.0,1
Fostiras,980,4,0,0.0,2671.0,2
Prishtina,1918,4,1,0.25,2740.0,2
Eastleigh,10391,4,0,0.0,2760.0,1
Barnet,2804,4,2,0.5,441.0,1
Nosta Novotroitsk,11135,4,3,0.75,11127.0,1
New York City,40058,4,0,0.0,12321.0,1
Olimpia,81150,4,0,0.0,1084.0,1
Thun,938,4,0,0.0,416.0,1
Port,1211,4,0,0.0,1063.0,1
Arsenal-2 Tula,3729,4,4,1.0,,0
The Spartans,17602,4,3,0.75,903.0,1
FC Akhmat Grozny,3725,4,3,0.75,2700.0,1
Hallescher FC,440,4,1,0.25,44.0,1
Vancouver Whitecaps,6321,4,0,0.0,27.0,1
Al-Jazira,2524,4,0,0.0,368.0,1
FC Tekstilshchik Ivanovo,11125,4,3,0.75,28095.0,1
Once Caldas,6984,4,0,0.0,234.0,1
FC Neftekhimik Nizhnekamsk,3733,4,3,0.75,4128.0,1
Zaria Bălți,21508,4,0,0.0,339.0,1
Zwolle,1269,4,4,1.0,,0
Wydad,6603,4,2,0.5,749.0,1
České Budějovice,1321,4,0,0.0,1268.0,1
Jedinstvo Ub,20887,4,0,0.0,380.0,1
Neman Grodno,14178,4,2,0.5,8838.0,1
FC Helsingør,22110,4,2,0.5,369.0,1
FC Seoul,6500,4,0,0.0,762.0,1
Viterbese,22294,4,1,0.25,416.0,1
Valur,1033,4,1,0.25,5724.0,1
Paide Linnameeskond,23371,4,3,0.75,1390.0,1
Neftchi Baku,8031,4,1,0.25,467.0,1
Nashville SC,63966,4,0,0.0,2969.0,1
CF Montréal,4078,4,0,0.0,720.0,1
St Patrick's Athletic,1189,4,3,0.75,43.0,1
Solihull Moors,12335,4,2,0.5,405.0,1
Bruk-Bet Termalica,15906,4,0,0.0,833.0,1
Ilves,3189,4,3,0.75,2740.0,1
Brabrand,5874,4,1,0.25,678.0,2
Ilioupoli,3984,4,2,0.5,553.0,2
IMT,32113,4,0,0.0,667.0,2
Brann 2,1100,4,3,0.75,3837.0,1
Shakhtar-3 Donetsk,660,4,0,0.0,6992.0,1
FC Magpies,43032,4,4,1.0,,0
FC Avangard Kursk,11122,4,2,0.5,14589.0,2
Hoffenheim,533,4,4,1.0,,0
HJK Helsinki,1008,4,3,0.75,23611.0,1
Ingolstadt,4795,4,4,1.0,,0
Independiente Rivadavia,12179,4,0,0.0,2431.0,1
Motor Lublin,3527,4,0,0.0,61.0,1
Birkirkara,10262,4,2,0.5,2503.0,1
Paris,10004,4,1,0.25,1421.0,1
Sporting,336,4,3,0.75,506.0,1
St. Louis City 2,82686,4,0,0.0,16.0,1
Boreham Wood,3867,4,2,0.5,465.0,1
St. Johnstone,2578,4,4,1.0,,0
Rudar Velenje,789,4,0,0.0,2410.0,1
Ružomberok,7087,4,3,0.75,4128.0,1
San Diego FC,114977,4,0,0.0,58.0,1
Havant & Waterlooville,2794,4,0,0.0,2577.0,1
Lleida Esportiu,33593,4,0,0.0,6676.0,1
Lahti,2925,4,0,0.0,126.0,1
Litex Lovech,271,4,0,0.0,2424.0,1
Floriana,10603,3,2,0.6666666666666666,14666.0,1
Flamurtari,12460,3,0,0.0,3999.0,1
Tekstilshchik Ivanovo,11125,3,0,0.0,2410.0,1
Nuneaton Town,3933,3,0,0.0,2759.0,1
Gateshead,3456,3,0,0.0,987.0,2
Barcelona SC,131,3,0,0.0,833.0,1
Rabotnički,4641,3,0,0.0,2832.0,1
Celta de Vigo,940,3,3,1.0,,0
Sanluqueño,21322,3,1,0.3333333333333333,131.0,1
Shkupi,4644,3,2,0.6666666666666666,1519.0,1
Chornomorets-2 Odesa,6992,3,2,0.6666666666666666,49364.0,1
Tigres,7055,3,0,0.0,368.0,2
Mazatlán,82696,3,0,0.0,2424.0,1
Freamunde,2421,3,0,0.0,7179.0,1
Maidstone United,7047,3,0,0.0,2451.0,2
Malmö,496,3,2,0.6666666666666666,244.0,1
Entella,20519,3,1,0.3333333333333333,29228.0,1
Politehnica Iași,33966,3,0,0.0,385.0,1
Torquay United,1218,3,0,0.0,991.0,1
Sambenedettese,4330,3,0,0.0,2919.0,1
SV Wehen Wiesbaden,108,3,0,0.0,2414.0,1
SV Grödig,10131,3,0,0.0,467.0,1
Corvinul Hunedoara,41061,3,2,0.6666666666666666,15737.0,1
SV Darmstadt,105,3,1,0.3333333333333333,317.0,1
Metallurg Lipetsk,3723,3,2,0.6666666666666666,232.0,1
Dudelange,853,3,0,0.0,28643.0,1
Teramo,1415,3,1,0.3333333333333333,6676.0,1
Thonon Evian,14171,3,1,0.3333333333333333,1162.0,1
The New Saints,10734,3,0,0.0,2999.0,1
RFC Seraing,2715,3,1,0.3333333333333333,3901.0,1
Maritimo,1301,3,3,1.0,,0
Lokomotiva Zagreb,11194,3,0,0.0,3.0,1
Lorca,34559,3,0,0.0,1244.0,1
Linense,12605,3,0,0.0,2425.0,1
Pumas UNAM,7633,3,0,0.0,940.0,1
Zhemchuzhyna Odesa,49587,3,1,0.3333333333333333,4482.0,1
Derry City,920,3,0,0.0,1519.0,2
Kickers Offenbach,107,3,0,0.0,3.0,1
Envigado,7136,3,0,0.0,1390.0,1
Dila Gori,32017,3,2,0.6666666666666666,2698.0,1
Al Duhail,26091,3,0,0.0,995.0,1
Yverdon,322,3,0,0.0,3508.0,1
Kjellerup,13208,3,0,0.0,1063.0,2
KVC Westerlo,968,3,2,0.6666666666666666,354.0,1
Kramatorsk,32036,3,1,0.3333333333333333,61825.0,1
Kolding IF,12275,3,1,0.3333333333333333,3426.0,1
Altrincham,2962,3,0,0.0,2999.0,1
Riga FC,48325,3,0,0.0,8606.0,2
SC Verl,93,3,0,0.0,167.0,1
Remo,10997,3,0,0.0,2995.0,1
Inter,46,3,2,0.6666666666666666,1038.0,1
Beroe,6764,3,0,0.0,2503.0,2
Mordovia,11126,3,3,1.0,,0
Stjarnan,21875,3,0,0.0,723.0,1
Blau-Weiß Linz,2157,3,0,0.0,8024.0,1
Spartaks Jūrmala,28936,3,0,0.0,2700.0,1
Borac Banja Luka,3900,3,1,0.3333333333333333,498.0,1
Hegelmann,69752,3,3,1.0,,0
Rustavi,5155,3,0,0.0,2698.0,2
Lossiemouth,23617,3,3,1.0,,0
Los Angeles FC 2,51828,3,1,0.3333333333333333,1050.0,1
Heidenheim,2036,3,3,1.0,,0
Lanciano,4718,3,0,0.0,130.0,1
Llagostera,26132,3,1,0.3333333333333333,1531.0,1
Liège,3057,3,0,0.0,475.0,2
Lisne,97548,3,0,0.0,63007.0,2
Ceará,2029,3,0,0.0,3725.0,1
Shturm Ivankiv,102355,3,0,0.0,18105.0,2
Shirak Gyumri,4807,3,2,0.6666666666666666,8838.0,1
FC Armavir,22810,3,0,0.0,2700.0,2
FC Alania Vladikavkaz,75506,3,0,0.0,2703.0,2
Instituto,1829,3,0,0.0,472.0,1
FC Copenhagen,190,3,3,1.0,,0
Excelsior Rotterdam,798,3,2,0.6666666666666666,2671.0,1
Kyoto Sanga,593,3,0,0.0,475.0,1
Ingolstadt 04,4795,3,2,0.6666666666666666,678.0,1
Ufa-2,28095,3,3,1.0,,0
AlbinoLeffe,4541,3,0,0.0,276.0,2
Albirex Niigata,8344,3,0,0.0,475.0,1
Unirea Slobozia,29700,3,0,0.0,55686.0,1
Universitario,102261,3,0,0.0,1053.0,1
Ararat Yerevan,11912,3,0,0.0,55686.0,1
Al Ittihad,8023,3,0,0.0,1049.0,1
Vitesse Arnhem,499,3,3,1.0,,0
Partizani,4040,3,1,0.3333333333333333,7775.0,1
Mykolaiv,48728,3,0,0.0,18303.0,1
V-Varen Nagasaki,23581,3,0,0.0,2727.0,1
Al Raed,22381,3,0,0.0,7775.0,1
TP Mazembe,8428,3,0,0.0,3057.0,3
Rot-Weiss Essen,56,3,0,0.0,33.0,1
FC Vaduz,163,3,1,0.3333333333333333,60.0,1
St. Pölten,2662,3,0,0.0,80.0,1
Degerfors IF,3641,3,0,0.0,60949.0,1
Irodotos,9073,3,0,0.0,5220.0,1
Västerås SK,5202,3,0,0.0,443.0,1
Sonnenhof Großaspach,2589,3,0,0.0,3060.0,1
Slough Town,11310,3,0,0.0,2553.0,1
Sligo Rovers,8780,3,2,0.6666666666666666,903.0,1
Breiðablik,3737,3,2,0.6666666666666666,2727.0,1
Kaiserslautern,2,3,0,0.0,132.0,1
Al Wehda,17209,3,0,0.0,30120.0,1
Víkingur Reykjavík,5849,3,2,0.6666666666666666,173.0,1
Lecco,5514,3,0,0.0,653.0,1
Al Nassr,18544,3,0,0.0,6195.0,1
Ventspils,2782,3,2,0.6666666666666666,23611.0,1
VfR Aalen,83,3,0,0.0,200.0,1
IFK Mariehamn,6017,3,1,0.3333333333333333,3060.0,1
Spartak Kostroma,14590,3,1,0.3333333333333333,49702.0,1
Skënderbeu,12469,3,1,0.3333333333333333,5817.0,1
Budućnost,4391,3,1,0.3333333333333333,506.0,1
Waalwijk,235,3,3,1.0,,0
Inter Turku,8042,3,1,0.3333333333333333,19657.0,1
Paide,23371,3,2,0.6666666666666666,663.0,1
Paganese,19164,3,2,0.6666666666666666,130.0,1
SpVgg Unterhaching,66,3,0,0.0,1304.0,1
FC Irtysh Omsk,12420,3,0,0.0,3691.0,1
FC Thun,938,3,1,0.3333333333333333,60.0,1
FC Ufa-2,28095,3,3,1.0,,0
Neftekhimik,3733,3,0,0.0,2698.0,2
St Joseph's,38208,3,3,1.0,,0
Junior,11854,3,0,0.0,10484.0,1
KAMAZ,3243,3,0,0.0,1124.0,1
Zamora,10907,3,0,0.0,7179.0,1
FC Nizhny Novgorod,49702,3,1,0.3333333333333333,41201.0,1
ÍBV,8036,3,0,0.0,23611.0,1
1. FSV Mainz 05,39,3,3,1.0,,0
Zvezda St. Petersburg,45913,3,3,1.0,,0
Rizespor,126,3,2,0.6666666666666666,2832.0,1
1922 Konyaspor,2293,3,2,0.6666666666666666,1467.0,1
AB,24181,3,0,0.0,5817.0,2
Jelgava,27118,2,0,0.0,18303.0,1
Jaén,666,2,0,0.0,367.0,1
ACR Messina,1104,2,0,0.0,130.0,1
Zawisza Bydgoszcz,7153,2,0,0.0,4750.0,1
Železničar Pančevo,59358,2,0,0.0,16430.0,1
King's Lynn Town,38899,2,0,0.0,3867.0,1
KFUM Oslo,23184,2,0,0.0,501.0,1
Jeunesse Esch,1257,2,0,0.0,12346.0,1
Al Fayha,50531,2,0,0.0,126.0,1
Woking,2796,2,1,0.5,511.0,1
Wolfsburg,82,2,2,1.0,,0
KAS Eupen,1245,2,2,1.0,,0
KFC Uerdingen,95,2,0,0.0,86.0,1
Wydad Casablanca,6603,2,1,0.5,14589.0,1
Whitehawk,22552,2,0,0.0,3684.0,1
Willem II Tilburg,403,2,0,0.0,80.0,1
Achilles '29,18216,2,0,0.0,642.0,1
Zirka,8838,2,2,1.0,,0
AO Chania,7646,2,1,0.5,5219.0,1
Spakenburg,10803,2,1,0.5,1455.0,1
Skovshoved,21783,2,0,0.0,2414.0,1
FC Košice,51316,2,0,0.0,2503.0,1
FC Rodina Moscow,59024,2,1,0.5,41201.0,1
FC Roskilde,1842,2,2,1.0,,0
FC Orenburg-2,14589,2,0,0.0,12043.0,2
FC United of Manchester,20428,2,0,0.0,903.0,1
FC Lugano,2790,2,2,1.0,,0
Fafe,3326,2,0,0.0,1085.0,1
Fano,5615,2,0,0.0,4159.0,1
FC Zenit-2 St. Petersburg,964,2,1,0.5,1083.0,1
Narva Trans,7130,2,0,0.0,43.0,1
FSV Zwickau,275,2,0,0.0,3999.0,1
Braintree Town,6340,2,1,0.5,2451.0,1
Bravo,26985,2,0,0.0,2995.0,1
Stabæk 2,1274,2,0,0.0,2578.0,1
Sliema Wanderers,329,2,0,0.0,3057.0,1
Carl Zeiss Jena,113,2,0,0.0,29228.0,1
Casertana,4106,2,0,0.0,8970.0,1
Sparta Nijkerk,10804,2,0,0.0,1269.0,1
Sheriff,2481,2,0,0.0,2420.0,1
Sicula Leonzio,54498,2,0,0.0,1005.0,1
Ettifaq,7732,2,0,0.0,2969.0,1
Europa,42246,2,0,0.0,38204.0,1
Eyupspor,7160,2,2,1.0,,0
F91 Dudelange,853,2,0,0.0,347.0,1
Mosta,32125,2,0,0.0,23611.0,1
Murom,54924,2,0,0.0,49702.0,1
Blyth Spartans,4310,2,0,0.0,2451.0,1
Speranța Nisporeni,45520,2,0,0.0,6422.0,1
Sportfreunde Lotte,668,2,0,0.0,1304.0,1
Spartak Subotica,15276,2,0,0.0,2759.0,1
FC Zenit Saint Petersburg,964,2,2,1.0,,0
FC Syzran-2003,34230,2,1,0.5,3729.0,1
Truro City,9165,2,0,0.0,989.0,2
TSG 1899 Hoffenheim,533,2,2,1.0,,0
Barakaldo,3708,2,1,0.5,2672.0,1
Barracas Central,25184,2,0,0.0,3329.0,1
Stal Alchevsk,10468,2,0,0.0,4482.0,1
Standard Liége,3057,2,2,1.0,,0
Stade Reims,1421,2,2,1.0,,0
Fermana,4033,2,0,0.0,24898.0,2
Næstved BK,5091,2,0,0.0,2414.0,1
Chelyabinsk,23110,2,1,0.5,49702.0,1
Chester,31367,2,0,0.0,987.0,1
Siracusa,8373,2,0,0.0,6574.0,1
Skive IK,5781,2,0,0.0,1177.0,1
Santa Fe,11648,2,0,0.0,653.0,1
Santarcangelo,27525,2,0,0.0,327.0,1
Sarmiento,12454,2,0,0.0,347.0,1
Chertanovo-2 Moscow,43502,2,1,0.5,3690.0,1
Seattle Sounders,9636,2,2,1.0,,0
Puszcza Niepołomice,28893,2,0,0.0,12.0,1
Egaleo,2984,2,0,0.0,3999.0,1
RNK Split,420,2,1,0.5,11126.0,1
Minnesota United 2,56089,2,0,0.0,1420.0,1
Minsk,23664,2,0,0.0,932.0,1
Fortuna Köln,92,2,0,0.0,127.0,1
Mashuk-KMV Pyatigorsk,11123,2,1,0.5,3719.0,1
Matera,18950,2,0,0.0,21957.0,1
Nairn County,5751,2,1,0.5,3491.0,1
FH,1185,2,0,0.0,5724.0,1
FK RFS,33783,2,2,1.0,,0
NSÍ Runavík,11540,2,2,1.0,,0
Miami FC,69261,2,0,0.0,32364.0,2
Mladost Lučani,6622,2,0,0.0,2293.0,1
Molde 2,687,2,1,0.5,2414.0,1
Torpedo Vladimir,12065,2,1,0.5,41201.0,1
Thesprotos,35452,2,0,0.0,2671.0,2
Pontevedra,5650,2,1,0.5,237.0,1
Pro Piacenza,38290,2,0,0.0,19.0,1
Eskisehirspor,825,2,2,1.0,,0
Sarpsborg 08 2,10217,2,1,0.5,987.0,1
Clachnacuddin,3459,2,0,0.0,3491.0,2
Clermont Foot,3524,2,2,1.0,,0
SV Rödinghausen,26957,2,0,0.0,1304.0,1
Columbus Crew SC,813,2,0,0.0,369.0,1
Compostela,2855,2,0,0.0,940.0,1
Sabail,57890,2,0,0.0,63007.0,1
SSV Ulm,69,2,2,1.0,,0
Dover Athletic,3936,2,0,0.0,2759.0,1
Puebla,5662,2,0,0.0,1084.0,1
Gomel,10694,2,0,0.0,6992.0,1
Messina,1104,2,0,0.0,1426.0,1
Macarthur,71085,2,0,0.0,621.0,1
Grosseto,4333,2,0,0.0,678.0,1
Lumezzane,4103,2,1,0.5,19164.0,1
BFC Dynamo,222,2,0,0.0,28643.0,1
Badajoz,2923,2,0,0.0,366.0,1
Baku,10693,2,0,0.0,150.0,1
Banants,11411,2,2,1.0,,0
Balkany Zorya,49306,2,1,0.5,6992.0,1
Forte Taganrog,78749,2,1,0.5,1083.0,1
Hampton & Richmond Borough,8820,2,0,0.0,3684.0,1
Ashdod,6105,2,0,0.0,6418.0,1
Astrakhan,12432,2,0,0.0,14589.0,1
Atlanta United 2,51663,2,0,0.0,370.0,1
Atlantas,5228,2,1,0.5,964.0,1
Atlético Paranaense,679,2,0,0.0,338.0,1
Atlético Tucumán,14554,2,0,0.0,2672.0,1
Tuzla City,43532,2,0,0.0,21957.0,1
Turris,4096,2,0,0.0,800.0,1
Geel,18586,2,0,0.0,354.0,1
Gefle,4414,2,0,0.0,1435.0,1
Marko,4001,2,0,0.0,6676.0,1
RAEC Mons,1411,2,1,0.5,172.0,1
Darmstadt,105,2,1,0.5,416.0,1
Dartford,4074,2,0,0.0,443.0,1
SV Zulte Waregem,3508,2,2,1.0,,0
Salyut Belgorod,6672,2,0,0.0,2783.0,1
San Marino,10155,2,0,0.0,1025.0,1
Rot-Weiß Erfurt,111,2,0,0.0,192.0,1
SC Dnipro-1,60551,2,2,1.0,,0
Degerfors,3641,2,0,0.0,6418.0,1
Deportes Tolima,10503,2,0,0.0,2741.0,1
Dila,32017,2,2,1.0,,0
Lucchese,1253,2,0,0.0,22294.0,1
Luch Vladivostok,4057,2,1,0.5,11127.0,1
Hamrun Spartans,17149,2,2,1.0,,0
Larne,3461,2,2,1.0,,0
Hereford,46842,2,0,0.0,678.0,1
Hibernians,10604,2,0,0.0,28956.0,1
Honka,5411,2,1,0.5,642.0,1
Köln,3,2,0,0.0,1465.0,2
L'Aquila,4153,2,2,1.0,,0
Independiente Medellín,10093,2,0,0.0,595.0,1
Krystal Kherson,26726,2,0,0.0,29109.0,1
Annan Athletic,3015,2,2,1.0,,0
Arda,40604,2,1,0.5,1083.0,1
Ulsan Hyundai,3535,2,1,0.5,1186.0,1
Armavir,22810,2,1,0.5,41201.0,1
Hapoel Ramat Gan,2785,2,0,0.0,642.0,1
Amiens SC,1416,2,2,1.0,,0
Vasas,5378,2,0,0.0,265.0,1
Viareggio,4104,2,0,0.0,4172.0,1
Ancona,1388,2,0,0.0,398.0,1
IF Brommapojkarna,1092,2,0,0.0,306.0,1
Leioa,29733,2,0,0.0,2687.0,1
Hospitalet,9477,2,0,0.0,7185.0,1
Vorskla-2 Poltava,2740,2,2,1.0,,0
Vovchansk,75190,2,0,0.0,49364.0,1
Värnamo,3622,2,0,0.0,499.0,1
Kozakken Boys,12285,2,0,0.0,202.0,1
Imolese,4324,2,0,0.0,520.0,1
Istanbulspor,924,2,0,0.0,6418.0,1
Jagodina,12132,2,0,0.0,4603.0,1
Kalush,33141,2,1,0.5,16247.0,1
Karagümrük,6646,2,0,0.0,141.0,1
Karviná,13726,2,0,0.0,3349.0,1
Irtysh Omsk,12420,2,0,0.0,1083.0,1
Radnički Kragujevac,4645,2,2,1.0,,0
SKA-Khabarovsk-2,3690,2,0,0.0,2698.0,1
SC Paderborn 07,127,2,2,1.0,,0
KA Akureyri,1839,2,1,0.5,369.0,1
Örgryte IS,1118,2,0,0.0,865.0,1
ASWH,10790,2,0,0.0,1426.0,1
Ístanbulspor,924,1,1,1.0,,0
AOK Kerkyra,5219,1,1,1.0,,0
AS Monaco,162,1,0,0.0,520.0,1
Aalborg,1053,1,1,1.0,,0
Zenit-2 St.Petersburg,964,1,1,1.0,,0
Zenit-Izhevsk,6433,1,1,1.0,,0
Zeta,1004,1,0,0.0,4603.0,1
Zimbru-2 Chișinău,2714,1,1,1.0,,0
Zlín,5545,1,0,0.0,62.0,1
Admira Wacker Mödling,503,1,0,0.0,169.0,1
Akhmat,3725,1,1,1.0,,0
Weiche Flensburg,10284,1,0,0.0,5724.0,1
Aalborg BK,1053,1,1,1.0,,0
Aarhus,77485,1,0,0.0,1184.0,1
Vélez Sársfield,1029,1,0,0.0,1049.0,1
Víkingur Gøta,24832,1,1,1.0,,0
Yokohama FC,943,1,0,0.0,2293.0,1
Al Ahli SC,18487,1,0,0.0,367.0,1
Al Fateh SC,27221,1,0,0.0,172.0,1
Al Hazem,9131,1,0,0.0,3670.0,1
KR Reykjavik,3237,1,1,1.0,,0
KSV Hessen Kassel,373,1,0,0.0,16247.0,1
Johnstone Burgh,6188,1,0,0.0,2553.0,1
Jumilla,49734,1,0,0.0,4603.0,1
Jūrmala,28936,1,0,0.0,2227.0,1
Kruoja,23560,1,0,0.0,20100.0,1
Kruoja Pakruojis,23560,1,0,0.0,2503.0,1
Kolos-2 Kovalivka,48332,1,1,1.0,,0
Koninklijke HFC,28378,1,0,0.0,724.0,1
Konyaspor [ 1 ],2293,1,1,1.0,,0
Konyaspor[ 2 ],2293,1,1,1.0,,0
Kasimpasa,10484,1,1,1.0,,0
Amkar,4128,1,1,1.0,,0
Intercity,67212,1,0,0.0,2503.0,1
Internacional Madrid,50260,1,0,0.0,714.0,1
Inverurie Loco Works,10580,1,0,0.0,2451.0,1
Wacker Burghausen,110,1,0,0.0,5219.0,1
Warrington Town,9527,1,0,0.0,465.0,1
Al-Sadd,656,1,0,0.0,1245.0,1
Kozani,2669,1,0,0.0,2672.0,1
Krasava,91420,1,0,0.0,1124.0,1
Khimik-Arsenal,20084,1,0,0.0,2698.0,1
Kidderminster Harriers,1195,1,0,0.0,511.0,1
Kalmar,3654,1,0,0.0,6418.0,1
Kapaz,7090,1,0,0.0,23611.0,1
Jagiellonia Bialystok,2300,1,0,0.0,26.0,1
Jammerbugt,20108,1,1,1.0,,0
Jammerbugt FC,20108,1,0,0.0,5818.0,1
Inter d'Escaldes,41916,1,1,1.0,,0
Vasas SC,5378,1,0,0.0,865.0,1
Al Jazira Club,2524,1,0,0.0,273.0,1
Al-Ain,2150,1,0,0.0,940.0,1
Vitebsk,17959,1,1,1.0,,0
Viterbese Castrense,22294,1,1,1.0,,0
Vityaz Podolsk,12068,1,0,0.0,1083.0,1
America,3631,1,0,0.0,3449.0,1
Kettering Town,3825,1,0,0.0,2553.0,1
Real,11085,1,0,0.0,2457.0,1
Real Oviedo,2497,1,0,0.0,589.0,1
Real SC,11085,1,1,1.0,,0
Diósgyőri VTK,9241,1,0,0.0,6996.0,1
Dnipro-2 Dnipropetrovsk,339,1,0,0.0,6422.0,1
Racing de Santander,630,1,1,1.0,,0
Radnik Bijeljina [ 1 ] [ 2 ],11040,1,0,0.0,10690.0,1
Sakhalin Yuzhno-Sakhalinsk,16613,1,1,1.0,,0
Proodeftiki,2675,1,0,0.0,3060.0,1
Pumas,7633,1,0,0.0,1108.0,1
Puskás,37169,1,0,0.0,6676.0,1
Puskás AFC,37169,1,0,0.0,1304.0,1
Doxa Dramas,3706,1,0,0.0,653.0,1
Drumchapel United,35312,1,0,0.0,2760.0,1
Druzhba Myrivka,102357,1,0,0.0,86209.0,1
Dunav Ruse,19780,1,1,1.0,,0
De Dijk,21965,1,0,0.0,1435.0,1
San Martín,10511,1,0,0.0,60949.0,1
Cumbernauld Colts,49189,1,0,0.0,465.0,1
Dacia Chișinău,11907,1,0,0.0,2477.0,1
Daegu,6504,1,0,0.0,2553.0,1
Damac Club,50532,1,0,0.0,8024.0,1
QPR,1039,1,1,1.0,,0
RFC Seraing [ 2 ],2715,1,0,0.0,29228.0,1
Renova,10791,1,0,0.0,1160.0,1
SC Bastia,595,1,0,0.0,255.0,1
SC Chaika,36972,1,0,0.0,101362.0,1
Dinamo-2 Tbilisi,663,1,0,0.0,172.0,1
Dinamo-Auto Tiraspol,38921,1,0,0.0,16239.0,1
Rot-Weiss Erfurt,111,1,0,0.0,2293.0,1
Rot-Weiß Oberhausen,57,1,0,0.0,1506.0,1
Daugava Rīga,6181,1,0,0.0,1063.0,1
Rabotnički Skopje,4641,1,0,0.0,1083.0,1
East Stirlingshire,3000,1,0,0.0,2760.0,1
Ebbsfleet United,2797,1,0,0.0,12335.0,1
Pyunik Yerevan,10301,1,0,0.0,2740.0,1
Chippenham Town,21652,1,0,0.0,405.0,1
Chorley,13286,1,0,0.0,350.0,1
San Roque,21548,1,0,0.0,5219.0,1
Saransk,65682,1,0,0.0,28095.0,1
Espérance,3342,1,0,0.0,10484.0,1
Pohang Steelers,311,1,0,0.0,982.0,1
Portimonense [ 1 ],7378,1,1,1.0,,0
Edinburgh City[ 4 ],12886,1,1,1.0,,0
Egaleo FC,2984,1,0,0.0,3999.0,1
Eginiakos,35415,1,1,1.0,,0
Emirates Club,5147,1,0,0.0,265.0,1
RSC Anderlecht,58,1,1,1.0,,0
Sepsi,54585,1,0,0.0,987.0,1
Cliftonville,1251,1,0,0.0,2759.0,1
Clydebank,3457,1,0,0.0,2999.0,1
Coimbra,2990,1,0,0.0,3268.0,1
Coleraine,3831,1,1,1.0,,0
College 1975,6069,1,0,0.0,38204.0,1
Colorado Rapids 2,1247,1,0,0.0,60949.0,1
Savona,13562,1,0,0.0,1210.0,1
Salamanca,42039,1,0,0.0,2296.0,1
Cornellà,16196,1,0,0.0,714.0,1
SSV Jahn Regensburg,109,1,0,0.0,173.0,1
SV Darmstadt 98,105,1,1,1.0,,0
Concord Rangers,29842,1,0,0.0,2451.0,1
Condal,49912,1,0,0.0,2079.0,1
Conquense,16602,1,0,0.0,3709.0,1
Corby Town,22108,1,0,0.0,465.0,1
Sfîntul Gheorghe,31276,1,0,0.0,26459.0,1
Shelbourne,3909,1,0,0.0,370.0,1
Sheriff Tiraspol [ 3 ],2481,1,1,1.0,,0
Shirak,4807,1,0,0.0,16247.0,1
Calahorra,4030,1,0,0.0,3368.0,1
Caledonian Braves,44914,1,0,0.0,3012.0,1
Carshalton Athletic,8908,1,0,0.0,2999.0,1
Caudal,13226,1,0,0.0,28956.0,1
Este,27462,1,0,0.0,23611.0,1
Ethnikos Gazoros,32755,1,0,0.0,21957.0,1
Excelsior Maassluis,3410,1,0,0.0,1268.0,1
Portland Timbers 2,4291,1,0,0.0,524.0,1
Portugalete,18691,1,0,0.0,1533.0,1
Sileks,535,1,0,0.0,7769.0,1
Sillamäe Kalev,22832,1,1,1.0,,0
Sestao,13240,1,0,0.0,2448.0,1
FC Chertanovo Moscow,43502,1,0,0.0,2696.0,1
FC Chornomorets Odesa,6992,1,1,1.0,,0
Panevėžys,49149,1,0,0.0,60949.0,1
Paniliakos,2726,1,0,0.0,2441.0,1
Paulista,199,1,0,0.0,2503.0,1
FA 2000,21035,1,0,0.0,369.0,1
FC Arouca,8024,1,1,1.0,,0
Espérance Tunis,3342,1,0,0.0,524.0,1
Sarpsborg,10217,1,0,0.0,202.0,1
Chesham United,9153,1,0,0.0,2805.0,1
Sioni Bolnisi,10531,1,0,0.0,6414.0,1
Sirius,7945,1,0,0.0,60949.0,1
Chayka,45200,1,0,0.0,3691.0,1
Chelmsford City,3698,1,1,1.0,,0
Chelyabinsk-2,23110,1,1,1.0,,0
FC Bari,332,1,0,0.0,6418.0,1
FC Dynamo Kyiv,338,1,0,0.0,9007.0,1
FC Halifax Town,1127,1,1,1.0,,0
FC Hegelmann,69752,1,1,1.0,,0
FC Arsenal Kyiv,9007,1,1,1.0,,0
FC Ural Yekaterinburg 2,11127,1,1,1.0,,0
Olympique Marseille,244,1,1,1.0,,0
Omonia Nicosia,829,1,0,0.0,244.0,1
Orduspor 1967,2323,1,0,0.0,11688.0,1
FC Homburg,459,1,0,0.0,269.0,1
FC Jumilla,49734,1,0,0.0,987.0,1
FC Kaluga,28098,1,0,0.0,3719.0,1
Pirae,17782,1,0,0.0,7185.0,1
Poblense,28014,1,0,0.0,1244.0,1
FC Differdange 03,11914,1,0,0.0,1421.0,1
FC Dinamo Tbilisi,663,1,0,0.0,172.0,1
FC Dinamo Tbilisi 2,663,1,0,0.0,11127.0,1
FC Luch Vladivostok,4057,1,1,1.0,,0
FC Magdeburg,187,1,0,0.0,443.0,1
FC Mariupol,6993,1,1,1.0,,0
Pacos Ferreira,2995,1,1,1.0,,0
Paderborn,127,1,0,0.0,132.0,1
Paderborn 07,127,1,1,1.0,,0
FC Khimik Dzerzhinsk,20923,1,0,0.0,3725.0,1
FC Kolomna,19958,1,1,1.0,,0
Spartak Nalchik,8835,1,0,0.0,4128.0,1
CA Bastia,595,1,1,1.0,,0
CD Nacional,982,1,1,1.0,,0
CD Tondela,7179,1,1,1.0,,0
CS Universitatea Craiova,40812,1,0,0.0,12438.0,1
CS Uruguay,3449,1,0,0.0,6894.0,1
CSKA,61955,1,0,0.0,2410.0,1
Smitshoek,2870,1,0,0.0,1269.0,1
Oxford Utd,988,1,0,0.0,43.0,1
PAO Rouf,6461,1,0,0.0,30120.0,1
PAS Giannina [ 1 ] [ 2 ],2671,1,1,1.0,,0
PAS Lamia,3999,1,1,1.0,,0
FC Veles Moscow,58065,1,1,1.0,,0
FC Winterthur,242,1,0,0.0,1426.0,1
FC Zenit St. Petersburg,964,1,1,1.0,,0
FC St. Gallen,257,1,0,0.0,825.0,1
FSV Wacker 90 Nordhausen,490,1,0,0.0,105.0,1
FV Ravensburg,10780,1,0,0.0,2759.0,1
Fatih Karagumruk,6646,1,1,1.0,,0
FeralpiSalò,9439,1,1,1.0,,0
Ferencvárosi TC,279,1,0,0.0,1519.0,1
Oriental,4864,1,0,0.0,2457.0,1
Orihuela,4054,1,0,0.0,1533.0,1
Oure FA,75635,1,0,0.0,2414.0,1
FC Nürnberg,4,1,1,1.0,,0
Sonnenhof Grossaspach,2589,1,0,0.0,169.0,1
Skonto,1043,1,0,0.0,10484.0,1
Sloboda Tuzla,5405,1,0,0.0,2832.0,1
Brønshøj,5866,1,1,1.0,,0
Brønshøj BK,5866,1,1,1.0,,0
Bukovyna-2 Chernivtsi,21903,1,1,1.0,,0
Needham Market,25745,1,0,0.0,2672.0,1
FC Sibiryak Bratsk,12060,1,0,0.0,12439.0,1
FC Sion,321,1,1,1.0,,0
FC Oberneuland,115,1,0,0.0,2292.0,1
FC Santa Coloma,10854,1,1,1.0,,0
FC Metallurg Lipetsk,3723,1,0,0.0,3729.0,1
FC Noah,60368,1,1,1.0,,0
FC Nosta Novotroitsk,11135,1,0,0.0,3243.0,1
FC Novosibirsk,75068,1,0,0.0,3690.0,1
Nikopol,40523,1,0,0.0,60551.0,1
Nocerina,4114,1,1,1.0,,0
Novosibirsk,75068,1,0,0.0,45913.0,1
Strathspey Thistle,23620,1,0,0.0,2759.0,1
Strogino Moscow,40896,1,0,0.0,12439.0,1
Strømsgodset 2,2817,1,1,1.0,,0
Stumbras,43957,1,0,0.0,1085.0,1
Stuttgart,79,1,1,1.0,,0
NK Osijek,327,1,0,0.0,1519.0,1
Galatasaray SK,141,1,1,1.0,,0
Gangwon FC,21459,1,0,0.0,7378.0,1
Mornar,4639,1,0,0.0,2740.0,1
Mouscron [ 3 ],29228,1,1,1.0,,0
Nîmes Olympique,1160,1,0,0.0,169.0,1
OGC Nice,417,1,1,1.0,,0
Olimpija,4772,1,1,1.0,,0
Sutjeska Nikšić,3070,1,0,0.0,441.0,1
Suwon FC,31622,1,0,0.0,653.0,1
Biggleswade Town,30127,1,0,0.0,2796.0,1
Blackburn United,26142,1,1,1.0,,0
Stratford Town,23118,1,0,0.0,1241.0,1
NEC 1,467,1,1,1.0,,0
NK Bravo,26985,1,0,0.0,2832.0,1
NK Olimpija Ljubljana,4772,1,1,1.0,,0
St. Louis City SC,82686,1,0,0.0,6418.0,1
St. Mirren,465,1,1,1.0,,0
Spartak Vladikavkaz,2703,1,1,1.0,,0
St Albans City,3826,1,0,0.0,2999.0,1
Bochum,80,1,1,1.0,,0
Bogotá,17425,1,0,0.0,15.0,1
Bokelj,4949,1,0,0.0,820.0,1
Bonnyrigg Rose,20603,1,1,1.0,,0
Sūduva Marijampolė,8047,1,0,0.0,2477.0,1
Tre Fiori,10617,1,1,1.0,,0
Trepça '89,22682,1,0,0.0,2671.0,1
Tromsø 2,1293,1,1,1.0,,0
Tskhinvali,19090,1,1,1.0,,0
Toledo,2929,1,0,0.0,2079.0,1
Tom-2 Tomsk,3691,1,1,1.0,,0
Torres 1903,2253,1,0,0.0,4750.0,1
TSV 1860 Munich,72,1,0,0.0,2727.0,1
Tamworth,3539,1,1,1.0,,0
Boston United,3489,1,0,0.0,2999.0,1
Swift Hesperange,9284,1,0,0.0,6195.0,1
Sydvest 05,22112,1,0,0.0,5817.0,1
Syzran-2003,34230,1,1,1.0,,0
São Paulo FC,585,1,0,0.0,24.0,1
Sūduva,8047,1,0,0.0,653.0,1
Tarazona,41403,1,0,0.0,472.0,1
Team Wellington,18385,1,0,0.0,190.0,1
Tekstilac Odžaci,36922,1,0,0.0,64780.0,1
Barbastro,16387,1,0,0.0,2296.0,1
TOGB,44920,1,0,0.0,468.0,1
TSC Bačka Topola,3137,1,1,1.0,,0
TSG Balingen,834,1,0,0.0,3999.0,1
TSK Simferopol,45156,1,0,0.0,2783.0,1
Stade Rennais,273,1,1,1.0,,0
Stade de Reims,1421,1,1,1.0,,0
Standard Liège [ 3 ],3057,1,1,1.0,,0
Bayer 04 Leverkusen,15,1,1,1.0,,0
Beith Juniors,8942,1,0,0.0,987.0,1
Belenenses [ 15 ],68608,1,1,1.0,,0
Bergantiños,16055,1,0,0.0,16795.0,1
Taranto,4093,1,0,0.0,6676.0,1
Maidenhead United,7123,1,0,0.0,2553.0,1
Mainz,39,1,1,1.0,,0
Malatyaspor,19789,1,1,1.0,,0
Freiburg,60,1,1,1.0,,0
Frem,444,1,0,0.0,443.0,1
GVVV,19964,1,0,0.0,1455.0,1
Mons Calpe,42546,1,0,0.0,43032.0,1
Montpellier [ 1 ],969,1,1,1.0,,0
Naftovyk-Ukrnafta Okhtyrka,12302,1,0,0.0,23611.0,1
FCV Dender,9010,1,0,0.0,498.0,1
FK Atlantas,5228,1,1,1.0,,0
Mouscron[ 3 ],29228,1,1,1.0,,0
Mazembe,8428,1,0,0.0,3057.0,1
Melbourne City [ 1 ],25580,1,0,0.0,192.0,1
Melfi,10670,1,0,0.0,416.0,1
Magdeburg,187,1,0,0.0,1245.0,1
FK Auda,8606,1,1,1.0,,0
FK Haugesund,2761,1,0,0.0,1053.0,1
FK Jablonec,1322,1,0,0.0,1245.0,1
FK Kauno Žalgiris,40090,1,1,1.0,,0
FK Liepāja,43162,1,0,0.0,5220.0,1
FK Železničar Pančevo,59358,1,0,0.0,2420.0,1
FSC Mariupol,65423,1,0,0.0,6993.0,1
Naftan Novopolotsk,8563,1,0,0.0,16247.0,1
Toulouse FC,415,1,1,1.0,,0
Mito HollyHock,21975,1,0,0.0,968.0,1
Moghreb Tétouan,9100,1,0,0.0,132.0,1
Gretna 2008,24574,1,0,0.0,2802.0,1
Metallurg-Kuzbass Novokuznetsk,3715,1,0,0.0,2783.0,1
Meteora,4591,1,0,0.0,169.0,1
Middelfart,5767,1,1,1.0,,0
Milsami,30686,1,0,0.0,2999.0,1
MITOS Novocherkassk,27932,1,0,0.0,24501.0,1
Gernika,11590,1,0,0.0,621.0,1
Giouchtas,29397,1,0,0.0,5220.0,1
Gjilani,29053,1,0,0.0,7769.0,1
Glentoran,9026,1,0,0.0,465.0,1
Grasshopper Club Zurich,504,1,0,0.0,410.0,1
Gefle IF,4414,1,0,0.0,23611.0,1
Genoa CFC,252,1,1,1.0,,0
Macarthur FC,71085,1,0,0.0,969.0,1
Groene Ster,12451,1,0,0.0,192.0,1
Grödig,10131,1,0,0.0,169.0,1
Luftëtari FC,21934,1,0,0.0,58.0,1
Lyngby Boldklub,369,1,1,1.0,,0
Länk Vilaverdense,8424,1,0,0.0,6912.0,1
MASV,40253,1,0,0.0,403.0,1
MFK Karviná,13726,1,0,0.0,339.0,1
Bangor City,3649,1,0,0.0,511.0,1
USV Hercules,34156,1,0,0.0,16.0,1
Avarta,5925,1,0,0.0,2414.0,1
Avispa Fukuoka,9597,1,0,0.0,126.0,1
B36,10532,1,1,1.0,,0
Baikal Irkutsk,24501,1,1,1.0,,0
UCSA Tarasivka,110586,1,0,0.0,81401.0,1
UE Santa Coloma,28633,1,0,0.0,41916.0,1
Fola Esch,11976,1,0,0.0,41274.0,1
Forres Mechanics,3458,1,0,0.0,3491.0,1
Tobol Kostanay,10481,1,0,0.0,2700.0,1
Beroe Stara Zagora,6764,1,1,1.0,,0
Terrassa,1881,1,0,0.0,403.0,1
Teuta,3739,1,0,0.0,6992.0,1
Ballymena United,15244,1,0,0.0,465.0,1
Banga,23559,1,0,0.0,23611.0,1
HB Torshavn,4313,1,1,1.0,,0
HHC,11312,1,0,0.0,1269.0,1
HHC Hardenberg,11312,1,0,0.0,1283.0,1
MTK,634,1,0,0.0,370.0,1
La Fiorita,24349,1,1,1.0,,0
Laçi,22140,1,0,0.0,63007.0,1
Lealtad,19926,1,0,0.0,4603.0,1
Hemel Hempstead Town,17980,1,0,0.0,6340.0,1
HNK Hajduk Split,447,1,0,0.0,995.0,1
Haka,1225,1,1,1.0,,0
Halifax Town,1127,1,0,0.0,465.0,1
Halsteren,8626,1,0,0.0,403.0,1
Hamburger,41,1,0,0.0,244.0,1
Gwangju,30925,1,0,0.0,370.0,1
Göteborg,801,1,0,0.0,403.0,1
Gütersloh,220,1,1,1.0,,0
Atlético CP,5227,1,0,0.0,1465.0,1
Atlético Sanluqueño,21322,1,0,0.0,2687.0,1
Arsenal Bila Tserkva,24288,1,1,1.0,,0
Arsenal Tivat,37989,1,0,0.0,4633.0,1
Arsenal-Kyivshchyna Bila Tserkva,24288,1,0,0.0,2740.0,1
Lorca Deportiva,49806,1,1,1.0,,0
Linlithgow Rose,5660,1,1,1.0,,0
HNK Gorica,24575,1,0,0.0,931.0,1
Gençlerbirligi SK,820,1,0,0.0,41274.0,1
Germania Egestorf,10381,1,0,0.0,48.0,1
Austin,72309,1,0,0.0,601.0,1
Austria Vienna,14,1,1,1.0,,0
Tudelano,29271,1,0,0.0,1533.0,1
Tyrnavos 2005,21725,1,0,0.0,21957.0,1
Atlético,5227,1,0,0.0,2503.0,1
Atlético Bucaramanga,6495,1,0,0.0,276.0,1
Linares,12351,1,0,0.0,131.0,1
Houston Dynamo 2,9168,1,0,0.0,200.0,1
Huntly,3490,1,0,0.0,3491.0,1
Hødd,8995,1,0,0.0,1063.0,1
IF Skjold Birkerød,20417,1,0,0.0,369.0,1
Auckland City,11391,1,0,0.0,7179.0,1
Valle de Egüés,13223,1,0,0.0,2698.0,1
Valmiera FC,5084,1,1,1.0,,0
Kuban-Holding,65683,1,1,1.0,,0
Kuban-Holding Pavlovskaya,65683,1,0,0.0,78749.0,1
Kukësi,27116,1,1,1.0,,0
Kulykiv-Bilka,112110,1,0,0.0,3592.0,1
KÍ Klaksvík,6170,1,1,1.0,,0
IJsselmeervogels,7116,1,0,0.0,467.0,1
Lienden,11055,1,0,0.0,642.0,1
Liepāja,43162,1,0,0.0,29109.0,1
Uerdingen 05,95,1,0,0.0,369.0,1
Unionistas,52397,1,0,0.0,472.0,1
University of Stirling,23692,1,0,0.0,2999.0,1
Angers SCO,1420,1,0,0.0,1162.0,1
Ankaragucu,868,1,1,1.0,,0
Araz-Nakhchivan,44360,1,0,0.0,2293.0,1
Vejle Kolding,33324,1,0,0.0,2990.0,1
Incheon United,2996,1,0,0.0,2293.0,1
Hessen Kassel,373,1,0,0.0,605.0,1
Ludogorets,31614,1,0,0.0,979.0,1
Hapoel Beer Sheva,2976,1,0,0.0,3057.0,1
Haro,13231,1,0,0.0,16795.0,1
Urk,33427,1,0,0.0,306.0,1
VSK Aarhus,5842,1,0,0.0,5776.0,1
VV Chèvremont,44605,1,0,0.0,192.0,1
VV Katwijk,9933,1,0,0.0,235.0,1
Znamya Truda,12444,1,0,0.0,41201.0,1
52 Orduspor,2323,1,0,0.0,3205.0,1
Zvezda Saint Petersburg,45913,1,0,0.0,2696.0,1
1. Köln,3,1,1,1.0,,0
1. Heidenheim,2036,1,1,1.0,,0
sc Heerenveen,306,1,1,1.0,,0
1. CfR Pforzheim,30006,1,0,0.0,1506.0,1
KAA Gent,157,1,1,1.0,,0
1. FC Nurnberg,4,1,1,1.0,,0
Wuppertaler SV,299,1,0,0.0,12456.0,1
AFC Fylde,22672,1,0,0.0,465.0,1
Javor Ivanjica,8819,1,0,0.0,380.0,1
ACV,2958,1,0,0.0,202.0,1
AC Perugia,839,1,0,0.0,173.0,1
AC Ajaccio,1147,1,1,1.0,,0
Jeonbuk Hyundai Motors,6502,1,0,0.0,833.0,1
Šiauliai,5970,1,0,0.0,17149.0,1
Široki Brijeg,1242,1,0,0.0,8031.0,1
Žalgiris Vilnius,602,1,0,0.0,133.0,1
Željezničar Sarajevo,2573,1,0,0.0,4603.0,1
Znamya Noginsk,68289,1,0,0.0,2696.0,1
ZFC Meuselwitz,2643,1,0,0.0,3993.0,1
Zenit Penza,17399,1,0,0.0,11126.0,1
Zenit St.Petersburg,964,1,1,1.0,,0
Viking 2,239,1,0,0.0,206.0,1
Vilaverdense,8424,1,0,0.0,2503.0,1
Vilkhivtsi,110388,1,0,0.0,61825.0,1
Alfreton Town,3721,1,0,0.0,703.0,1
Alianza,22902,1,0,0.0,3577.0,1
Almyros,67218,1,0,0.0,4603.0,1
Altach,3551,1,1,1.0,,0
Alvechurch,33777,1,0,0.0,511.0,1
Desportivo de Aves,3336,1,1,1.0,,0
Dinamo,312,1,0,0.0,1180.0,1
Dinamo-2,312,1,0,0.0,1180.0,1
De Meern,22703,1,0,0.0,798.0,1
De Treffers,6160,1,0,0.0,235.0,1
Debreceni,84,1,0,0.0,669.0,1
Debreceni VSC,84,1,0,0.0,826.0,1
Deportivo de La Coruña,897,1,1,1.0,,0
SK Beveren,28643,1,1,1.0,,0
Rubikon Kyiv,65424,1,1,1.0,,0
Radomiak,7154,1,0,0.0,2457.0,1
Rapid Vienna,170,1,1,1.0,,0
Erzurumspor FK,39722,1,1,1.0,,0
Racing Rioja,78105,1,0,0.0,5817.0,1
Racing Union,13467,1,1,1.0,,0
Racing de Ferrol,1176,1,0,0.0,126.0,1
SKA Khabarovsk,3690,1,1,1.0,,0
SKA Rostov-2,6673,1,0,0.0,1083.0,1
SM Caen,1162,1,1,1.0,,0
SS Reyes,11245,1,0,0.0,3368.0,1
SC Vilkhivtsi,110388,1,0,0.0,26459.0,1
SC Wiedenbrück,4955,1,0,0.0,80.0,1
SC Wiedenbrück 2000,4955,1,0,0.0,6894.0,1
SDC Putten,9981,1,0,0.0,1435.0,1
Rimini,4111,1,0,0.0,2921.0,1
Ringkøbing,5838,1,0,0.0,5818.0,1
Roda Kerkrade,192,1,1,1.0,,0
Dundee United FC,1519,1,1,1.0,,0
Durango,29573,1,0,0.0,1533.0,1
ES Sétif,18272,1,0,0.0,589.0,1
Recreativo Huelva,2867,1,0,0.0,441.0,1
SK Slavia Prague,62,1,0,0.0,3911.0,1
