club_id,club_name,n,conf,tasso
1,1. FC Saarbrücken,31,1,0.03225806451612903
1,FC Saarbrücken,1,0,0.0
2,1. FC Kaiserslautern,103,14,0.13592233009708737
2,Kaiserslautern,5,0,0.0
3,1. FC Köln,128,119,0.9296875
3,1. Köln,1,1,1.0
3,FC Köln,1,0,0.0
3,Köln,2,0,0.0
4,1. FC Nurnberg,1,1,1.0
4,1. FC Nürnberg,126,49,0.3888888888888889
4,1.FC Nürnberg,1,0,0.0
4,FC Nürnberg,1,1,1.0
4,Nürnberg,11,6,0.5454545454545454
5,AC Milan,175,151,0.8628571428571429
5,Milan,9,8,0.8888888888888888
6,Adanaspor,113,15,0.13274336283185842
7,Al Ahly,30,2,0.06666666666666667
7,Al-Ahly SC,1,0,0.0
9,Kalamata,78,1,0.01282051282051282
10,Arminia Bielefeld,84,47,0.5595238095238095
11,Arsenal,131,97,0.7404580152671756
12,Roma,210,181,0.861904761904762
13,Atlético Madrid,136,115,0.8455882352941176
14,Austria Vienna,1,1,1.0
15,Bayer 04 Leverkusen,1,1,1.0
15,Bayer Leverkusen,124,113,0.9112903225806451
16,Borussia Dortmund,123,115,0.9349593495934959
18,Borussia Mönchengladbach,94,88,0.9361702127659575
19,Brescia,113,43,0.3805309734513274
20,Bursaspor,143,90,0.6293706293706294
22,Derby,1,0,0.0
22,Derby County,110,32,0.2909090909090909
23,Eintracht Braunschweig,101,20,0.19801980198019803
24,Eintracht Frankfurt,160,152,0.95
25,Energie Cottbus,30,1,0.03333333333333333
26,Basel,109,41,0.3761467889908257
26,FC Basel,12,8,0.6666666666666666
27,Bayern Munich,124,117,0.9435483870967742
27,Bayern Munich II,78,50,0.6410256410256411
29,Everton,131,107,0.816793893129771
30,FC Hansa Rostock,1,0,0.0
30,Hansa Rostock,73,4,0.0547945205479452
31,Liverpool,132,109,0.8257575757575758
33,Schalke 04,160,124,0.775
35,FC St. Pauli,89,38,0.42696629213483145
35,St. Pauli,13,7,0.5384615384615384
36,Fenerbahçe,179,157,0.8770949720670391
38,Fortuna Düsseldorf,137,58,0.4233576642335766
39,1. FSV Mainz 05,3,3,1.0
39,Mainz,1,1,1.0
39,Mainz 05,141,129,0.9148936170212766
40,Bordeaux,130,93,0.7153846153846154
41,Hamburger,1,0,0.0
41,Hamburger SV,142,90,0.6338028169014085
42,Hannover 96,124,71,0.5725806451612904
43,Heart of Midlothian,155,141,0.9096774193548387
44,Hertha BSC,120,101,0.8416666666666667
46,Inter,6,3,0.5
46,Inter Milan,187,151,0.8074866310160428
48,Karlsruher SC,86,7,0.08139534883720931
52,MSV Duisburg,63,2,0.031746031746031744
56,Rot-Weiss Essen,30,0,0.0
58,Anderlecht,199,175,0.8793969849246231
58,RSC Anderlecht,1,1,1.0
60,Freiburg,1,1,1.0
60,SC Freiburg,121,113,0.9338842975206612
60,SC Freiburg II,82,62,0.7560975609756098
61,Servette,74,29,0.3918918918918919
62,SK Slavia Prague,2,0,0.0
62,Slavia Prague,96,52,0.5416666666666666
64,SV Elversberg,33,5,0.15151515151515152
65,Greuther Fürth,119,41,0.3445378151260504
69,SSV Ulm,16,3,0.1875
69,SSV Ulm 1846,2,0,0.0
72,1860 Munich,60,6,0.1
72,TSV 1860 Munich,5,0,0.0
77,FK Vardar,2,0,0.0
77,Vardar,21,3,0.14285714285714285
78,VfB Lübeck,10,0,0.0
79,Stuttgart,1,1,1.0
79,VfB Stuttgart,167,148,0.8862275449101796
80,Bochum,3,1,0.3333333333333333
80,VFL Bochum,1,0,0.0
80,VfL Bochum,126,71,0.5634920634920635
81,VfL Osnabrück,59,1,0.01694915254237288
82,VfL Wolfsburg,127,117,0.9212598425196851
82,Wolfsburg,2,2,1.0
84,Debreceni,3,0,0.0
84,Debreceni VSC,3,0,0.0
86,Werder Bremen,131,121,0.9236641221374046
89,Union Berlin,140,109,0.7785714285714286
94,Erzgebirge Aue,40,3,0.075
95,KFC,1,0,0.0
95,KFC Uerdingen,11,0,0.0
95,KFC Uerdingen 05,11,1,0.09090909090909091
95,Uerdingen 05,3,0,0.0
105,Darmstadt,3,1,0.3333333333333333
105,Darmstadt 98,116,76,0.6551724137931034
105,SV Darmstadt,3,1,0.3333333333333333
105,SV Darmstadt 98,1,1,1.0
107,Kickers Offenbach,13,0,0.0
108,SV Wehen Wiesbaden,22,0,0.0
108,Wehen Wiesbaden,22,1,0.045454545454545456
109,Jahn Regensburg,51,2,0.0392156862745098
109,SSV Jahn Regensburg,2,0,0.0
114,Beşiktaş,180,167,0.9277777777777778
119,Maccabi Tel Aviv,90,23,0.25555555555555554
120,Kocaelispor,69,24,0.34782608695652173
122,Sturm Graz,96,37,0.3854166666666667
124,Rangers,168,134,0.7976190476190477
126,Rizespor,3,2,0.6666666666666666
126,Çaykur Rizespor,197,175,0.8883248730964467
127,Paderborn,3,0,0.0
127,Paderborn 07,2,1,0.5
127,SC Paderborn,94,45,0.4787234042553192
127,SC Paderborn 07,3,2,0.6666666666666666
128,Xanthi,92,55,0.5978260869565217
129,Dynamo Dresden,69,2,0.028985507246376812
130,Parma,224,159,0.7098214285714286
131,Barcelona,123,108,0.8780487804878049
131,Barcelona SC,13,0,0.0
132,NAC,18,12,0.6666666666666666
132,NAC Breda,163,110,0.6748466257668712
133,Cambuur,125,81,0.648
133,SC Cambuur,16,14,0.875
141,Galatasaray,183,170,0.9289617486338798
141,Galatasaray SK,1,1,1.0
142,Real Zaragoza,6,1,0.16666666666666666
142,Zaragoza,125,15,0.12
144,HNK Rijeka,1,0,0.0
144,Rijeka,112,40,0.35714285714285715
148,Tottenham Hotspur,140,111,0.7928571428571428
150,Betis,121,114,0.9421487603305785
150,Real Betis,18,18,1.0
152,Samsunspor,129,44,0.34108527131782945
156,Levski Sofia,80,9,0.1125
157,Gent,180,164,0.9111111111111111
157,KAA Gent,1,1,1.0
159,Red Star Belgrade,122,51,0.4180327868852459
159,Red Star FC,1,0,0.0
162,AS Monaco,2,0,0.0
162,Monaco,169,149,0.8816568047337278
163,FC Vaduz,7,2,0.2857142857142857
163,Vaduz,18,2,0.1111111111111111
164,Blackburn Rovers,110,25,0.22727272727272727
167,Augsburg,14,13,0.9285714285714286
167,FC Augsburg,122,119,0.9754098360655737
169,Panionios,136,106,0.7794117647058824
170,Rapid Vienna,2,1,0.5
171,Real Murcia,7,0,0.0
172,Charleroi,131,122,0.9312977099236641
172,Royal Charleroi,6,6,1.0
172,Sporting Charleroi,12,12,1.0
180,Southampton,139,117,0.841726618705036
187,1. FC Magdeburg,52,5,0.09615384615384616
187,FC Magdeburg,1,0,0.0
187,Magdeburg,1,0,0.0
189,Boca Juniors,90,5,0.05555555555555555
190,Copenhagen,144,136,0.9444444444444444
190,FC Copenhagen,3,3,1.0
192,Roda JC,111,48,0.43243243243243246
192,Roda JC Kerkrade,35,22,0.6285714285714286
192,Roda Kerkrade,1,1,1.0
195,Rosenborg,74,29,0.3918918918918919
195,Rosenborg 2,1,0,0.0
197,Sparta Prague,103,53,0.5145631067961165
200,FC Utrecht,29,29,1.0
200,Utrecht,152,147,0.9671052631578947
202,FC Groningen,17,16,0.9411764705882353
202,Groningen,143,134,0.9370629370629371
204,Lierse,86,42,0.4883720930232558
204,Lierse SK,1,0,0.0
206,Brøndby,130,121,0.9307692307692308
206,Brøndby IF,5,5,1.0
208,CSKA Sofia,87,8,0.09195402298850575
209,River Plate,97,17,0.17525773195876287
220,FC Gütersloh,3,0,0.0
220,FC Gütersloh 2000,1,0,0.0
220,Gütersloh,2,1,0.5
235,RKC,20,14,0.7
235,RKC Waalwijk,110,94,0.8545454545454545
235,Waalwijk,4,3,0.75
237,Mallorca,147,92,0.6258503401360545
238,Lech Poznań,95,30,0.3157894736842105
239,Viking,58,30,0.5172413793103449
239,Viking 2,4,1,0.25
239,Viking FK,1,0,0.0
239,Viking FK 2,1,0,0.0
244,Marseille,177,176,0.9943502824858758
244,Olympique Marseille,1,1,1.0
252,Genoa,285,247,0.8666666666666667
252,Genoa CFC,1,1,1.0
253,FC Torpedo Kutaisi,1,0,0.0
253,Torpedo Kutaisi,45,3,0.06666666666666667
254,SV Sandhausen,76,11,0.14473684210526316
254,Sandhausen,1,0,0.0
257,FC St. Gallen,4,0,0.0
257,St. Gallen,75,19,0.25333333333333335
260,FC Zürich,16,3,0.1875
260,Zürich,61,9,0.14754098360655737
265,Panathinaikos,184,170,0.9239130434782609
269,Holstein Kiel,86,31,0.36046511627906974
271,Litex Lovech,9,0,0.0
271,Lovech,1,0,0.0
273,Rennes,170,157,0.9235294117647059
273,Stade Rennais,1,1,1.0
276,Hellas Verona,211,193,0.9146919431279621
276,Verona,50,38,0.76
279,Ferencvárosi TC,1,0,0.0
281,Manchester City,172,95,0.5523255813953488
282,FK Sarajevo,1,0,0.0
282,Sarajevo,53,12,0.22641509433962265
289,Sunderland,153,100,0.6535947712418301
290,Auxerre,132,64,0.48484848484848486
293,FSV Frankfurt,37,3,0.08108108108108109
294,Benfica,172,149,0.8662790697674418
301,FCSB,80,41,0.5125
306,Heerenveen,136,127,0.9338235294117647
306,SC Heerenveen,26,23,0.8846153846153846
306,sc Heerenveen,1,1,1.0
312,Dinamo,3,0,0.0
312,Dinamo-2,1,0,0.0
317,FC Twente,21,17,0.8095238095238095
317,Twente,147,137,0.9319727891156463
318,Ruch Chorzów,24,0,0.0
321,FC Sion,1,1,1.0
321,Sion,74,1,0.013513513513513514
324,Pogoń Szczecin,55,0,0.0
327,NK Osijek,2,1,0.5
327,Osijek,66,11,0.16666666666666666
331,Osasuna,89,79,0.8876404494382022
332,Bari,172,8,0.046511627906976744
332,FC Bari,1,0,0.0
336,Sporting,4,3,0.75
336,Sporting CP,158,146,0.9240506329113924
337,Birmingham City,141,34,0.24113475177304963
338,Dynamo Kyiv,133,89,0.6691729323308271
338,Dynamo-2 Kyiv,22,5,0.22727272727272727
338,FC Dynamo Kyiv,1,0,0.0
338,FC Dynamo-2 Kyiv,1,0,0.0
339,Dnipro Dnipropetrovsk,23,14,0.6086956521739131
339,Dnipro-2 Dnipropetrovsk,1,0,0.0
347,Metz,163,142,0.8711656441717791
349,Barnsley,122,21,0.1721311475409836
350,Sheffield United,134,79,0.5895522388059702
352,Swindon Town,81,9,0.1111111111111111
354,KV Mechelen,23,21,0.9130434782608695
354,Mechelen,126,120,0.9523809523809523
355,Bolton Wanderers,114,7,0.06140350877192982
358,Charlton Athletic,150,25,0.16666666666666666
362,Akademisk Boldklub,1,0,0.0
365,Spartak Trnava,51,6,0.11764705882352941
366,Real Valladolid,6,3,0.5
366,Valladolid,149,104,0.697986577181208
367,Rayo Vallecano,126,110,0.873015873015873
368,Sevilla,171,165,0.9649122807017544
369,Lyngby,109,94,0.8623853211009175
369,Lyngby BK,10,8,0.8
369,Lyngby Boldklub,1,1,1.0
370,Aberdeen,154,142,0.922077922077922
371,Celtic,165,143,0.8666666666666667
377,Baník Ostrava,46,28,0.6086956521739131
377,FC Baník Ostrava,2,0,0.0
379,West Ham United,155,143,0.9225806451612903
380,Salernitana,192,89,0.4635416666666667
383,PSV,138,123,0.8913043478260869
383,PSV Eindhoven,14,13,0.9285714285714286
384,MVV Maastricht,22,2,0.09090909090909091
398,Lazio,126,111,0.8809523809523809
399,Leeds United,142,72,0.5070422535211268
403,Willem II,170,150,0.8823529411764706
403,Willem II Tilburg,2,0,0.0
404,Den Bosch,55,10,0.18181818181818182
404,FC Den Bosch,17,4,0.23529411764705882
405,Aston Villa,173,137,0.791907514450867
408,Ascoli,137,2,0.014598540145985401
409,Red Bull Salzburg,129,52,0.40310077519379844
410,Udinese,179,158,0.88268156424581
413,LASK,56,4,0.07142857142857142
415,Toulouse,140,135,0.9642857142857143
415,Toulouse FC,1,1,1.0
416,Torino,195,172,0.882051282051282
417,Nice,159,152,0.9559748427672956
417,OGC Nice,1,1,1.0
418,Real Madrid,97,84,0.865979381443299
419,Dinamo Zagreb,116,60,0.5172413793103449
420,RNK Split,18,1,0.05555555555555555
428,Górnik Zabrze,61,2,0.03278688524590164
429,Apollon Limassol,103,5,0.04854368932038835
430,Fiorentina,207,183,0.8840579710144928
433,FC Koper,1,0,0.0
433,Koper,41,3,0.07317073170731707
434,FC Luzern,10,0,0.0
434,Luzern,49,1,0.02040816326530612
440,Hallescher FC,31,1,0.03225806451612903
441,Apollon Smyrnis,149,104,0.697986577181208
443,Vejle Boldklub,8,5,0.625
447,HNK Hajduk Split,1,0,0.0
447,Hajduk 1912,1,0,0.0
447,Hajduk Split,120,40,0.3333333333333333
448,Novi Sad 1921,3,1,0.3333333333333333
448,Vojvodina,81,19,0.2345679012345679
449,Trabzonspor,204,193,0.946078431372549
449,Trabzonspor [ 1 ],1,0,0.0
452,BSC Young Boys,1,0,0.0
458,Palermo,136,60,0.4411764705882353
458,Palermo FC,1,0,0.0
465,St Mirren,162,151,0.9320987654320988
465,St. Mirren,1,1,1.0
466,Preston North End,89,19,0.21348314606741572
467,NEC,160,117,0.73125
467,NEC 1,1,1,1.0
467,NEC Nijmegen,17,12,0.7058823529411765
467,SV Nijmegen,1,0,0.0
468,Sparta Rotterdam,149,129,0.8657718120805369
472,Las Palmas,137,94,0.6861313868613139
475,Sint-Truidense,16,12,0.75
496,Malmö,4,2,0.5
496,Malmö FF,86,47,0.5465116279069767
498,Lokeren,73,51,0.6986301369863014
499,Vitesse,139,123,0.8848920863309353
499,Vitesse '08,1,0,0.0
499,Vitesse Arnhem,3,3,1.0
500,Helmond Sport,83,11,0.13253012048192772
501,Bodø/Glimt,78,39,0.5
501,Bodø/Glimt 2,1,0,0.0
504,Grasshopper,31,1,0.03225806451612903
504,Grasshopper Club,1,0,0.0
504,Grasshopper Club Zurich,1,0,0.0
504,Grasshopper Club Zürich,2,0,0.0
506,Juventus,193,135,0.6994818652849741
506,Juventus IF,1,0,0.0
506,Juventus-SC,1,0,0.0
511,Dundee,163,133,0.8159509202453987
512,Stoke City,137,66,0.48175182481751827
520,Cercle Brugge,171,142,0.8304093567251462
524,Gaziantepspor,66,65,0.9848484848484849
527,Lausanne,2,0,0.0
527,Lausanne Sport,1,0,0.0
527,Lausanne-Sport,87,18,0.20689655172413793
533,1899 Hoffenheim,37,27,0.7297297297297297
533,Hoffenheim,4,4,1.0
533,TSG 1899 Hoffenheim,3,2,0.6666666666666666
533,TSG Hoffenheim,100,94,0.94
537,Botafogo,79,14,0.17721518987341772
537,Botafogo [ 2 ],1,0,0.0
540,Slovan Bratislava,67,16,0.23880597014925373
543,Wolverhampton Wanderers,143,90,0.6293706293706294
566,Beerschot,92,6,0.06521739130434782
583,Paris Saint-Germain,143,126,0.8811188811188811
588,Dinamo City,10,3,0.3
589,Antalyaspor,167,157,0.9401197604790419
595,Bastia,102,63,0.6176470588235294
595,CA Bastia,10,1,0.1
595,SC Bastia,1,0,0.0
599,NK Varaždin,1,0,0.0
599,Varaždin,30,11,0.36666666666666664
601,KV Kortrijk,14,12,0.8571428571428571
601,Kortrijk,146,134,0.9178082191780822
602,Žalgiris Vilnius,7,0,0.0
603,Cardiff City,133,56,0.42105263157894735
607,Venezia,140,71,0.5071428571428571
614,Flamengo,60,14,0.23333333333333334
618,AS Saint-Étienne,1,0,0.0
618,Saint-Étienne,156,130,0.8333333333333334
621,Athletic Bilbao,74,71,0.9594594594594594
630,Racing Santander,60,4,0.06666666666666667
630,Racing de Santander,1,1,1.0
631,Chelsea,168,123,0.7321428571428571
641,Middlesbrough,156,52,0.3333333333333333
642,De Graafschap,112,59,0.5267857142857143
648,Tenerife,82,6,0.07317073170731707
660,FC Shakhtar-3 Donetsk,1,0,0.0
660,Shakhtar Donetsk,112,70,0.625
660,Shakhtar-3 Donetsk,11,0,0.0
663,Dinamo Tbilisi,83,8,0.0963855421686747
663,Dinamo Tbilisi-2,1,0,0.0
663,Dinamo-2 Tbilisi,2,0,0.0
663,FC Dinamo Tbilisi,1,0,0.0
663,FC Dinamo Tbilisi 2,1,0,0.0
666,Jaén,6,0,0.0
667,Strasbourg,141,122,0.8652482269503546
669,Partizan,118,48,0.4067796610169492
677,Ipswich Town,133,43,0.3233082706766917
681,Real Sociedad,99,95,0.9595959595959596
683,Olympiacos,247,207,0.8380566801619433
687,Molde,64,26,0.40625
687,Molde 2,4,2,0.5
697,Slovan Liberec,71,9,0.1267605633802817
698,Bristol City,97,18,0.18556701030927836
699,Helsingborgs IF,40,0,0.0
703,Nottingham Forest,204,74,0.3627450980392157
704,Foggia,60,3,0.05
708,Újpest,67,0,0.0
709,Budapest Honvéd,24,0,0.0
709,Honvéd,17,1,0.058823529411764705
709,Honvéd Budapest,1,0,0.0
710,Celje,62,9,0.14516129032258066
713,BATE Borisov,58,24,0.41379310344827586
714,Espanyol,124,122,0.9838709677419355
720,FC Porto,1,0,0.0
720,Porto,126,117,0.9285714285714286
723,Almere City,119,47,0.3949579831932773
724,FC Volendam,13,4,0.3076923076923077
724,Volendam,98,62,0.6326530612244898
738,Le Havre,121,54,0.4462809917355372
749,Empoli,215,167,0.7767441860465116
749,Empoli FC,1,0,0.0
750,Sochaux,120,19,0.15833333333333333
759,Śląsk Wrocław,66,16,0.24242424242424243
762,Newcastle United,119,94,0.7899159663865546
786,AEL Limassol,95,0,0.0
790,Maribor,50,12,0.24
798,Excelsior Rotterdam,3,2,0.6666666666666666
800,Atalanta,202,175,0.8663366336633663
801,Göteborg,2,0,0.0
810,Hapoel Haifa,43,1,0.023255813953488372
820,Gençlerbirligi SK,1,0,0.0
820,Gençlerbirliği,181,130,0.7182320441988951
825,Eskisehirspor,2,2,1.0
825,Eskişehirspor,80,54,0.675
826,Lens,177,113,0.6384180790960452
828,Urawa Red Diamonds,33,3,0.09090909090909091
829,AC Omonia,1,0,0.0
829,Omonia,101,15,0.1485148514851485
829,Omonia Nicosia,1,0,0.0
833,Denizlispor,99,51,0.5151515151515151
839,AC Perugia,1,0,0.0
839,Perugia,146,10,0.0684931506849315
853,Dudelange,9,0,0.0
853,F91 Dudelange,12,0,0.0
855,EA Guingamp,1,0,0.0
855,Guingamp,107,59,0.5514018691588785
862,Chievo,122,85,0.6967213114754098
862,Chievo Verona,9,4,0.4444444444444444
865,FC Midtjylland,13,12,0.9230769230769231
865,Midtjylland,128,116,0.90625
868,Ankaragucu,1,1,1.0
868,Ankaragücü,154,113,0.7337662337662337
868,MKE Ankaragücü,9,5,0.5555555555555556
873,Crystal Palace,137,111,0.8102189781021898
897,Deportivo La Coruña,117,66,0.5641025641025641
897,Deportivo de La Coruña,1,1,1.0
899,Walsall,61,4,0.06557377049180328
903,Hibernian,178,151,0.848314606741573
924,Istanbulspor,2,0,0.0
924,Ístanbulspor,1,1,1.0
924,İstanbulspor,92,45,0.4891304347826087
931,Fulham,162,112,0.691358024691358
938,FC Thun,6,1,0.16666666666666666
938,Thun,23,0,0.0
940,Celta,100,96,0.96
940,Celta Vigo,22,22,1.0
940,Celta de Vigo,3,3,1.0
941,Viktoria Plzeň,55,34,0.6181818181818182
941,Viktoria Plzeň [ 1 ],1,0,0.0
964,FC Zenit Saint Petersburg,2,2,1.0
964,FC Zenit St. Petersburg,1,1,1.0
964,FC Zenit-2 Saint Petersburg,12,6,0.5
964,FC Zenit-2 St. Petersburg,2,1,0.5
964,Zenit Saint Petersburg,83,80,0.963855421686747
964,Zenit St. Petersburg,29,22,0.7586206896551724
964,Zenit St.Petersburg,1,1,1.0
964,Zenit-2 Saint Petersburg,42,31,0.7380952380952381
964,Zenit-2 St. Petersburg,38,19,0.5
964,Zenit-2 St.Petersburg,2,1,0.5
967,Cherno More,26,2,0.07692307692307693
968,KVC Westerlo,4,2,0.5
968,Westerlo,130,92,0.7076923076923077
969,Montpellier,125,117,0.936
969,Montpellier [ 1 ],1,1,1.0
972,Yeovil Town,70,6,0.08571428571428572
976,União Madeira,21,12,0.5714285714285714
979,Moreirense,124,116,0.9354838709677419
980,Fostiras,19,0,0.0
982,CD Nacional,1,1,1.0
982,Nacional,164,81,0.49390243902439024
984,West Bromwich Albion,132,86,0.6515151515151515
985,Manchester United,131,104,0.7938931297709924
986,Cambridge United,57,7,0.12280701754385964
987,Motherwell,176,170,0.9659090909090909
988,Oxford United,80,20,0.25
988,Oxford Utd,1,0,0.0
989,AFC Bournemouth,52,37,0.7115384615384616
989,Bournemouth,67,57,0.8507462686567164
990,Coventry City,110,18,0.16363636363636364
991,Milton Keynes Dons,89,10,0.11235955056179775
993,Córdoba,102,24,0.23529411764705882
993,Córdoba CF,1,0,0.0
995,FC Nantes,1,0,0.0
995,Nantes,156,149,0.9551282051282052
1002,Flora,21,10,0.47619047619047616
1002,Flora Tallinn,1,0,0.0
1003,Leicester City,120,94,0.7833333333333333
1005,Lecce,147,110,0.7482993197278912
1008,HJK,69,12,0.17391304347826086
1008,HJK Helsinki,11,3,0.2727272727272727
1010,Watford,202,106,0.5247524752475248
1017,Hapoel Tel Aviv,64,1,0.015625
1020,Portsmouth,92,15,0.16304347826086957
1023,Palmeiras,74,17,0.22972972972972974
1025,Bologna,184,163,0.8858695652173914
1027,Bradford City,73,4,0.0547945205479452
1028,Millwall,91,13,0.14285714285714285
1031,Luton Town,106,37,0.3490566037735849
1032,Reading,115,22,0.19130434782608696
1033,Valur,20,1,0.05
1034,Grimsby Town,42,4,0.09523809523809523
1035,Sheffield Wednesday,128,20,0.15625
1038,Sampdoria,219,160,0.730593607305936
1039,QPR,2,1,0.5
1039,Queens Park,1,0,0.0
1039,Queens Park Rangers,135,45,0.3333333333333333
1041,Lyon,147,136,0.9251700680272109
1041,SC Lyon,2,0,0.0
1042,Crewe Alexandra,54,1,0.018518518518518517
1043,Skonto,3,0,0.0
1043,Skonto FC,1,0,0.0
1044,Djurgårdens IF,60,14,0.23333333333333334
1045,Notts County,70,6,0.08571428571428572
1047,Como,113,55,0.48672566371681414
1047,Como 1907,1,0,0.0
1049,Club Valencia,1,0,0.0
1049,Valencia,150,142,0.9466666666666667
1050,Villarreal,156,144,0.9230769230769231
1053,Aalborg,1,1,1.0
1053,Aalborg BK,1,1,1.0
1058,Odds BK,1,0,0.0
1059,Hammarby,10,2,0.2
1059,Hammarby IF,59,24,0.4067796610169492
1060,Colchester United,71,10,0.14084507042253522
1063,Viborg,91,81,0.8901098901098901
1063,Viborg FF,27,21,0.7777777777777778
1064,Maccabi Haifa,72,14,0.19444444444444445
1071,Wigan Athletic,160,31,0.19375
1072,Peterborough United,79,11,0.13924050632911392
1074,Tranmere Rovers,53,6,0.11320754716981132
1075,Braga,136,125,0.9191176470588235
1078,Oldham Athletic,106,12,0.11320754716981132
1082,Lille,152,138,0.9078947368421053
1083,FC Rostov,23,23,1.0
1083,FC Rostov-2,1,1,1.0
1083,Rostov,157,139,0.8853503184713376
1083,Rostov-2,19,18,0.9473684210526315
1084,Málaga,133,63,0.47368421052631576
1085,Vitoria de Setubal,1,1,1.0
1085,Vitória Setúbal,68,58,0.8529411764705882
1085,Vitória de Setúbal,14,12,0.8571428571428571
1088,Rochdale,52,3,0.057692307692307696
1090,AZ Alkmaar,9,8,0.8888888888888888
1091,PAOK,165,153,0.9272727272727272
1095,Troyes,146,84,0.5753424657534246
1096,Antwerp,108,83,0.7685185185185185
1096,FC Antwerp,1,0,0.0
1096,Royal Antwerp,64,50,0.78125
1098,Stockport County,47,7,0.14893617021276595
1100,Brann,62,26,0.41935483870967744
1100,Brann 2,11,6,0.5454545454545454
1100,Brann 3,1,0,0.0
1100,SK Brann,4,2,0.5
1101,Elfsborg,22,9,0.4090909090909091
1101,IF Elfsborg,41,14,0.34146341463414637
1103,Ternana,122,8,0.06557377049180328
1108,Alavés,155,130,0.8387096774193549
1109,BK Häcken,55,16,0.2909090909090909
1109,Häcken,25,13,0.52
1110,Huddersfield Town,135,47,0.34814814814814815
1110,Huddersfield Town[ 4 ] [ 5 ],1,0,0.0
1112,Wrexham,46,6,0.13043478260869565
1114,Al Hilal,16,7,0.4375
1114,Al-Hilal,32,12,0.375
1114,Al-Hilal Club,1,0,0.0
1114,Al-Hilal SC,1,0,0.0
1123,Norwich City,150,89,0.5933333333333334
1124,FC Fakel Voronezh,15,3,0.2
1124,Fakel Voronezh,82,45,0.5487804878048781
1127,FC Halifax Town,15,1,0.06666666666666667
1127,Halifax Town,2,0,0.0
1132,Burnley,127,97,0.7637795275590551
1147,AC Ajaccio,2,1,0.5
1147,Ajaccio,117,60,0.5128205128205128
1148,Brentford,123,67,0.5447154471544715
1150,Leyton Orient,81,6,0.07407407407407407
1158,Lorient,138,115,0.8333333333333334
1159,Nancy,102,29,0.28431372549019607
1160,Nimes,1,0,0.0
1160,Nîmes,96,51,0.53125
1160,Nîmes Olympique,1,0,0.0
1162,Caen,122,69,0.5655737704918032
1162,SM Caen,3,1,0.3333333333333333
1167,Shkëndija,27,6,0.2222222222222222
1176,Racing Club de Ferrol,1,0,0.0
1176,Racing Ferrol,39,1,0.02564102564102564
1176,Racing de Ferrol,3,0,0.0
1177,Silkeborg,87,83,0.9540229885057471
1177,Silkeborg IF,16,14,0.875
1180,Dinamo Minsk,69,20,0.2898550724637681
1180,Dinamo-2 Minsk,1,1,1.0
1180,FC Dinamo-2 Minsk,1,0,0.0
1181,AFC Blackpool,1,0,0.0
1181,Blackpool,130,27,0.2076923076923077
1184,Genk,133,118,0.8872180451127819
1185,FH,15,0,0.0
1185,FH Hafnarfjordur,1,0,0.0
1185,FH Hafnarfjördur,1,0,0.0
1186,FC Torpedo Moscow,25,12,0.48
1186,Torpedo Moscow,110,58,0.5272727272727272
1189,St Patrick's Athletic,29,3,0.10344827586206896
1191,Falkirk,98,36,0.3673469387755102
1192,Ayr United,65,17,0.26153846153846155
1194,Rotherham United,111,17,0.15315315315315314
1195,Kidderminster,1,0,0.0
1195,Kidderminster Harriers,20,0,0.0
1198,Lincoln City,57,8,0.14035087719298245
1210,Livorno,85,22,0.25882352941176473
1211,Port,14,0,0.0
1211,Port Vale,81,12,0.14814814814814814
1218,Torquay United,36,0,0.0
1219,Chesterfield,56,2,0.03571428571428571
1220,Carlisle United,64,12,0.1875
1225,FC Haka,1,0,0.0
1225,Haka,10,1,0.1
1228,TOP Oss,74,10,0.13513513513513514
1237,Brighton & Hove Albion,167,103,0.6167664670658682
1241,Livingston,131,108,0.8244274809160306
1244,Leganés,157,101,0.643312101910828
1245,Eupen,122,109,0.8934426229508197
1245,KAS Eupen,3,2,0.6666666666666666
1268,ADO Den Haag,160,121,0.75625
1269,PEC,1,0,0.0
1269,PEC Zwolle,178,161,0.9044943820224719
1269,Zwolle,4,4,1.0
1270,Dunfermline Athletic,87,16,0.1839080459770115
1274,Stabæk,70,3,0.04285714285714286
1274,Stabæk 2,2,0,0.0
1283,Emmen,134,78,0.582089552238806
1283,FC Emmen,20,12,0.6
1293,Tromsø,41,5,0.12195121951219512
1293,Tromsø 2,3,1,0.3333333333333333
1301,Maritimo,3,3,1.0
1301,Marítimo,124,100,0.8064516129032258
1302,Northampton Town,79,5,0.06329113924050633
1304,Heracles,27,27,1.0
1304,Heracles Almelo,131,128,0.9770992366412213
1307,Pistoiese,36,3,0.08333333333333333
1322,FK Jablonec,2,0,0.0
1322,Jablonec,32,3,0.09375
1385,Modena,73,7,0.0958904109589041
1386,Reggina,85,7,0.08235294117647059
1387,Siena,55,13,0.23636363636363636
1390,Cagliari,192,176,0.9166666666666666
1391,Zalaegerszegi,1,0,0.0
1408,Piacenza,28,2,0.07142857142857142
1411,RAEC Mons,10,2,0.2
1415,Teramo,30,1,0.03333333333333333
1416,AC Amiens,2,2,1.0
1416,Amiens,121,52,0.4297520661157025
1416,Amiens SC,2,2,1.0
1420,Angers,137,124,0.9051094890510949
1420,Angers SCO,1,0,0.0
1421,Reims,140,121,0.8642857142857143
1421,Stade Reims,3,2,0.6666666666666666
1421,Stade de Reims,1,1,1.0
1423,Valenciennes,112,14,0.125
1426,VVV,13,9,0.6923076923076923
1426,VVV-Venlo,118,78,0.6610169491525424
1429,Cesena,119,45,0.37815126050420167
1434,Telstar,103,33,0.32038834951456313
1435,Go Ahead Eagles,162,123,0.7592592592592593
1436,Beira-Mar,25,6,0.24
1443,MŠK Žilina,1,0,0.0
1443,Žilina,29,5,0.1724137931034483
1455,Dordrecht,124,36,0.2903225806451613
1455,FC Dordrecht,14,2,0.14285714285714285
1455,FC Dordrecht [ 7 ],1,0,0.0
1465,Estoril,172,137,0.7965116279069767
1465,Estoril Praia,6,5,0.8333333333333334
1467,Göztepe,167,106,0.6347305389221557
1467,Göztepe SK,1,0,0.0
1506,Karabükspor,69,57,0.8260869565217391
1506,Kardemir Karabükspor,8,6,0.75
1519,Dundee United,166,128,0.7710843373493976
1519,Dundee United FC,1,1,1.0
1531,Elche,140,100,0.7142857142857143
1532,Albacete,70,2,0.02857142857142857
1533,Eibar,121,85,0.7024793388429752
1536,Burgos,48,4,0.08333333333333333
1557,Würzburger Kickers,30,2,0.06666666666666667
1622,FC Viktoria Köln,1,0,0.0
1622,Viktoria Köln,29,1,0.034482758620689655
1627,Catania,79,24,0.3037974683544304
1837,Panachaiki,99,1,0.010101010101010102
1839,KA,8,0,0.0
1839,KA Akureyri,4,2,0.5
1842,FC Roskilde,9,2,0.2222222222222222
1842,Roskilde,28,5,0.17857142857142858
1876,Pierikos,33,0,0.0
1894,Hvidovre,45,24,0.5333333333333333
1894,Hvidovre IF,1,0,0.0
1909,Holstebro,3,0,0.0
1918,Prishtina,22,1,0.045454545454545456
2036,1. FC Heidenheim,60,40,0.6666666666666666
2036,1. Heidenheim,1,1,1.0
2036,Heidenheim,4,4,1.0
2049,Tirana,29,4,0.13793103448275862
2079,Veria,118,80,0.6779661016949152
2150,Al Ain,29,3,0.10344827586206896
2150,Al-Ain,8,0,0.0
2156,AEK Larnaca,77,9,0.11688311688311688
2227,Tavriya Simferopol,13,6,0.46153846153846156
2239,Cremonese,151,68,0.4503311258278146
2241,Kashima Antlers,26,1,0.038461538461538464
2262,Plymouth Argyle,94,12,0.1276595744680851
2288,Swansea City,127,66,0.5196850393700787
2292,Elazığspor,90,34,0.37777777777777777
2293,1922 Konyaspor,11,6,0.5454545454545454
2293,Konyaspor,171,160,0.935672514619883
2293,Konyaspor [ 1 ],1,1,1.0
2293,Konyaspor[ 2 ],1,1,1.0
2296,Numancia,51,2,0.0392156862745098
2300,Jagiellonia,3,0,0.0
2300,Jagiellonia Bialystok,1,0,0.0
2300,Jagiellonia Białystok,83,35,0.42168674698795183
2311,Sigma,2,0,0.0
2311,Sigma FC,2,0,0.0
2311,Sigma Olomouc,37,14,0.3783783783783784
2323,52 Orduspor,8,3,0.375
2323,Orduspor,13,6,0.46153846153846156
2323,Orduspor 1967,8,0,0.0
2331,Avellino,106,8,0.07547169811320754
2374,FC Shinnik Yaroslavl,21,6,0.2857142857142857
2374,Shinnik Yaroslavl,62,3,0.04838709677419355
2375,Altay,61,19,0.3114754098360656
2375,Altay SK,1,0,0.0
2381,Sivasspor,157,139,0.8853503184713376
2407,Monterrey,45,1,0.022222222222222223
2413,Bury,44,6,0.13636363636363635
2420,Vitória Guimarães,96,95,0.9895833333333334
2420,Vitória de Guimarães,25,23,0.92
2421,Freamunde,19,0,0.0
2423,Santa Clara,78,63,0.8076923076923077
2424,Gil Vicente,124,98,0.7903225806451613
2425,Rio Ave,138,132,0.9565217391304348
2431,Estrela,1,0,0.0
2431,Estrela Amadora,17,13,0.7647058823529411
2432,Torreense,49,0,0.0
2441,AEK Athens,164,141,0.8597560975609756
2448,Sporting Gijón,92,32,0.34782608695652173
2448,Sporting de Gijón,1,0,0.0
2451,Inverness Caledonian Thistle,81,50,0.6172839506172839
2454,Doncaster Rovers,83,10,0.12048192771084337
2455,Bristol Rovers,52,3,0.057692307692307696
2457,B-SAD,29,26,0.896551724137931
2457,B-SAD B,4,3,0.75
2462,Fluminense,56,11,0.19642857142857142
2481,Sheriff,2,0,0.0
2481,Sheriff Tiraspol,78,18,0.23076923076923078
2481,Sheriff Tiraspol [ 3 ],1,1,1.0
2481,Sheriff-2 Tiraspol,1,0,0.0
2481,Sheriff-2 Tiraspol [ 1 ],1,0,0.0
2497,Oviedo,98,31,0.3163265306122449
2497,Real Oviedo,5,0,0.0
2502,Castellón,59,3,0.05084745762711865
2503,Boavista,126,113,0.8968253968253969
2521,Alverca,39,17,0.4358974358974359
2531,Botev Plovdiv,62,6,0.0967741935483871
2553,Kilmarnock,174,158,0.9080459770114943
2573,Željezničar,33,5,0.15151515151515152
2573,Željezničar Sarajevo,2,0,0.0
2575,Clyde,38,7,0.18421052631578946
2577,Hartlepool United,51,4,0.0784313725490196
2578,St Johnstone,115,102,0.8869565217391304
2578,St. Johnstone,5,4,0.8
2655,AC Vicenza 1902,1,0,0.0
2655,Vicenza,92,4,0.043478260869565216
2671,PAS Giannina,135,119,0.8814814814814815
2671,PAS Giannina [ 1 ] [ 2 ],1,1,1.0
2672,Levadiakos,175,144,0.8228571428571428
2687,Cádiz,125,79,0.632
2700,Anzhi Makhachkala,105,92,0.8761904761904762
2700,Anzhi-2 Makhachkala,10,10,1.0
2700,FC Anzhi Makhachkala,28,22,0.7857142857142857
2700,FC Anzhi-2 Makhachkala,11,10,0.9090909090909091
2703,FC Spartak Vladikavkaz,5,2,0.4
2703,Spartak Vladikavkaz,8,2,0.25
2712,Nyva Ternopil,33,1,0.030303030303030304
2714,Zimbru,1,0,0.0
2714,Zimbru Chișinău,29,5,0.1724137931034483
2714,Zimbru-2 Chișinău,3,1,0.3333333333333333
2714,Zimbru-2 Chișinău [ 1 ],1,0,0.0
2715,RFC Seraing,8,1,0.125
2715,RFC Seraing [ 2 ],1,0,0.0
2715,Seraing,58,38,0.6551724137931034
2721,Alessandria,48,4,0.08333333333333333
2722,SPAL,148,87,0.5878378378378378
2726,Paniliakos,10,0,0.0
2727,Oud-Heverlee Leuven,9,7,0.7777777777777778
2740,Vorskla Poltava,122,94,0.7704918032786885
2740,Vorskla-2 Poltava,2,2,1.0
2759,Ross County,166,143,0.8614457831325302
2760,Partick Thistle,109,67,0.6146788990825688
2761,FK Haugesund,2,0,0.0
2761,Haugesund,48,1,0.020833333333333332
2761,Haugesund 2,1,0,0.0
2778,FC Nordsjælland,9,9,1.0
2778,Nordsjælland,131,126,0.9618320610687023
2782,Ventspils,14,2,0.14285714285714285
2784,APOEL,118,10,0.0847457627118644
2784,APOEL FC,1,0,0.0
2790,FC Lugano,4,2,0.5
2790,Lugano,75,26,0.3466666666666667
2793,Southend United,59,4,0.06779661016949153
2795,Raith Rovers,79,21,0.26582278481012656
2796,Woking,28,3,0.10714285714285714
2801,Berwick Rangers,22,2,0.09090909090909091
2802,Airdrieonians,64,9,0.140625
2804,Barnet,40,2,0.05
2805,Wycombe,1,0,0.0
2805,Wycombe Wanderers,79,16,0.20253164556962025
2814,Gillingham,56,9,0.16071428571428573
2817,Strømsgodset,34,5,0.14705882352941177
2817,Strømsgodset 2,5,1,0.2
2817,Strømsgodset 3,1,1,1.0
2821,FC Lisse,1,0,0.0
2821,Lisse,5,0,0.0
2832,Gaziantep,115,106,0.9217391304347826
2832,Gaziantep FK,1,0,0.0
2844,IFK Norrköping,46,4,0.08695652173913043
2844,Norrköping,5,1,0.2
2861,KV Oostende,23,22,0.9565217391304348
2861,Oostende,105,96,0.9142857142857143
2919,Monza,115,77,0.6695652173913044
2921,Pescara,209,82,0.3923444976076555
2944,Ankaraspor,42,5,0.11904761904761904
2950,Samtredia,22,3,0.13636363636363635
2963,Burton Albion,86,12,0.13953488372093023
2964,Scunthorpe United,49,9,0.1836734693877551
2969,Dijon,114,79,0.6929824561403509
2976,Hapoel Beer Sheva,1,0,0.0
2984,Egaleo,54,0,0.0
2984,Egaleo FC,1,0,0.0
2990,Académica,75,33,0.44
2990,Académica de Coimbra,10,2,0.2
2990,Coimbra,5,0,0.0
2995,Pacos Ferreira,1,1,1.0
2995,Paços Ferreira,48,42,0.875
2995,Paços de Ferreira,53,44,0.8301886792452831
2999,Hamilton Academical,118,89,0.7542372881355932
3000,East Stirlingshire,13,0,0.0
3001,Queen of the South,62,6,0.0967741935483871
3008,Hull City,147,68,0.46258503401360546
3012,Stenhousemuir,35,2,0.05714285714285714
3014,Albion Rovers,21,1,0.047619047619047616
3015,Annan Athletic,14,3,0.21428571428571427
3016,Forfar Athletic,47,7,0.14893617021276595
3020,Alloa Athletic,49,5,0.10204081632653061
3021,Arbroath,53,11,0.20754716981132076
3023,Dumbarton,69,17,0.2463768115942029
3024,East Fife,28,4,0.14285714285714285
3026,Greenock Morton,89,12,0.1348314606741573
3027,Cowdenbeath,40,2,0.05
3028,Elgin City,22,0,0.0
3030,Montrose,27,3,0.1111111111111111
3031,Queen's Park,49,8,0.16326530612244897
3032,Peterhead,40,9,0.225
3033,Stirling Albion,43,6,0.13953488372093023
3034,Stranraer,30,3,0.1
3037,Padova,91,10,0.10989010989010989
3052,Sutton United,27,1,0.037037037037037035
3054,Shrewsbury Town,94,14,0.14893617021276595
3057,Liège,3,0,0.0
3057,Standard Liège,207,192,0.927536231884058
3057,Standard Liège [ 3 ],1,1,1.0
3057,Standard Liége,2,2,1.0
3057,Standard de Liège 16,1,0,0.0
3062,Athens Kallithea,69,28,0.4057971014492754
3062,Athens Kallithea FC,1,0,0.0
3062,Kallithea,38,6,0.15789473684210525
3070,Sutjeska,5,0,0.0
3070,Sutjeska Nikšić,7,0,0.0
3137,Bačka,1,0,0.0
3137,Bačka 1901,2,0,0.0
3137,TSC,29,10,0.3448275862068966
3137,TSC Bačka Topola,1,1,1.0
3189,Ilves,24,4,0.16666666666666666
3194,Brechin City,42,6,0.14285714285714285
3205,Kayserispor,194,181,0.9329896907216495
3209,Pendikspor,70,28,0.4
3237,KR,4,0,0.0
3237,KR Reykjavik,1,1,1.0
3237,KR Reykjavík,6,0,0.0
3243,FC KAMAZ Naberezhnye Chelny,18,4,0.2222222222222222
3243,KAMAZ,11,0,0.0
3243,KAMAZ Naberezhnye Chelny,28,3,0.10714285714285714
3258,Shamrock Rovers,30,4,0.13333333333333333
3268,Casa Pia,75,49,0.6533333333333333
3302,Almería,151,68,0.4503311258278146
3325,Chaves,99,66,0.6666666666666666
3326,Fafe,18,0,0.0
3327,Penafiel,51,0,0.0
3329,Famalicão,122,96,0.7868852459016393
3336,Aves,52,38,0.7307692307692307
3336,Desportivo Aves,6,6,1.0
3336,Desportivo de Aves,1,1,1.0
3345,Leixões,76,7,0.09210526315789473
3348,Trofense,31,1,0.03225806451612903
3349,Feirense,72,33,0.4583333333333333
3368,Levante,130,107,0.823076923076923
3371,Cheltenham Town,63,6,0.09523809523809523
3377,RC France,1,0,0.0
3385,Panserraikos,116,67,0.5775862068965517
3385,Serres,2,0,0.0
3391,Kavala,54,1,0.018518518518518517
3410,Excelsior Maassluis,6,0,0.0
3426,Esbjerg,36,26,0.7222222222222222
3426,Esbjerg fB,71,54,0.7605633802816901
3449,CS Uruguay,1,0,0.0
3455,Forest Green Rovers,60,4,0.06666666666666667
3458,Forres Mechanics,1,0,0.0
3459,Clachnacuddin,6,0,0.0
3461,Larne,10,2,0.2
3471,Linfield,25,3,0.12
3491,Brora Rangers,17,6,0.35294117647058826
3508,SV Zulte Waregem,2,2,1.0
3508,Zulte Waregem,160,150,0.9375
3508,Zulte-Waregem,9,9,1.0
3522,Spezia,188,92,0.48936170212765956
3524,Clermont,103,48,0.46601941747572817
3524,Clermont Foot,3,2,0.6666666666666666
3535,Ulsan,1,0,0.0
3535,Ulsan Hyundai,12,1,0.08333333333333333
3537,Crawley Town,58,7,0.1206896551724138
3539,Tamworth,11,1,0.09090909090909091
3551,Altach,3,1,0.3333333333333333
3551,Rheindorf Altach,32,0,0.0
3654,Kalmar,12,0,0.0
3654,Kalmar FF,34,1,0.029411764705882353
3684,Stevenage,53,3,0.05660377358490566
3688,Accrington Stanley,58,5,0.08620689655172414
3690,FC SKA-Khabarovsk,32,11,0.34375
3690,FC SKA-Khabarovsk-2,5,0,0.0
3690,SKA Khabarovsk,1,1,1.0
3690,SKA-Khabarovsk,79,38,0.4810126582278481
3690,SKA-Khabarovsk-2,4,1,0.25
3691,FC Tom Tomsk,42,15,0.35714285714285715
3691,FC Tom-2 Tomsk,3,2,0.6666666666666666
3691,Tom Tomsk,76,43,0.5657894736842105
3691,Tom-2 Tomsk,3,3,1.0
3694,AFC Telford United,15,0,0.0
3697,Morecambe,69,4,0.057971014492753624
3698,Chelmsford City,32,1,0.03125
3706,Doxa Dramas,2,0,0.0
3708,Barakaldo,21,1,0.047619047619047616
3709,Getafe,171,161,0.9415204678362573
3716,Newport County,49,5,0.10204081632653061
3719,FC Khimki,25,12,0.48
3719,Khimki,126,96,0.7619047619047619
3723,FC Metallurg Lipetsk,7,0,0.0
3723,Metallurg Lipetsk,13,3,0.23076923076923078
3725,Akhmat,1,1,1.0
3725,Akhmat Grozny,92,88,0.9565217391304348
3725,FC Akhmat Grozny,5,3,0.6
3729,Arsenal Tula,122,81,0.6639344262295082
3729,Arsenal-2 Tula,12,5,0.4166666666666667
3729,FC Arsenal Tula,36,29,0.8055555555555556
3729,FC Arsenal-2 Tula,13,11,0.8461538461538461
3733,FC Neftekhimik Nizhnekamsk,20,3,0.15
3733,Neftekhimik,7,0,0.0
3733,Neftekhimik Nizhnekamsk,46,4,0.08695652173913043
3737,Breiðablik,23,2,0.08695652173913043
3737,HK Kópavogur,1,0,0.0
3793,Beitar Jerusalem,63,9,0.14285714285714285
3804,Kelty Hearts,31,3,0.0967741935483871
3811,Liepājas Metalurgs 2,1,0,0.0
3820,Mansfield Town,50,0,0.0
3831,Coleraine,7,1,0.14285714285714285
3832,Fram,4,0,0.0
3832,Fram Reykjavik,1,0,0.0
3832,Fram Reykjavík,2,0,0.0
3834,FC Sokol Saratov,10,0,0.0
3834,Sokol Saratov,36,1,0.027777777777777776
3837,Fredrikstad,35,18,0.5142857142857142
3840,Adana 01,2,0,0.0
3840,Adana 01 FK,8,0,0.0
3840,Adana 1954,1,0,0.0
3840,Adana 1954 FK,3,0,0.0
3840,Adana Demirspor,194,67,0.34536082474226804
3867,Boreham Wood,30,4,0.13333333333333333
3884,AFC Wimbledon,53,5,0.09433962264150944
3892,Eindhoven,40,2,0.05
3892,FC Eindhoven,34,8,0.23529411764705882
3899,Anorthosis,45,1,0.022222222222222223
3899,Anorthosis Famagusta,57,0,0.0
3900,Borac 1926,1,0,0.0
3900,Borac Banja Luka,25,1,0.04
3901,La Louvière,13,8,0.6153846153846154
3901,RAAL La Louvière,32,16,0.5
3911,Brest,131,93,0.7099236641221374
3948,Saint Gilloise,1,0,0.0
3948,Union Saint-Gilloise,15,13,0.8666666666666667
3984,Ilioupoli,24,2,0.08333333333333333
3985,Acharnaikos,19,2,0.10526315789473684
3993,Trikala,74,4,0.05405405405405406
3999,Lamia,178,146,0.8202247191011236
3999,PAS Lamia,1,1,1.0
4000,Lechia Gdańsk,61,2,0.03278688524590164
4031,Cosenza,95,11,0.11578947368421053
4032,Ponferradina,68,3,0.04411764705882353
4035,Pachuca,51,14,0.27450980392156865
4040,Partizani,12,1,0.08333333333333333
4057,FC Luch Vladivostok,7,1,0.14285714285714285
4057,Luch Vladivostok,10,2,0.2
4059,Mura,28,1,0.03571428571428571
4059,NŠ Mura,1,0,0.0
4083,Crotone,154,95,0.6168831168831169
4084,Cittadella,56,7,0.125
4097,Catanzaro,70,1,0.014285714285714285
4102,Carpi,103,42,0.4077669902912621
4103,Lumezzane,18,2,0.1111111111111111
4106,Casertana,28,0,0.0
4113,Massese,1,0,0.0
4114,Nocerina,11,1,0.09090909090909091
4128,Amkar,1,1,1.0
4128,Amkar Perm,65,43,0.6615384615384615
4128,FC Amkar Perm,12,7,0.5833333333333334
4146,Aurora,3,0,0.0
4146,Pro Patria,17,0,0.0
4153,Aquila,1,0,0.0
4153,L'Aquila,9,2,0.2222222222222222
4159,Carrarese,70,6,0.08571428571428572
4171,Benevento,119,77,0.6470588235294118
4172,Pisa,107,41,0.38317757009345793
4255,Arezzo,47,0,0.0
4294,Farense,84,48,0.5714285714285714
4294,Farense 1910,1,1,1.0
4297,Varzim,50,2,0.04
4313,HB Torshavn,1,1,1.0
4313,HB Tórshavn,10,0,0.0
4331,Trapani,67,3,0.04477611940298507
4331,Trapani Calcio,1,0,0.0
4333,Grosseto,17,0,0.0
4361,Varese,22,4,0.18181818181818182
4391,Budućnost,18,2,0.1111111111111111
4391,Budućnost Podgorica,8,2,0.25
4414,Gefle,5,0,0.0
4414,Gefle IF,3,0,0.0
4441,Wolfsberger,1,0,0.0
4441,Wolfsberger AC,48,21,0.4375
4482,Volyn Lutsk,97,53,0.5463917525773195
4482,Volyn-2 Lutsk,11,1,0.09090909090909091
4529,DAC 1904,1,0,0.0
4529,DAC Dunajská Streda,38,5,0.13157894736842105
4529,Dunajská Streda,18,3,0.16666666666666666
4542,Cultural Leonesa,52,4,0.07692307692307693
4542,Leonesa,1,0,0.0
4554,Südtirol,76,14,0.18421052631578946
4633,Novi Pazar,38,5,0.13157894736842105
4639,FK Mornar,1,0,0.0
4639,Mornar,9,0,0.0
4641,Rabotnicki,1,0,0.0
4641,Rabotnički,14,1,0.07142857142857142
4641,Rabotnički Skopje,1,0,0.0
4644,Shkupi,17,2,0.11764705882352941
4645,Radnički Kragujevac,13,2,0.15384615384615385
4718,Lanciano,10,0,0.0
4718,Virtus Lanciano,13,1,0.07692307692307693
4750,Olhanense,55,22,0.4
4772,NK Olimpija Ljubljana,1,1,1.0
4772,Olimpija,2,1,0.5
4772,Olimpija Ljubljana,68,10,0.14705882352941177
4795,FC Ingolstadt,48,17,0.3541666666666667
4795,FC Ingolstadt 04,17,4,0.23529411764705882
4795,Ingolstadt,5,4,0.8
4795,Ingolstadt 04,4,2,0.5
4807,Shirak,10,1,0.1
4807,Shirak Gyumri,4,2,0.5
4814,Naval,6,0,0.0
5084,FK Valmiera,1,0,0.0
5084,Valmiera,18,2,0.1111111111111111
5084,Valmiera FC,1,1,1.0
5091,Næstved,31,4,0.12903225806451613
5091,Næstved BK,6,0,0.0
5219,AOK Kerkyra,1,1,1.0
5219,Kerkyra,69,55,0.7971014492753623
5220,Ergotelis,82,50,0.6097560975609756
5223,Maccabi Netanya,38,1,0.02631578947368421
5227,Atlético,9,0,0.0
5227,Atlético CP,10,0,0.0
5228,Atlantas,12,2,0.16666666666666666
5228,Atlantas Klaipėda,4,0,0.0
5228,FK Atlantas,4,1,0.25
5287,Chernomorets,1,0,0.0
5358,Huesca,102,46,0.45098039215686275
5411,FC Honka,3,0,0.0
5411,Honka,22,1,0.045454545454545456
5546,FK Mladá Boleslav,1,0,0.0
5546,Mladá Boleslav,62,16,0.25806451612903225
5587,Juve Stabia,83,7,0.08433734939759036
5621,Reggiana,85,7,0.08235294117647059
5648,Gimnàstic,70,1,0.014285714285714285
5648,Gimnàstic Tarragona,1,0,0.0
5650,Pontevedra,14,1,0.07142857142857142
5660,Linlithgow Rose,4,1,0.25
5716,Fremad Amager,40,3,0.075
5724,Randers,103,99,0.9611650485436893
5724,Randers FC,12,11,0.9166666666666666
5733,Nykøbing,21,3,0.14285714285714285
5733,Nykøbing FC,3,0,0.0
5751,Nairn County,4,1,0.25
5767,Middelfart,16,1,0.0625
5767,Middelfart Boldklub,2,0,0.0
5771,Levadia,16,6,0.375
5771,Levadia Tallinn,10,3,0.3
5781,Skive,34,4,0.11764705882352941
5781,Skive IK,8,0,0.0
5784,Aarhus Fremad,21,3,0.14285714285714285
5817,SønderjyskE,89,84,0.9438202247191011
5817,Sønderjyske,36,32,0.8888888888888888
5818,Hobro,62,41,0.6612903225806451
5818,Hobro IK,20,15,0.75
5849,Víkingur Reykjavik,1,0,0.0
5849,Víkingur Reykjavík,13,2,0.15384615384615385
5862,ND Gorica,3,0,0.0
5866,Brønshøj,13,1,0.07692307692307693
5866,Brønshøj BK,2,2,1.0
5874,Brabrand,7,1,0.14285714285714285
5874,Brabrand IF,2,0,0.0
5925,Avarta,4,0,0.0
6017,IFK Mariehamn,23,1,0.043478260869565216
6017,Mariehamn,4,0,0.0
6028,Ironi Kiryat Shmona,31,0,0.0
6066,Dundalk,25,1,0.04
6112,Piast Gliwice,43,1,0.023255813953488372
6131,Dynamo Brest,23,4,0.17391304347826086
6131,FC Dynamo Brest,1,0,0.0
6168,Barrow,31,1,0.03225806451612903
6170,KÍ,8,7,0.875
6170,KÍ Klaksvik,1,0,0.0
6170,KÍ Klaksvík,7,2,0.2857142857142857
6195,Napoli,131,115,0.8778625954198473
6248,Domžale,40,7,0.175
6340,Braintree Town,20,1,0.05
6356,Mamelodi Sundowns,21,1,0.047619047619047616
6418,Panetolikos,173,167,0.9653179190751445
6429,Universitatea Cluj,60,17,0.2833333333333333
6433,FC Zenit-Izhevsk,2,0,0.0
6433,Zenit Izhevsk,1,0,0.0
6433,Zenit-Izhevsk,1,1,1.0
6574,Sassuolo,178,158,0.8876404494382022
6603,Wydad,8,2,0.25
6603,Wydad AC,20,0,0.0
6603,Wydad Casablanca,11,1,0.09090909090909091
6621,Čukarički,43,4,0.09302325581395349
6646,Fatih Karagumruk,1,1,1.0
6646,Fatih Karagümrük,178,118,0.6629213483146067
6646,Karagümrük,4,0,0.0
6673,SKA Rostov,7,0,0.0
6673,SKA Rostov-2,1,0,0.0
6676,Asteras Tripolis,145,136,0.9379310344827586
6692,Novara,75,4,0.05333333333333334
6699,Exeter City,57,16,0.2807017543859649
6764,Beroe,18,0,0.0
6764,Beroe Stara Zagora,10,1,0.1
6808,Zrinjski Mostar,33,0,0.0
6890,Başakşehir,10,7,0.7
6894,Erciyesspor,7,7,1.0
6894,Kayseri Erciyesspor,50,35,0.7
6912,Vizela,63,34,0.5396825396825397
6992,Chornomorets Odesa,204,162,0.7941176470588235
6992,Chornomorets-2 Odesa,6,5,0.8333333333333334
6992,FC Chornomorets Odesa,1,1,1.0
6993,FC Mariupol,1,1,1.0
6993,Mariupol,83,68,0.8192771084337349
7052,CF Villanovense,1,0,0.0
7052,Villanovense,3,0,0.0
7056,Mafra,59,2,0.03389830508474576
7077,0  Cartagena,1,0,0.0
7077,Cartagena,83,6,0.07228915662650602
7087,Ružomberok,20,3,0.15
7119,Vilafranquense,39,0,0.0
7153,Zawisza Bydgoszcz,8,0,0.0
7160,Eyupspor,2,2,1.0
7160,Eyüpspor,101,45,0.44554455445544555
7179,CD Tondela,1,1,1.0
7179,Tondela,107,97,0.9065420560747663
7185,Panthrakikos,48,42,0.875
7197,Potenza,26,0,0.0
7378,Portimonense,105,80,0.7619047619047619
7378,Portimonense [ 1 ],1,1,1.0
7567,FK Radnički Niš,2,0,0.0
7567,Radnički Niš,57,1,0.017543859649122806
7646,AO Chania,9,1,0.1111111111111111
7646,Chania,100,2,0.02
7769,CFR Cluj,135,38,0.2814814814814815
7775,Hatayspor,98,76,0.7755102040816326
7788,Académico Viseu,23,0,0.0
7788,Académico de Viseu,20,1,0.05
7918,AS Trenčín,36,7,0.19444444444444445
7918,Trenčín,14,5,0.35714285714285715
7964,Torpedo-BelAZ,1,0,0.0
7964,Torpedo-BelAZ Zhodino,45,5,0.1111111111111111
7971,Hercules,2,0,0.0
7971,Hércules,39,0,0.0
8024,Arouca,124,107,0.8629032258064516
8024,FC Arouca,1,1,1.0
8031,Neftchi,1,0,0.0
8031,Neftchi Baku,15,1,0.06666666666666667
8036,ÍBV,16,0,0.0
8036,ÍBV Vestmannaeyjar,1,0,0.0
8036,ÍBV [ 1 ],1,0,0.0
8042,Inter Turku,27,2,0.07407407407407407
8047,FK Sūduva,3,0,0.0
8047,Sūduva,26,0,0.0
8047,Sūduva Marijampolė,3,0,0.0
8322,Rende,5,0,0.0
8428,Mazembe,2,0,0.0
8428,TP Mazembe,7,0,0.0
8568,Ceuta,23,1,0.043478260869565216
8606,Auda,14,4,0.2857142857142857
8606,FK Auda,3,1,0.3333333333333333
8715,Pandurii,1,0,0.0
8715,Pandurii Târgu Jiu,18,3,0.16666666666666666
8780,Sligo Rovers,21,3,0.14285714285714285
8818,Botoșani,52,1,0.019230769230769232
8827,Oliveirense,35,1,0.02857142857142857
8827,UD Oliveirense,1,0,0.0
8835,Spartak Nalchik,16,0,0.0
8838,Zirka,2,2,1.0
8838,Zirka Kropyvnytskyi,48,43,0.8958333333333334
8933,Cove Rangers,29,7,0.2413793103448276
8970,Frosinone,162,92,0.5679012345679012
8994,EVV,1,0,0.0
8994,Echt,1,0,0.0
9007,Arsenal Kyiv,67,52,0.7761194029850746
9007,FC Arsenal Kyiv,1,1,1.0
9010,Dender,23,14,0.6086956521739131
9010,Dender EH,28,16,0.5714285714285714
9010,FCV Dender,1,0,0.0
9010,FCV Dender EH,2,0,0.0
9023,Thisted,18,0,0.0
9023,Thisted FC,3,0,0.0
9083,Panegialios,31,2,0.06451612903225806
9095,Bnei Yehuda,23,3,0.13043478260869565
9095,Bnei Yehuda Tel Aviv,9,0,0.0
9439,FeralpiSalò,12,1,0.08333333333333333
9439,Feralpisalò,32,3,0.09375
9465,Petrolul,2,0,0.0
9465,Petrolul 95 Ploieşti,1,0,0.0
9465,Petrolul Ploieşti,2,0,0.0
9465,Petrolul Ploiești,65,1,0.015384615384615385
9636,Seattle Sounders,4,3,0.75
9636,Seattle Sounders FC,23,8,0.34782608695652173
9636,Seattle Sounders FC 2,3,0,0.0
9644,Raków Częstochowa,69,21,0.30434782608695654
10004,Paris,8,2,0.25
10004,Paris FC,108,33,0.3055555555555556
10004,RC Paris,1,0,0.0
10140,Covilhã,39,2,0.05128205128205128
10157,Aktobe,67,13,0.19402985074626866
10157,FC Aktobe,2,0,0.0
10217,Sarpsborg,2,0,0.0
10217,Sarpsborg 08,77,7,0.09090909090909091
10217,Sarpsborg 08 2,4,1,0.25
10262,Birkirkara,20,2,0.1
10301,FC Pyunik,1,0,0.0
10301,Pyunik,59,11,0.1864406779661017
10301,Pyunik Yerevan,5,0,0.0
10301,Pyunik-2,1,1,1.0
10468,Stal Alchevsk,8,0,0.0
10481,Tobol Kostanay,1,0,0.0
10482,Kairat Almaty,1,0,0.0
10484,Kasimpasa,1,1,1.0
10484,Kasımpaşa,170,167,0.9823529411764705
10532,B36,4,1,0.25
10532,B36 Torshavn,2,0,0.0
10532,B36 Tórshavn,8,0,0.0
10586,Aris Limassol,62,10,0.16129032258064516
10603,Floriana,20,2,0.1
10617,Tre Fiori,4,1,0.25
10625,Qarabağ,59,11,0.1864406779661017
10625,Qarabağ-2,1,0,0.0
10718,Andorra,49,0,0.0
10718,FC Andorra,1,0,0.0
10734,The New Saints,12,0,0.0
10803,SV Spakenburg,5,0,0.0
10803,Spakenburg,17,1,0.058823529411764705
10854,FC Santa Coloma,5,2,0.4
10854,Santa Coloma,4,0,0.0
10883,Mladost Podgorica,1,0,0.0
11000,Lugo,86,9,0.10465116279069768
11040,Radnik Bijeljina,6,0,0.0
11040,Radnik Bijeljina [ 1 ] [ 2 ],1,0,0.0
11065,Dečić,10,0,0.0
11085,Real,12,0,0.0
11085,Real SC,3,1,0.3333333333333333
11107,Videoton,15,3,0.2
11107,Videoton FC,1,0,0.0
11122,Avangard Kursk,34,7,0.20588235294117646
11122,FC Avangard Kursk,8,3,0.375
11123,FC Mashuk-KMV Pyatigorsk,8,0,0.0
11123,Mashuk-KMV,6,0,0.0
11123,Mashuk-KMV Pyatigorsk,9,1,0.1111111111111111
11125,FC Tekstilshchik Ivanovo,15,4,0.26666666666666666
11125,Tekstilshchik,1,0,0.0
11125,Tekstilshchik Ivanovo,17,0,0.0
11126,FC Mordovia Saransk,14,8,0.5714285714285714
11126,Mordovia,3,3,1.0
11126,Mordovia Saransk,34,24,0.7058823529411765
11127,FC Ural Yekaterinburg,23,20,0.8695652173913043
11127,FC Ural Yekaterinburg 2,1,1,1.0
11127,FC Ural-2 Yekaterinburg,13,11,0.8461538461538461
11127,Ural,6,6,1.0
11127,Ural Yekaterinburg,102,89,0.8725490196078431
11127,Ural-2 Yekaterinburg,26,24,0.9230769230769231
11135,FC Nosta Novotroitsk,4,0,0.0
11135,Nosta Novotroitsk,9,3,0.3333333333333333
11177,Fleetwood Town,68,9,0.1323529411764706
11194,Lokomotiva,51,4,0.0784313725490196
11194,Lokomotiva Zagreb,29,0,0.0
11259,Alcoyano,14,2,0.14285714285714285
11282,Alanyaspor,148,130,0.8783783783783784
11344,Dinamo Batumi,36,0,0.0
11344,FC Dinamo Batumi,2,0,0.0
11411,Banants,8,3,0.375
11411,Banants Yerevan,2,0,0.0
11495,Ajax Amateurs,17,0,0.0
11540,NSÍ,2,1,0.5
11540,NSÍ Runavík,8,2,0.25
11596,AD Alcorcón,1,0,0.0
11688,Giresunspor,113,32,0.2831858407079646
11907,Dacia,1,0,0.0
11907,Dacia Chişinău,1,0,0.0
11907,Dacia Chișinău,13,0,0.0
11907,FC Dacia Chișinău,1,0,0.0
12020,Harrogate Town,15,1,0.06666666666666667
12052,FC Ryazan,2,0,0.0
12052,Ryazan,3,0,0.0
12054,FC Tyumen,32,3,0.09375
12054,Tyumen,56,4,0.07142857142857142
12065,FC Torpedo Vladimir,1,0,0.0
12065,Torpedo Vladimir,5,1,0.2
12068,FC Vityaz Podolsk,3,0,0.0
12068,Vityaz Podolsk,4,0,0.0
12275,Kolding,35,10,0.2857142857142857
12275,Kolding BK,1,0,0.0
12275,Kolding IF,4,1,0.25
12302,Naftovyk-Ukrnafta Okhtyrka,10,0,0.0
12302,Naftovyk-Ukrnafta-2 Okhtyrka,1,0,0.0
12321,Girona,140,89,0.6357142857142857
12335,Solihull Moors,31,2,0.06451612903225806
12346,Progrès Niederkorn,13,5,0.38461538461538464
12456,1860 München,1,0,0.0
12456,Türkgücü München,19,1,0.05263157894736842
12469,Skënderbeu,14,1,0.07142857142857142
12567,Eldense,38,4,0.10526315789473684
12697,Sant Andreu,10,0,0.0
12886,Edinburgh City,24,2,0.08333333333333333
12886,Edinburgh City[ 4 ],1,1,1.0
12886,FC Edinburgh,1,0,0.0
13017,Kremin Kremenchuk,43,0,0.0
13017,Kremin-2 Kremenchuk,3,0,0.0
13222,Mirandés,113,8,0.07079646017699115
13240,Sestao,2,0,0.0
13240,Sestao River,6,0,0.0
13241,Ibiza,48,0,0.0
13467,Racing Union,5,1,0.2
13467,Racing-Union,1,0,0.0
13499,Astra Giurgiu,52,5,0.09615384615384616
13702,Rayo Majadahonda,44,1,0.022727272727272728
14162,Qatar,5,0,0.0
14162,Qatar SC,26,0,0.0
14171,Evian,18,12,0.6666666666666666
14171,Thonon Evian,16,1,0.0625
14171,Thonon Évian,4,1,0.25
14171,Évian,11,9,0.8181818181818182
14178,Neman Grodno,21,2,0.09523809523809523
14589,FC Orenburg,29,17,0.5862068965517241
14589,FC Orenburg-2,7,2,0.2857142857142857
14589,Orenburg,118,106,0.8983050847457628
14589,Orenburg-2,18,16,0.8888888888888888
14590,FC Spartak Kostroma,10,0,0.0
14590,Spartak Kostroma,18,1,0.05555555555555555
14888,Pontedera,28,6,0.21428571428571427
15122,FC Nart Cherkessk,1,0,0.0
15122,Nart Cherkessk,4,0,0.0
15276,FK Spartak Subotica,1,0,0.0
15276,Spartak Subotica,26,0,0.0
16253,Broxburn Athletic,2,0,0.0
16253,Broxburn athletic,1,0,0.0
16486,Fuenlabrada,61,1,0.01639344262295082
16613,FC Sakhalin Yuzhno-Sakhalinsk,2,0,0.0
16613,Sakhalin,2,0,0.0
16613,Sakhalin Yuzhno-Sakhalinsk,8,3,0.375
16704,FC Krasnodar,15,12,0.8
16704,FC Krasnodar-2,8,5,0.625
16704,FC Krasnodar-3,3,1,0.3333333333333333
16704,Krasnodar,125,115,0.92
16704,Krasnodar-2,60,49,0.8166666666666667
16704,Krasnodar-3,24,17,0.7083333333333334
16779,Ordabasy,37,4,0.10810810810810811
16795,Granada,186,139,0.7473118279569892
17149,Hamrun Spartans,7,2,0.2857142857142857
17399,FC Zenit Penza,7,0,0.0
17399,Zenit Penza,6,0,0.0
17602,Spartans,5,0,0.0
17602,The Spartans,8,3,0.375
17959,Vitebsk,23,3,0.13043478260869565
17959,Vitebsk-2,1,0,0.0
18303,Oleksandriya,126,106,0.8412698412698413
18303,Oleksandriya-2,5,5,1.0
18506,Metalurg Skopje,3,0,0.0
19090,Tskhinvali,5,1,0.2
19164,Paganese,23,2,0.08695652173913043
19657,Vendsyssel,81,32,0.3950617283950617
19657,Vendsyssel FF,17,9,0.5294117647058824
19771,Akhisarspor,39,29,0.7435897435897436
19780,Dunav Ruse,4,1,0.25
19789,Malatyaspor,2,1,0.5
19789,Yeni Malatyaspor,102,77,0.7549019607843137
19958,FC Kolomna,7,2,0.2857142857142857
19958,Kolomna,2,0,0.0
20100,FC Vestsjælland,6,5,0.8333333333333334
20100,Vestsjælland,18,17,0.9444444444444444
20108,Jammerbugt,9,1,0.1111111111111111
20108,Jammerbugt FC,1,0,0.0
20519,Entella,5,1,0.2
20519,Virtus Entella,59,0,0.0
20603,Bonnyrigg Rose,5,1,0.2
20698,Balıkesirspor,73,28,0.3835616438356164
20923,FC Khimik Dzerzhinsk,5,0,0.0
20923,Khimik Dzerzhinsk,14,4,0.2857142857142857
21322,Atlético Sanluqueño,6,0,0.0
21322,Sanluqueño,9,1,0.1111111111111111
21331,Pordenone,50,2,0.04
21725,Tyrnavos,5,0,0.0
21725,Tyrnavos 2005,2,0,0.0
21875,Stjarnan,15,0,0.0
21903,Bukovyna Chernivtsi,44,7,0.1590909090909091
21903,Bukovyna-2 Chernivtsi,3,1,0.3333333333333333
21941,Fokikos,8,1,0.125
21957,Platanias,86,74,0.8604651162790697
22010,Qabala,3,0,0.0
22045,Latina,72,3,0.041666666666666664
22110,FC Helsingør,4,2,0.5
22110,Helsingør,57,23,0.40350877192982454
22220,Astana,68,21,0.3088235294117647
22235,BK Marienlyst,1,0,0.0
22235,Marienlyst,4,0,0.0
22294,Castrense,1,0,0.0
22294,Viterbese,16,1,0.0625
22294,Viterbese Castrense,5,1,0.2
22810,Armavir,8,2,0.25
22810,FC Armavir,8,0,0.0
22832,Kalev Sillamäe,1,0,0.0
22832,Sillamäe Kalev,2,1,0.5
23110,Chelyabinsk,20,2,0.1
23110,Chelyabinsk-2,1,1,1.0
23110,FC Chelyabinsk,6,0,0.0
23297,HB Køge,65,9,0.13846153846153847
23303,Civil Service Strollers,2,0,0.0
23371,Paide,5,2,0.4
23371,Paide Linnameeskond,13,3,0.23076923076923078
23559,Banga,3,0,0.0
23559,Banga Gargždai,3,0,0.0
23611,Olimpik Donetsk,94,77,0.8191489361702128
23617,Lossiemouth,3,3,1.0
23692,University of Stirling,1,0,0.0
23777,SJK,27,4,0.14814814814814814
23826,RB Leipzig,129,102,0.7906976744186046
24232,Bo'ness United,2,0,0.0
24245,Ümraniyespor,94,27,0.2872340425531915
24288,Arsenal Bila Tserkva,1,1,1.0
24288,Arsenal-Kyivshchyna Bila Tserkva,1,0,0.0
24326,Ermis Aradippou,42,1,0.023809523809523808
24349,La Fiorita,5,1,0.2
24501,Baikal Irkutsk,2,1,0.5
24501,FC Baikal Irkutsk,1,0,0.0
24832,Víkingur Gøta,3,1,0.3333333333333333
24898,Renate,26,3,0.11538461538461539
25817,Cova Piedade,17,0,0.0
26132,Llagostera,11,1,0.09090909090909091
26142,Blackburn United,1,1,1.0
26154,Tranent,3,0,0.0
26459,Veres Rivne,96,57,0.59375
26789,Pro Vercelli,53,1,0.018867924528301886
26789,Vercelli,1,0,0.0
26854,Asteras Magoulas,1,0,0.0
26957,SV Rödinghausen,11,0,0.0
27114,Egnatia,15,5,0.3333333333333333
27114,KF Egnatia,1,0,0.0
27116,FK Kukësi,1,0,0.0
27116,Kukësi,27,1,0.037037037037037035
27774,Cork City,18,0,0.0
28095,FC Ufa,21,17,0.8095238095238095
28095,FC Ufa-2,3,3,1.0
28095,Ufa,99,75,0.7575757575757576
28095,Ufa-2,4,4,1.0
28457,East Kilbride,27,1,0.037037037037037035
28643,Beveren,43,10,0.23255813953488372
28643,SK Beveren,3,1,0.3333333333333333
28931,BFC Daugavpils,6,0,0.0
28956,AEL Kalloni,38,33,0.868421052631579
28956,Kalloni,15,15,1.0
29228,Excel Mouscron,8,8,1.0
29228,Mouscron,96,79,0.8229166666666666
29228,Mouscron [ 3 ],1,1,1.0
29228,Mouscron[ 3 ],1,1,1.0
29228,Royal Excel Mouscron,17,16,0.9411764705882353
29228,Royal Mouscron,5,5,1.0
29831,Farul Constanța,39,2,0.05128205128205128
30686,Milsami,1,0,0.0
30686,Milsami Orhei,25,3,0.12
30697,Podillya Khmelnytskyi,36,2,0.05555555555555555
31614,Ludogorets,1,0,0.0
31614,Ludogorets Razgrad,62,22,0.3548387096774194
32017,Dila,7,2,0.2857142857142857
32017,Dila Gori,21,4,0.19047619047619047
32017,FC Dila Gori,1,0,0.0
32036,Kramatorsk,12,1,0.08333333333333333
32832,FK Trakai,1,0,0.0
32832,Trakai,5,0,0.0
33141,Kalush,11,1,0.09090909090909091
33179,Cherkaskyi Dnipro,11,1,0.09090909090909091
33179,Cherkaskyi Dnipro-2,2,0,0.0
33179,FC Cherkaskyi Dnipro,1,0,0.0
33206,Llapi,12,1,0.08333333333333333
33324,Vejle Kolding,1,0,0.0
33324,Vejle-Kolding,1,0,0.0
33438,Episkopi,27,0,0.0
33734,Monopoli,37,3,0.08108108108108109
33734,Monopoli 1966,1,0,0.0
33741,Drita,14,5,0.35714285714285715
33783,FK RFS,5,3,0.6
33783,RFS,30,6,0.2
34148,UCAM Murcia,26,1,0.038461538461538464
34230,FC Syzran-2003,3,1,0.3333333333333333
34230,Syzran-2003,2,1,0.5
34888,Salford City,49,1,0.02040816326530612
35415,Eginiakos,2,1,0.5
36972,Chaika,6,0,0.0
36972,SC Chaika,3,0,0.0
36999,Sumgayit,22,1,0.045454545454545456
37022,Alania-d Vladikavkaz,1,0,0.0
37022,FC Alania-d Vladikavkaz,1,0,0.0
37169,Puskás,3,0,0.0
37169,Puskás AFC,1,0,0.0
37169,Puskás Akadémia,33,2,0.06060606060606061
37276,Kissamikos,19,0,0.0
37772,Karaiskakis,27,2,0.07407407407407407
37914,Alashkert,47,1,0.02127659574468085
37914,Alashkert-2,1,0,0.0
38204,Lincoln Red Imps,26,9,0.34615384615384615
38204,Red Imps,1,1,1.0
38208,St Joseph's,7,3,0.42857142857142855
39722,Erzurumspor,31,11,0.3548387096774194
39722,Erzurumspor FK,3,1,0.3333333333333333
40090,FK Kauno Žalgiris,7,1,0.14285714285714285
40090,Kauno Žalgiris,25,6,0.24
40426,FC Tosno,25,8,0.32
40426,Tosno,32,21,0.65625
40604,Arda,4,1,0.25
40604,Arda Kardzhali,26,5,0.19230769230769232
40804,Tarup-Paarup,1,0,0.0
40812,CS Universitatea Craiova,1,0,0.0
40812,Universitatea Craiova,74,32,0.43243243243243246
41061,Corvinul Hunedoara,5,2,0.4
41133,FC Iberia 1999,1,0,0.0
41133,Iberia 1999,13,8,0.6153846153846154
41231,FC Sochi,2,0,0.0
41231,Sochi,104,89,0.8557692307692307
41231,Sochi-2,3,3,1.0
41494,Saxan,3,0,0.0
41916,Inter Club d'Escaldes,2,0,0.0
41916,Inter d'Escaldes,8,1,0.125
43032,"Bruno's 23
Magpies",1,0,0.0
43032,Bruno's Magpies,4,1,0.25
43032,FC Magpies,6,4,0.6666666666666666
43502,Chertanovo Moscow,23,7,0.30434782608695654
43502,Chertanovo-2 Moscow,7,2,0.2857142857142857
43502,FC Chertanovo Moscow,6,0,0.0
43502,FC Chertanovo-2 Moscow,1,0,0.0
44006,Bodrum,27,19,0.7037037037037037
44223,Giana Erminio,14,3,0.21428571428571427
44360,Araz-Nakhchivan,1,0,0.0
44482,Broomhill,6,0,0.0
45200,Chayka,1,0,0.0
45457,Pafos,83,8,0.0963855421686747
45457,Pafos FC,2,0,0.0
45913,FC Zvezda Saint Petersburg,1,0,0.0
45913,Zvezda Saint Petersburg,3,0,0.0
45913,Zvezda St. Petersburg,11,4,0.36363636363636365
46643,Petrocub,1,0,0.0
46643,Petrocub Hîncești,16,7,0.4375
46710,Zira,39,6,0.15384615384615385
46710,Zira FK,1,0,0.0
47880,Ebro,6,0,0.0
48325,Riga,51,13,0.2549019607843137
48325,Riga FC,16,0,0.0
48332,Kolos Kovalivka,99,79,0.797979797979798
48332,Kolos-2 Kovalivka,5,1,0.2
48726,Rukh Lviv,72,58,0.8055555555555556
48726,Rukh-2 Lviv,10,9,0.9
48968,FC Zorkiy Krasnogorsk,3,0,0.0
48968,Zorkiy Krasnogorsk,1,0,0.0
49189,Cumbernauld Colts,6,0,0.0
49306,Balkany Zorya,9,1,0.1111111111111111
49587,FC Zhemchuzhyna Odesa,1,0,0.0
49587,Zhemchuzhyna Odesa,13,1,0.07692307692307693
49675,Hillerød,16,3,0.1875
49702,FC Nizhny Novgorod,9,1,0.1111111111111111
49702,Nizhny Novgorod,49,17,0.3469387755102041
49806,Lorca Deportiva,8,1,0.125
49939,Virtus Francavilla,15,1,0.06666666666666667
50260,Internacional Madrid,5,0,0.0
51316,FC Košice,6,0,0.0
51316,Košice,6,1,0.16666666666666666
51828,Los Angeles FC,51,4,0.0784313725490196
51828,Los Angeles FC 2,6,1,0.16666666666666666
52706,Korinthos,2,0,0.0
53453,Ararat-Armenia,49,6,0.12244897959183673
53646,Polissya Zhytomyr,82,49,0.5975609756097561
53646,Polissya-2 Zhytomyr,7,6,0.8571428571428571
54189,RWD Molenbeek,30,17,0.5666666666666667
55013,FC Legion Makhachkala,1,0,0.0
55013,Legion,2,0,0.0
55013,Legion Makhachkala,2,0,0.0
58065,FC Veles Moscow,14,1,0.07142857142857142
58065,Veles Moscow,30,1,0.03333333333333333
59024,FC Rodina Moscow,4,1,0.25
59024,Rodina Moscow,43,5,0.11627906976744186
59024,Rodina-2 Moscow,12,0,0.0
60368,FC Noah,4,1,0.25
60368,Noah,35,5,0.14285714285714285
60551,Dnipro,19,9,0.47368421052631576
60551,Dnipro 1918,1,0,0.0
60551,Dnipro-1,83,69,0.8313253012048193
60551,SC Dnipro-1,2,2,1.0
63007,LNZ Cherkasy,67,50,0.746268656716418
63993,Sabah,52,6,0.11538461538461539
64780,Atlètic d'Escaldes,3,0,0.0
65423,FSC Mariupol,6,0,0.0
65424,Rubikon Kyiv,4,1,0.25
65683,FC Kuban-Holding Pavlovskaya,4,0,0.0
65683,Kuban-Holding,4,1,0.25
65683,Kuban-Holding Pavlovskaya,1,0,0.0
67107,Leningradets,11,0,0.0
67939,Viktoriya Sumy,22,3,0.13636363636363635
68608,Belenenses,74,57,0.7702702702702703
68608,Belenenses [ 15 ],1,1,1.0
68608,Os Belenenses,3,0,0.0
69261,Miami FC,12,0,0.0
69261,Miami FC 2,1,0,0.0
69752,FC Hegelmann,2,1,0.5
69752,Hegelmann,14,4,0.2857142857142857
71985,Akron,1,0,0.0
75506,Alania Vladikavkaz,44,3,0.06818181818181818
75506,Alania-2 Vladikavkaz,3,0,0.0
75506,FC Alania Vladikavkaz,10,0,0.0
75506,FC Alania-2 Vladikavkaz,1,0,0.0
75635,Oure FA,1,0,0.0
75635,Oure [ 2 ],1,0,0.0
78749,FC Forte Taganrog,10,0,0.0
78749,Forte Taganrog,10,1,0.1
97548,Lisne,7,0,0.0
101634,Khust,2,0,0.0
110302,AVS,38,35,0.9210526315789473
110586,FC UCSA Tarasivka,2,0,0.0
110586,UCSA Tarasivka,12,0,0.0
