Competizione,Turno,Data,Casa,Ospite,Periodo,Lato,Squadra,ID partita,Goal previsti (xG),Possesso palla,Tiri totali,Tiri in porta,Grandi occasioni,Calci d'angolo,Cartellini gialli,Passaggi,Cartellini rossi,xG sui Tiri in porta (xGOT),Tiri fuori,Tiri fermati,Tiri dall'area di rigore,Tiri da fuori area,Pali colpiti,Gol di testa,Palloni toccati nell'area avversaria,Passaggi filtranti riusciti,Fuorigioco,Punizioni,Assist previsti (xA),Rimesse Laterali,Passaggi lunghi,Passaggi offensivi,Cross,Falli,Contrasti vinti,Respinte difensive,Palle intercettate,Errori che hanno portato al tiro,Errori che hanno portato al gol,Tackles,Parate,xGot affrontati,Gol evitati
Coppa Italia,1/64 finale,09.08.2025,Entella,Ternana,Totale,Casa,Entella,v7apS8LU,0.0,0%,4,4,0,0,,,,0.0,0,0,0,0,0,,0,0,0,0,0.0,0,,,,0,0,0,0,0,0,,0,0.0,0.0
Coppa Italia,1/64 finale,09.08.2025,Entella,Ternana,Totale,Ospite,Ternana,v7apS8LU,0.0,0%,0,0,0,0,,,,0.0,0,0,0,0,0,,0,0,0,0,0.0,0,,,,0,0,0,0,0,0,,0,0.0,-4.0
Coppa Italia,1/64 finale,09.08.2025,Entella,Ternana,1° tempo,Casa,Entella,v7apS8LU,0.0,0%,1,1,0,0,,,,0.0,0,0,0,0,0,,0,0,0,0,0.0,0,,,,0,0,0,0,0,0,,0,0.0,0.0
Coppa Italia,1/64 finale,09.08.2025,Entella,Ternana,1° tempo,Ospite,Ternana,v7apS8LU,0.0,0%,0,0,0,0,,,,0.0,0,0,0,0,0,,0,0,0,0,0.0,0,,,,0,0,0,0,0,0,,0,0.0,-1.0
Coppa Italia,1/64 finale,09.08.2025,Entella,Ternana,2° tempo,Casa,Entella,v7apS8LU,0.0,0%,3,3,0,0,,,,0.0,0,0,0,0,0,,0,0,0,0,0.0,0,,,,0,0,0,0,0,0,,0,0.0,0.0
Coppa Italia,1/64 finale,09.08.2025,Entella,Ternana,2° tempo,Ospite,Ternana,v7apS8LU,0.0,0%,0,0,0,0,,,,0.0,0,0,0,0,0,,0,0,0,0,0.0,0,,,,0,0,0,0,0,0,,0,0.0,-3.0
Coppa Italia,1/64 finale,10.08.2025,Padova,L.R. Vicenza,Totale,Casa,Padova,AR7TVjM5,0.0,0%,0,0,0,0,1.0,,,0.0,0,0,0,0,0,,0,0,0,0,0.0,0,,,,0,0,0,0,0,0,,0,0.0,-2.0
Coppa Italia,1/64 finale,10.08.2025,Padova,L.R. Vicenza,Totale,Ospite,L.R. Vicenza,AR7TVjM5,0.0,0%,2,2,0,0,2.0,,,0.0,0,0,0,0,0,,0,0,0,0,0.0,0,,,,0,0,0,0,0,0,,0,0.0,0.0
Coppa Italia,1/64 finale,10.08.2025,Padova,L.R. Vicenza,1° tempo,Casa,Padova,AR7TVjM5,0.0,0%,0,0,0,0,1.0,,,0.0,0,0,0,0,0,,0,0,0,0,0.0,0,,,,0,0,0,0,0,0,,0,0.0,-1.0
Coppa Italia,1/64 finale,10.08.2025,Padova,L.R. Vicenza,1° tempo,Ospite,L.R. Vicenza,AR7TVjM5,0.0,0%,1,1,0,0,2.0,,,0.0,0,0,0,0,0,,0,0,0,0,0.0,0,,,,0,0,0,0,0,0,,0,0.0,0.0
Coppa Italia,1/64 finale,10.08.2025,Padova,L.R. Vicenza,2° tempo,Casa,Padova,AR7TVjM5,0.0,0%,0,0,0,0,,,,0.0,0,0,0,0,0,,0,0,0,0,0.0,0,,,,0,0,0,0,0,0,,0,0.0,-1.0
Coppa Italia,1/64 finale,10.08.2025,Padova,L.R. Vicenza,2° tempo,Ospite,L.R. Vicenza,AR7TVjM5,0.0,0%,1,1,0,0,,,,0.0,0,0,0,0,0,,0,0,0,0,0.0,0,,,,0,0,0,0,0,0,,0,0.0,0.0
Coppa Italia,1/64 finale,10.08.2025,Audace Cerignola,Avellino,Totale,Casa,Audace Cerignola,6g1xUUjI,0.0,0%,0,0,0,0,3.0,,,0.0,0,0,0,0,0,,0,0,0,0,0.0,0,,,,0,0,0,0,0,0,,1,0.0,-1.0
Coppa Italia,1/64 finale,10.08.2025,Audace Cerignola,Avellino,Totale,Ospite,Avellino,6g1xUUjI,0.0,0%,1,1,0,0,1.0,,,0.0,0,0,0,0,0,,0,0,0,0,0.0,0,,,,0,0,0,0,0,0,,0,0.0,0.0
Coppa Italia,1/64 finale,10.08.2025,Audace Cerignola,Avellino,1° tempo,Casa,Audace Cerignola,6g1xUUjI,0.0,0%,0,0,0,0,1.0,,,0.0,0,0,0,0,0,,0,0,0,0,0.0,0,,,,0,0,0,0,0,0,,0,0.0,0.0
Coppa Italia,1/64 finale,10.08.2025,Audace Cerignola,Avellino,1° tempo,Ospite,Avellino,6g1xUUjI,0.0,0%,0,0,0,0,1.0,,,0.0,0,0,0,0,0,,0,0,0,0,0.0,0,,,,0,0,0,0,0,0,,0,0.0,0.0
Coppa Italia,1/64 finale,10.08.2025,Audace Cerignola,Avellino,2° tempo,Casa,Audace Cerignola,6g1xUUjI,0.0,0%,0,0,0,0,2.0,,,0.0,0,0,0,0,0,,0,0,0,0,0.0,0,,,,0,0,0,0,0,0,,1,0.0,-1.0
Coppa Italia,1/64 finale,10.08.2025,Audace Cerignola,Avellino,2° tempo,Ospite,Avellino,6g1xUUjI,0.0,0%,1,1,0,0,0.0,,,0.0,0,0,0,0,0,,0,0,0,0,0.0,0,,,,0,0,0,0,0,0,,0,0.0,0.0
Coppa Italia,1/64 finale,10.08.2025,Pescara,Rimini,Totale,Casa,Pescara,SrjwLZ7m,0.0,0%,1,1,0,0,1.0,,,0.0,0,0,0,0,0,,0,0,0,0,0.0,0,,,,0,0,0,0,0,0,,0,0.0,0.0
Coppa Italia,1/64 finale,10.08.2025,Pescara,Rimini,Totale,Ospite,Rimini,SrjwLZ7m,0.0,0%,0,0,0,0,4.0,,,0.0,0,0,0,0,0,,0,0,0,0,0.0,0,,,,0,0,0,0,0,0,,0,0.0,-1.0
Coppa Italia,1/64 finale,10.08.2025,Pescara,Rimini,1° tempo,Casa,Pescara,SrjwLZ7m,0.0,0%,1,1,0,0,0.0,,,0.0,0,0,0,0,0,,0,0,0,0,0.0,0,,,,0,0,0,0,0,0,,0,0.0,0.0
Coppa Italia,1/64 finale,10.08.2025,Pescara,Rimini,1° tempo,Ospite,Rimini,SrjwLZ7m,0.0,0%,0,0,0,0,4.0,,,0.0,0,0,0,0,0,,0,0,0,0,0.0,0,,,,0,0,0,0,0,0,,0,0.0,-1.0
Coppa Italia,1/64 finale,10.08.2025,Pescara,Rimini,2° tempo,Casa,Pescara,SrjwLZ7m,0.0,0%,0,0,0,0,1.0,,,0.0,0,0,0,0,0,,0,0,0,0,0.0,0,,,,0,0,0,0,0,0,,0,0.0,0.0
Coppa Italia,1/64 finale,10.08.2025,Pescara,Rimini,2° tempo,Ospite,Rimini,SrjwLZ7m,0.0,0%,0,0,0,0,0.0,,,0.0,0,0,0,0,0,,0,0,0,0,0.0,0,,,,0,0,0,0,0,0,,0,0.0,0.0
Coppa Italia,1/32 finale,15.08.2025,Empoli,Reggiana,Totale,Casa,Empoli,GnyKFvW7,1.36,68%,13,4,1,4,3.0,86% (387/448),,1.28,7,2,8,5,0,,17,0,1,12,0.45,30,57% (17/30),75% (79/106),29% (7/24),24,43,21,5,0,0,57% (8/14),2,1.21,0.21
Coppa Italia,1/32 finale,15.08.2025,Empoli,Reggiana,Totale,Ospite,Reggiana,GnyKFvW7,0.78,32%,9,3,0,2,1.0,68% (146/215),,1.21,4,2,3,6,0,,17,0,3,24,0.36,25,34% (16/47),62% (49/79),18% (2/11),12,51,21,5,0,1,50% (7/14),3,1.28,0.28
Coppa Italia,1/32 finale,15.08.2025,Empoli,Reggiana,1° tempo,Casa,Empoli,GnyKFvW7,1.12,71%,8,2,1,2,3.0,86% (193/224),,0.89,4,2,4,4,0,,9,0,1,7,0.22,15,73% (8/11),69% (41/59),25% (3/12),10,24,11,4,0,0,60% (6/10),0,0.93,-0.07
Coppa Italia,1/32 finale,15.08.2025,Empoli,Reggiana,1° tempo,Ospite,Reggiana,GnyKFvW7,0.29,29%,2,1,0,1,1.0,62% (56/91),,0.93,1,0,1,1,0,,9,0,2,10,0.09,14,26% (6/23),59% (22/37),17% (1/6),7,21,13,4,0,0,50% (3/6),2,0.89,0.89
Coppa Italia,1/32 finale,15.08.2025,Empoli,Reggiana,2° tempo,Casa,Empoli,GnyKFvW7,0.24,64%,5,2,0,2,,87% (194/224),,0.39,3,0,4,1,0,,8,0,0,5,0.23,15,47% (9/19),81% (38/47),33% (4/12),14,19,10,1,0,0,50% (2/4),2,0.28,0.28
Coppa Italia,1/32 finale,15.08.2025,Empoli,Reggiana,2° tempo,Ospite,Reggiana,GnyKFvW7,0.49,36%,7,2,0,1,,73% (90/124),,0.28,3,2,2,5,0,,8,0,1,14,0.27,11,42% (10/24),64% (27/42),20% (1/5),5,30,8,1,0,1,50% (4/8),1,0.39,-0.61
Coppa Italia,1/32 finale,15.08.2025,Sassuolo,Catanzaro,Totale,Casa,Sassuolo,OAqnJDx0,2.03,47%,21,6,3,8,,88% (405/458),,2.48,8,7,17,4,0,,43,2,4,14,1.48,10,72% (39/54),75% (91/122),47% (8/17),13,50,14,8,0,0,68% (15/22),1,0.07,0.07
Coppa Italia,1/32 finale,15.08.2025,Sassuolo,Catanzaro,Totale,Ospite,Catanzaro,OAqnJDx0,0.23,53%,5,1,1,3,,86% (455/527),,0.07,1,3,3,2,0,,14,0,0,13,0.7,24,53% (26/49),69% (74/108),64% (7/11),14,32,22,6,3,0,67% (8/12),5,2.48,1.48
Coppa Italia,1/32 finale,15.08.2025,Sassuolo,Catanzaro,1° tempo,Casa,Sassuolo,OAqnJDx0,1.27,54%,8,2,2,3,,88% (218/249),,1.73,2,4,7,1,0,,16,2,3,9,1.13,5,79% (23/29),72% (56/78),80% (4/5),9,25,6,3,0,0,70% (7/10),1,0.07,0.07
Coppa Italia,1/32 finale,15.08.2025,Sassuolo,Catanzaro,1° tempo,Ospite,Catanzaro,OAqnJDx0,0.03,46%,1,1,0,0,,85% (179/211),,0.07,0,0,0,1,0,,5,0,0,9,0.13,8,52% (13/25),65% (28/43),50% (1/2),9,20,13,3,0,0,71% (5/7),1,1.73,0.73
Coppa Italia,1/32 finale,15.08.2025,Sassuolo,Catanzaro,2° tempo,Casa,Sassuolo,OAqnJDx0,0.76,40%,13,4,1,5,,89% (187/209),,0.75,6,3,10,3,0,,27,0,1,5,0.35,5,64% (16/25),80% (35/44),33% (4/12),4,25,8,5,0,0,67% (8/12),0,0.0,0.0
Coppa Italia,1/32 finale,15.08.2025,Sassuolo,Catanzaro,2° tempo,Ospite,Catanzaro,OAqnJDx0,0.2,60%,4,0,1,3,,87% (276/316),,0.0,1,3,3,1,0,,9,0,0,4,0.57,16,54% (13/24),71% (46/65),67% (6/9),5,12,9,3,3,0,60% (3/5),4,0.75,0.75
Coppa Italia,1/32 finale,15.08.2025,Lecce,Juve Stabia,Totale,Casa,Lecce,hjy3FVyP,1.82,35%,7,3,2,3,,72% (208/287),1.0,2.02,4,0,6,1,0,,18,0,1,11,0.44,16,47% (27/58),61% (45/74),27% (3/11),7,55,37,5,0,0,59% (10/17),4,0.66,0.66
Coppa Italia,1/32 finale,15.08.2025,Lecce,Juve Stabia,Totale,Ospite,Juve Stabia,hjy3FVyP,1.11,65%,14,4,0,10,,86% (441/515),0.0,0.66,7,3,10,4,0,,26,0,5,7,1.0,18,37% (21/57),77% (96/124),18% (5/28),11,53,12,8,1,0,81% (21/26),1,2.02,0.02
Coppa Italia,1/32 finale,15.08.2025,Lecce,Juve Stabia,1° tempo,Casa,Lecce,hjy3FVyP,1.06,48%,5,1,1,2,,79% (140/178),1.0,0.99,4,0,4,1,0,,12,0,0,3,0.28,13,62% (16/26),67% (33/49),38% (3/8),7,24,9,1,0,0,63% (5/8),1,0.15,0.15
Coppa Italia,1/32 finale,15.08.2025,Lecce,Juve Stabia,1° tempo,Ospite,Juve Stabia,hjy3FVyP,0.46,52%,6,1,0,3,,82% (161/196),0.0,0.15,3,2,4,2,0,,10,0,2,7,0.26,6,39% (14/36),70% (26/37),13% (1/8),3,30,8,7,1,0,76% (13/17),0,0.99,-0.01
Coppa Italia,1/32 finale,15.08.2025,Lecce,Juve Stabia,2° tempo,Casa,Lecce,hjy3FVyP,0.76,25%,2,2,1,1,,62% (68/109),,1.03,0,0,2,0,0,,6,0,1,8,0.16,3,34% (11/32),48% (12/25),0% (0/3),0,31,28,4,0,0,56% (5/9),3,0.51,0.51
Coppa Italia,1/32 finale,15.08.2025,Lecce,Juve Stabia,2° tempo,Ospite,Juve Stabia,hjy3FVyP,0.65,75%,8,3,0,7,,88% (280/319),,0.51,4,1,6,2,0,,16,0,3,0,0.74,12,33% (7/21),80% (70/87),20% (4/20),8,23,4,1,0,0,89% (8/9),1,1.03,0.03
Coppa Italia,1/32 finale,15.08.2025,Genoa,L.R. Vicenza,Totale,Casa,Genoa,ILv0JCdD,2.21,71%,14,6,2,5,0.0,90% (640/709),,2.33,6,2,9,5,0,,21,3,0,15,1.28,16,55% (26/47),76% (89/117),18% (2/11),10,42,9,16,0,0,67% (6/9),2,0.44,0.44
Coppa Italia,1/32 finale,15.08.2025,Genoa,L.R. Vicenza,Totale,Ospite,L.R. Vicenza,ILv0JCdD,0.48,29%,5,2,0,2,1.0,74% (212/285),,0.44,2,1,3,2,0,,9,1,1,10,0.31,14,42% (20/48),67% (38/57),25% (2/8),15,35,12,16,0,0,60% (12/20),4,2.33,0.33
Coppa Italia,1/32 finale,15.08.2025,Genoa,L.R. Vicenza,1° tempo,Casa,Genoa,ILv0JCdD,1.15,67%,8,3,1,4,,88% (289/327),,1.09,3,2,4,4,0,,14,1,0,7,0.7,7,46% (12/26),66% (35/53),33% (2/6),6,26,2,8,0,0,67% (4/6),1,0.02,0.02
Coppa Italia,1/32 finale,15.08.2025,Genoa,L.R. Vicenza,1° tempo,Ospite,L.R. Vicenza,ILv0JCdD,0.14,33%,3,1,0,0,,74% (115/156),,0.02,1,1,1,2,0,,3,0,1,6,0.12,8,36% (10/28),71% (22/31),0% (0/4),7,21,8,10,0,0,64% (7/11),2,1.09,0.09
Coppa Italia,1/32 finale,15.08.2025,Genoa,L.R. Vicenza,2° tempo,Casa,Genoa,ILv0JCdD,1.06,74%,6,3,1,1,0.0,92% (351/382),,1.24,3,0,5,1,0,,7,2,0,8,0.58,9,67% (14/21),84% (54/64),0% (0/5),4,16,7,8,0,0,67% (2/3),1,0.42,0.42
Coppa Italia,1/32 finale,15.08.2025,Genoa,L.R. Vicenza,2° tempo,Ospite,L.R. Vicenza,ILv0JCdD,0.34,26%,2,1,0,2,1.0,75% (97/129),,0.42,1,0,2,0,0,,6,1,0,4,0.19,6,50% (10/20),62% (16/26),50% (2/4),8,14,4,6,0,0,56% (5/9),2,1.24,0.24
Coppa Italia,1/32 finale,16.08.2025,Venezia,Mantova,Totale,Casa,Venezia,8MXBH01e,2.91,53%,28,11,5,10,1.0,87% (356/408),,2.86,10,7,13,15,0,,35,0,1,17,1.31,9,63% (33/52),78% (109/139),37% (7/19),12,57,6,10,0,0,54% (7/13),2,1.14,1.14
Coppa Italia,1/32 finale,16.08.2025,Venezia,Mantova,Totale,Ospite,Mantova,8MXBH01e,0.6,47%,9,2,1,4,4.0,86% (321/372),,1.14,4,3,6,3,0,,14,0,0,12,0.66,7,51% (21/41),73% (55/75),13% (1/8),17,36,20,4,1,0,60% (9/15),6,2.86,-1.14
Coppa Italia,1/32 finale,16.08.2025,Venezia,Mantova,1° tempo,Casa,Venezia,8MXBH01e,1.5,59%,14,6,2,5,1.0,89% (200/225),,1.79,3,5,6,8,0,,22,0,1,8,0.81,4,68% (19/28),76% (58/76),33% (4/12),9,24,1,5,0,0,50% (2/4),1,0.94,0.94
Coppa Italia,1/32 finale,16.08.2025,Venezia,Mantova,1° tempo,Ospite,Mantova,8MXBH01e,0.36,41%,2,1,1,0,3.0,84% (138/164),,0.94,1,0,2,0,0,,4,0,0,9,0.35,0,44% (11/25),38% (5/13),0% (0/2),8,17,14,2,0,0,67% (4/6),4,1.79,-0.21
Coppa Italia,1/32 finale,16.08.2025,Venezia,Mantova,2° tempo,Casa,Venezia,8MXBH01e,1.41,47%,14,5,3,5,0.0,85% (156/183),,1.07,7,2,7,7,0,,13,0,0,9,0.5,5,58% (14/24),81% (51/63),43% (3/7),3,33,5,5,0,0,56% (5/9),1,0.2,0.2
Coppa Italia,1/32 finale,16.08.2025,Venezia,Mantova,2° tempo,Ospite,Mantova,8MXBH01e,0.24,53%,7,1,0,4,1.0,88% (183/208),,0.2,3,3,4,3,0,,10,0,0,3,0.31,7,63% (10/16),81% (50/62),17% (1/6),9,19,6,2,1,0,56% (5/9),2,1.07,-0.93
Coppa Italia,1/32 finale,16.08.2025,Como,Südtirol,Totale,Casa,Como,GOhXOr9L,1.59,79%,16,9,3,5,1.0,89% (654/731),0.0,3.54,4,3,9,7,1,,21,0,0,14,0.81,25,52% (28/54),72% (106/147),38% (3/8),11,51,16,3,0,0,77% (10/13),2,1.15,0.15
Coppa Italia,1/32 finale,16.08.2025,Como,Südtirol,Totale,Ospite,Südtirol,GOhXOr9L,1.01,21%,5,3,1,0,2.0,62% (114/184),1.0,1.15,2,0,3,2,0,,8,0,4,11,0.15,14,17% (7/41),49% (33/67),20% (1/5),14,35,17,11,0,0,67% (14/21),6,3.54,0.54
Coppa Italia,1/32 finale,16.08.2025,Como,Südtirol,1° tempo,Casa,Como,GOhXOr9L,1.41,76%,9,6,3,2,,89% (298/336),,2.49,1,2,6,3,1,,16,0,0,6,0.59,12,46% (12/26),68% (47/69),67% (2/3),7,20,8,1,0,0,80% (4/5),1,1.01,0.01
Coppa Italia,1/32 finale,16.08.2025,Como,Südtirol,1° tempo,Ospite,Südtirol,GOhXOr9L,0.9,24%,3,2,1,0,,60% (62/103),,1.01,1,0,2,1,0,,6,0,2,7,0.09,5,15% (4/26),54% (21/39),0% (0/3),6,17,8,5,0,0,60% (6/10),3,2.49,-0.51
Coppa Italia,1/32 finale,16.08.2025,Como,Südtirol,2° tempo,Casa,Como,GOhXOr9L,0.18,82%,7,3,0,3,1.0,90% (356/395),0.0,1.05,3,1,3,4,0,,5,0,0,8,0.22,13,57% (16/28),76% (59/78),20% (1/5),4,31,8,2,0,0,75% (6/8),1,0.14,0.14
Coppa Italia,1/32 finale,16.08.2025,Como,Südtirol,2° tempo,Ospite,Südtirol,GOhXOr9L,0.11,18%,2,1,0,0,2.0,64% (52/81),1.0,0.14,1,0,1,1,0,,2,0,2,4,0.06,9,20% (3/15),43% (12/28),50% (1/2),8,18,9,6,0,0,73% (8/11),3,1.05,1.05
Coppa Italia,1/32 finale,16.08.2025,Cagliari,Entella,Totale,Casa,Cagliari,byt7abR7,1.87,59%,11,3,3,3,0.0,84% (420/498),,1.07,5,3,6,5,1,,16,1,0,17,0.82,15,48% (23/48),66% (82/124),0% (0/9),17,48,18,9,0,0,71% (10/14),2,0.44,0.44
Coppa Italia,1/32 finale,16.08.2025,Cagliari,Entella,Totale,Ospite,Entella,byt7abR7,0.21,41%,5,2,0,3,4.0,77% (264/344),,0.44,3,0,4,1,0,,6,0,1,17,0.1,32,42% (21/50),53% (35/66),27% (3/11),17,52,27,9,0,0,70% (14/20),2,1.07,0.07
Coppa Italia,1/32 finale,16.08.2025,Cagliari,Entella,1° tempo,Casa,Cagliari,byt7abR7,0.19,60%,3,1,0,0,0.0,87% (241/278),,0.38,1,1,1,2,0,,3,1,0,7,0.27,7,59% (13/22),65% (36/55),0% (0/5),10,19,4,3,0,0,80% (4/5),1,0.17,0.17
Coppa Italia,1/32 finale,16.08.2025,Cagliari,Entella,1° tempo,Ospite,Entella,byt7abR7,0.1,40%,3,1,0,1,1.0,81% (156/193),,0.17,2,0,2,1,0,,3,0,0,10,0.04,12,39% (11/28),64% (18/28),33% (1/3),7,23,12,3,0,0,83% (5/6),0,0.38,-0.62
Coppa Italia,1/32 finale,16.08.2025,Cagliari,Entella,2° tempo,Casa,Cagliari,byt7abR7,1.68,59%,8,2,3,3,0.0,81% (179/220),,0.69,4,2,5,3,1,,13,0,0,10,0.55,8,38% (10/26),67% (46/69),0% (0/4),7,29,14,6,0,0,67% (6/9),1,0.27,0.27
Coppa Italia,1/32 finale,16.08.2025,Cagliari,Entella,2° tempo,Ospite,Entella,byt7abR7,0.11,41%,2,1,0,2,3.0,72% (108/151),,0.27,1,0,2,0,0,,3,0,1,7,0.06,20,45% (10/22),45% (17/38),25% (2/8),10,29,15,6,0,0,64% (9/14),2,0.69,0.69
Coppa Italia,1/32 finale,16.08.2025,Cremonese,Palermo,Totale,Casa,Cremonese,fJ7x31n2,0.35,49%,6,0,0,4,,74% (278/375),,0.0,3,3,1,5,0,,8,0,2,15,0.34,24,28% (19/68),60% (62/103),0% (0/17),11,47,31,8,0,0,69% (11/16),2,0.13,0.13
Coppa Italia,1/32 finale,16.08.2025,Cremonese,Palermo,Totale,Ospite,Palermo,fJ7x31n2,0.37,51%,7,2,0,3,,74% (289/388),,0.13,2,3,4,3,0,,13,0,2,11,0.56,31,25% (12/48),53% (51/97),33% (6/18),15,38,20,7,0,0,86% (6/7),0,0.0,0.0
Coppa Italia,1/32 finale,16.08.2025,Cremonese,Palermo,1° tempo,Casa,Cremonese,fJ7x31n2,0.21,50%,3,0,0,0,,71% (148/208),,0.0,0,3,1,2,0,,4,0,1,9,0.19,14,20% (8/41),50% (27/54),0% (0/3),6,24,12,3,0,0,67% (6/9),1,0.03,0.03
Coppa Italia,1/32 finale,16.08.2025,Cremonese,Palermo,1° tempo,Ospite,Palermo,fJ7x31n2,0.05,50%,3,1,0,2,,76% (152/200),,0.03,1,1,1,2,0,,2,0,1,6,0.05,17,20% (4/20),53% (20/38),29% (2/7),9,15,10,4,0,0,100% (3/3),0,0.0,0.0
Coppa Italia,1/32 finale,16.08.2025,Cremonese,Palermo,2° tempo,Casa,Cremonese,fJ7x31n2,0.14,48%,3,0,0,4,,78% (130/167),,0.0,3,0,0,3,0,,4,0,1,6,0.15,10,41% (11/27),71% (35/49),0% (0/14),5,23,19,5,0,0,71% (5/7),1,0.1,0.1
Coppa Italia,1/32 finale,16.08.2025,Cremonese,Palermo,2° tempo,Ospite,Palermo,fJ7x31n2,0.32,52%,4,1,0,1,,73% (137/188),,0.1,1,2,3,1,0,,11,0,1,5,0.51,14,29% (8/28),53% (31/59),36% (4/11),6,23,10,3,0,0,75% (3/4),0,0.0,0.0
Coppa Italia,1/32 finale,17.08.2025,Monza,Frosinone,Totale,Casa,Monza,214LXCig,0.62,60%,11,2,0,2,1.0,84% (378/449),1.0,0.3,8,1,6,5,1,,21,0,3,13,0.38,14,49% (24/49),60% (64/106),22% (2/9),13,49,18,4,0,0,71% (10/14),0,0.58,-0.42
Coppa Italia,1/32 finale,17.08.2025,Monza,Frosinone,Totale,Ospite,Frosinone,214LXCig,0.5,40%,5,1,1,6,1.0,79% (229/290),0.0,0.58,3,1,3,2,0,,7,0,2,13,0.41,19,39% (20/51),47% (28/59),9% (1/11),13,38,20,7,0,0,45% (5/11),2,0.3,0.3
Coppa Italia,1/32 finale,17.08.2025,Monza,Frosinone,1° tempo,Casa,Monza,214LXCig,0.11,57%,3,1,0,0,1.0,86% (184/214),,0.09,2,0,0,3,0,,2,0,2,5,0.08,6,47% (9/19),59% (26/44),0% (0/1),9,21,11,1,0,0,63% (5/8),0,0.0,0.0
Coppa Italia,1/32 finale,17.08.2025,Monza,Frosinone,1° tempo,Ospite,Frosinone,214LXCig,0.06,43%,2,0,0,4,0.0,83% (133/160),,0.0,1,1,0,2,0,,1,0,2,9,0.02,11,43% (9/21),44% (12/27),0% (0/5),5,20,4,1,0,0,50% (4/8),1,0.09,0.09
Coppa Italia,1/32 finale,17.08.2025,Monza,Frosinone,2° tempo,Casa,Monza,214LXCig,0.51,63%,8,1,0,2,0.0,83% (194/235),1.0,0.21,6,1,6,2,1,,19,0,1,8,0.3,8,50% (15/30),61% (38/62),25% (2/8),4,28,7,3,0,0,83% (5/6),0,0.58,-0.42
Coppa Italia,1/32 finale,17.08.2025,Monza,Frosinone,2° tempo,Ospite,Frosinone,214LXCig,0.44,37%,3,1,1,2,1.0,74% (96/130),0.0,0.58,2,0,3,0,0,,6,0,0,4,0.39,8,37% (11/30),50% (16/32),17% (1/6),8,18,16,6,0,0,33% (1/3),1,0.21,0.21
Coppa Italia,1/32 finale,17.08.2025,Parma,Pescara,Totale,Casa,Parma,61HBX2HN,2.21,55%,19,7,2,7,2.0,87% (424/487),,1.64,9,3,14,5,1,2.0,35,0,2,9,0.86,19,58% (31/53),68% (77/114),24% (6/25),11,45,6,6,0,0,80% (12/15),0,0.0,0.0
Coppa Italia,1/32 finale,17.08.2025,Parma,Pescara,Totale,Ospite,Pescara,61HBX2HN,0.36,45%,6,0,0,1,0.0,85% (343/405),,0.0,5,1,4,2,0,0.0,5,0,3,11,0.24,12,40% (17/42),58% (37/64),33% (2/6),9,39,42,13,1,0,75% (12/16),6,1.64,-0.36
Coppa Italia,1/32 finale,17.08.2025,Parma,Pescara,1° tempo,Casa,Parma,61HBX2HN,0.9,62%,11,5,0,5,1.0,90% (236/263),,1.29,5,1,10,1,1,,19,0,2,5,0.51,14,61% (14/23),69% (36/52),25% (4/16),4,27,2,2,0,0,83% (10/12),0,0.0,0.0
Coppa Italia,1/32 finale,17.08.2025,Parma,Pescara,1° tempo,Ospite,Pescara,61HBX2HN,0.03,38%,1,0,0,0,0.0,79% (136/173),,0.0,1,0,1,0,0,,1,0,2,4,0.03,7,44% (12/27),35% (8/23),0% (0/1),5,19,26,10,0,0,78% (7/9),6,1.29,1.29
Coppa Italia,1/32 finale,17.08.2025,Parma,Pescara,2° tempo,Casa,Parma,61HBX2HN,1.31,49%,8,2,2,2,1.0,84% (188/224),,0.35,4,2,4,4,0,2.0,16,0,0,4,0.35,5,57% (17/30),66% (41/62),22% (2/9),7,18,4,4,0,0,67% (2/3),0,0.0,0.0
Coppa Italia,1/32 finale,17.08.2025,Parma,Pescara,2° tempo,Ospite,Pescara,61HBX2HN,0.33,51%,5,0,0,1,0.0,89% (207/232),,0.0,4,1,3,2,0,0.0,4,0,1,7,0.21,5,33% (5/15),71% (29/41),40% (2/5),4,20,16,3,1,0,71% (5/7),0,0.35,-1.65
Coppa Italia,1/32 finale,17.08.2025,Cesena,Pisa,Totale,Casa,Cesena,tnGCZYMt,0.95,51%,16,2,0,3,2.0,84% (419/497),0.0,0.02,11,3,7,9,1,,16,0,2,19,1.06,25,52% (33/63),75% (123/164),33% (7/21),13,47,9,11,0,0,58% (7/12),1,0.31,0.31
Coppa Italia,1/32 finale,17.08.2025,Cesena,Pisa,Totale,Ospite,Pisa,tnGCZYMt,0.51,49%,5,1,1,0,5.0,84% (405/480),1.0,0.31,3,1,5,0,0,,11,0,1,13,0.55,14,48% (19/40),67% (50/75),55% (6/11),19,38,21,10,0,0,83% (10/12),2,0.02,0.02
Coppa Italia,1/32 finale,17.08.2025,Cesena,Pisa,1° tempo,Casa,Cesena,tnGCZYMt,0.15,52%,3,1,0,0,1.0,87% (251/288),,0.01,2,0,1,2,0,,4,0,1,6,0.25,9,55% (18/33),79% (67/85),13% (1/8),8,16,3,5,0,0,67% (4/6),0,0.0,0.0
Coppa Italia,1/32 finale,17.08.2025,Cesena,Pisa,1° tempo,Ospite,Pisa,tnGCZYMt,0.19,48%,3,0,0,0,1.0,87% (225/260),,0.0,2,1,3,0,0,,8,0,1,8,0.39,7,57% (8/14),69% (34/49),67% (4/6),6,19,9,5,0,0,75% (3/4),1,0.01,0.01
Coppa Italia,1/32 finale,17.08.2025,Cesena,Pisa,2° tempo,Casa,Cesena,tnGCZYMt,0.8,50%,13,1,0,3,1.0,80% (168/209),0.0,0.01,9,3,6,7,1,,12,0,1,13,0.81,16,50% (15/30),71% (56/79),46% (6/13),5,31,6,6,0,0,50% (3/6),1,0.31,0.31
Coppa Italia,1/32 finale,17.08.2025,Cesena,Pisa,2° tempo,Ospite,Pisa,tnGCZYMt,0.32,50%,2,1,1,0,4.0,82% (180/220),1.0,0.31,1,0,2,0,0,,3,0,0,5,0.16,7,42% (11/26),62% (16/26),40% (2/5),13,19,12,5,0,0,88% (7/8),1,0.01,0.01
Coppa Italia,1/32 finale,17.08.2025,Milan,Bari,Totale,Casa,Milan,dOsfHi7C,2.42,65%,24,5,2,12,1.0,92% (604/653),,1.94,8,11,12,12,1,1.0,58,0,2,6,1.98,18,76% (28/37),86% (196/229),36% (9/25),14,40,4,5,0,0,50% (9/18),1,0.13,0.13
Coppa Italia,1/32 finale,17.08.2025,Milan,Bari,Totale,Ospite,Bari,dOsfHi7C,0.28,35%,6,1,0,1,0.0,84% (299/357),,0.13,5,0,1,5,0,0.0,6,0,2,14,0.25,9,37% (17/46),60% (32/53),17% (1/6),6,39,26,7,0,0,83% (10/12),3,1.94,-0.06
Coppa Italia,1/32 finale,17.08.2025,Milan,Bari,1° tempo,Casa,Milan,dOsfHi7C,1.27,66%,13,3,1,8,1.0,92% (277/302),,1.05,6,4,6,7,1,1.0,28,0,2,4,0.87,13,78% (14/18),83% (77/93),31% (4/13),4,23,2,3,0,0,33% (3/9),1,0.13,0.13
Coppa Italia,1/32 finale,17.08.2025,Milan,Bari,1° tempo,Ospite,Bari,dOsfHi7C,0.09,34%,3,1,0,1,0.0,80% (124/155),,0.13,2,0,0,3,0,0.0,3,0,2,4,0.03,6,23% (6/26),54% (14/26),33% (1/3),4,17,13,2,0,0,83% (5/6),2,1.05,0.05
Coppa Italia,1/32 finale,17.08.2025,Milan,Bari,2° tempo,Casa,Milan,dOsfHi7C,1.15,64%,11,2,1,4,,93% (327/351),,0.89,2,7,6,5,0,,30,0,0,2,1.11,5,74% (14/19),88% (119/136),42% (5/12),10,17,2,2,0,0,67% (6/9),0,0.0,0.0
Coppa Italia,1/32 finale,17.08.2025,Milan,Bari,2° tempo,Ospite,Bari,dOsfHi7C,0.19,36%,3,0,0,0,,87% (175/202),,0.0,3,0,1,2,0,,3,0,0,10,0.22,3,55% (11/20),67% (18/27),0% (0/3),2,22,13,5,0,0,83% (5/6),1,0.89,-0.11
Coppa Italia,1/32 finale,18.08.2025,Audace Cerignola,Verona,Totale,Casa,Audace Cerignola,xp8sStuo,0.87,50%,14,5,0,4,4.0,78% (273/350),,0.42,7,2,8,6,0,,14,1,0,16,0.92,26,65% (37/57),65% (85/131),12% (2/17),16,67,36,11,0,0,61% (14/23),7,0.71,-0.29
Coppa Italia,1/32 finale,18.08.2025,Audace Cerignola,Verona,Totale,Ospite,Verona,xp8sStuo,0.87,50%,14,5,0,4,2.0,78% (273/350),,0.42,7,2,8,6,0,,14,1,0,16,0.92,26,65% (37/57),65% (85/131),12% (2/17),16,67,36,11,0,0,61% (14/23),7,0.71,-0.29
Coppa Italia,1/32 finale,18.08.2025,Audace Cerignola,Verona,1° tempo,Casa,Audace Cerignola,xp8sStuo,0.37,50%,7,2,0,2,1.0,81% (148/183),,0.05,5,0,5,2,0,,9,0,0,7,0.21,14,74% (23/31),69% (37/54),20% (2/10),7,27,13,7,0,0,82% (9/11),5,0.51,0.51
Coppa Italia,1/32 finale,18.08.2025,Audace Cerignola,Verona,1° tempo,Ospite,Verona,xp8sStuo,0.37,50%,7,2,0,2,0.0,81% (148/183),,0.05,5,0,5,2,0,,9,0,0,7,0.21,14,74% (23/31),69% (37/54),20% (2/10),7,27,13,7,0,0,82% (9/11),5,0.51,0.51
Coppa Italia,1/32 finale,18.08.2025,Audace Cerignola,Verona,2° tempo,Casa,Audace Cerignola,xp8sStuo,0.5,50%,7,3,0,2,3.0,75% (125/167),,0.37,2,2,3,4,0,,5,1,0,9,0.71,12,54% (14/26),62% (48/77),0% (0/7),9,40,23,4,0,0,42% (5/12),2,0.2,-0.8
Coppa Italia,1/32 finale,18.08.2025,Audace Cerignola,Verona,2° tempo,Ospite,Verona,xp8sStuo,0.5,50%,7,3,0,2,2.0,75% (125/167),,0.37,2,2,3,4,0,,5,1,0,9,0.71,12,54% (14/26),62% (48/77),0% (0/7),9,40,23,4,0,0,42% (5/12),2,0.2,-0.8
Coppa Italia,1/32 finale,18.08.2025,Spezia,Sampdoria,Totale,Casa,Spezia,Cfv3JMWr,1.61,50%,12,5,3,6,0.0,78% (240/309),,1.1,5,2,6,6,0,1.0,11,0,1,21,0.55,25,53% (31/59),65% (66/102),6% (1/17),18,50,22,9,0,0,40% (4/10),1,0.39,-0.61
Coppa Italia,1/32 finale,18.08.2025,Spezia,Sampdoria,Totale,Ospite,Sampdoria,Cfv3JMWr,0.51,50%,4,2,1,1,3.0,74% (227/307),,0.39,2,0,4,0,0,0.0,13,0,5,18,0.77,23,52% (32/61),62% (55/89),10% (1/10),21,57,27,4,0,0,45% (9/20),3,1.1,0.1
Coppa Italia,1/32 finale,18.08.2025,Spezia,Sampdoria,1° tempo,Casa,Spezia,Cfv3JMWr,0.5,51%,5,2,1,3,0.0,77% (118/154),,0.92,2,1,2,3,0,1.0,3,0,1,9,0.17,12,49% (17/35),66% (38/58),10% (1/10),10,24,10,7,0,0,40% (2/5),0,0.27,-0.73
Coppa Italia,1/32 finale,18.08.2025,Spezia,Sampdoria,1° tempo,Ospite,Sampdoria,Cfv3JMWr,0.43,49%,2,1,1,0,2.0,72% (109/152),,0.27,1,0,2,0,0,0.0,4,0,2,10,0.25,17,60% (18/30),60% (21/35),0% (0/7),9,33,18,1,0,0,58% (7/12),1,0.92,-0.08
Coppa Italia,1/32 finale,18.08.2025,Spezia,Sampdoria,2° tempo,Casa,Spezia,Cfv3JMWr,1.11,50%,7,3,2,3,0.0,79% (122/155),,0.18,3,1,4,3,0,,8,0,0,12,0.38,13,58% (14/24),64% (28/44),0% (0/7),8,26,12,2,0,0,40% (2/5),1,0.12,0.12
Coppa Italia,1/32 finale,18.08.2025,Spezia,Sampdoria,2° tempo,Ospite,Sampdoria,Cfv3JMWr,0.08,50%,2,1,0,1,1.0,76% (118/155),,0.12,1,0,2,0,0,,9,0,3,8,0.52,6,45% (14/31),63% (34/54),33% (1/3),12,24,9,3,0,0,25% (2/8),2,0.18,0.18
Coppa Italia,1/32 finale,18.08.2025,Udinese,Carrarese,Totale,Casa,Udinese,MPaOQ4v9,2.07,58%,21,10,2,3,1.0,90% (465/517),,2.73,5,6,12,9,1,,29,0,2,13,0.79,17,72% (28/39),83% (138/166),20% (3/15),12,53,18,5,1,0,50% (7/14),2,0.68,0.68
Coppa Italia,1/32 finale,18.08.2025,Udinese,Carrarese,Totale,Ospite,Carrarese,MPaOQ4v9,0.57,42%,9,2,1,5,1.0,86% (318/370),,0.68,5,2,6,3,0,,13,0,2,12,0.38,20,58% (35/60),71% (41/58),29% (5/17),13,34,14,7,1,1,54% (7/13),7,2.73,0.73
Coppa Italia,1/32 finale,18.08.2025,Udinese,Carrarese,1° tempo,Casa,Udinese,MPaOQ4v9,0.99,52%,8,3,1,1,0.0,90% (217/241),,0.83,3,2,3,5,0,,9,0,0,6,0.24,6,80% (16/20),78% (51/65),20% (2/10),7,29,12,2,0,0,50% (4/8),0,0.0,0.0
Coppa Italia,1/32 finale,18.08.2025,Udinese,Carrarese,1° tempo,Ospite,Carrarese,MPaOQ4v9,0.12,48%,2,0,0,3,1.0,88% (191/217),,0.0,2,0,1,1,0,,4,0,2,7,0.14,11,62% (18/29),71% (22/31),20% (2/10),6,17,7,4,1,1,33% (2/6),2,0.83,-0.17
Coppa Italia,1/32 finale,18.08.2025,Udinese,Carrarese,2° tempo,Casa,Udinese,MPaOQ4v9,1.08,64%,13,7,1,2,1.0,90% (248/276),,1.9,2,4,9,4,1,,20,0,2,7,0.55,11,63% (12/19),86% (87/101),20% (1/5),5,24,6,3,1,0,50% (3/6),2,0.68,0.68
Coppa Italia,1/32 finale,18.08.2025,Udinese,Carrarese,2° tempo,Ospite,Carrarese,MPaOQ4v9,0.45,36%,7,2,1,2,0.0,83% (127/153),,0.68,3,2,5,2,0,,9,0,0,5,0.24,9,55% (17/31),70% (19/27),43% (3/7),7,17,7,3,0,0,71% (5/7),5,1.9,0.9
Coppa Italia,1/32 finale,18.08.2025,Torino,Modena,Totale,Casa,Torino,drE6wrOE,0.38,58%,7,3,1,4,3.0,86% (398/465),,0.56,3,1,2,5,0,,15,0,0,9,0.7,17,52% (30/58),68% (65/95),40% (6/15),16,51,27,7,0,0,88% (7/8),4,0.81,0.81
Coppa Italia,1/32 finale,18.08.2025,Torino,Modena,Totale,Ospite,Modena,drE6wrOE,0.45,42%,11,4,0,7,0.0,82% (274/334),,0.81,4,3,8,3,1,,20,0,2,16,0.22,21,47% (24/51),60% (56/93),12% (2/17),9,39,20,10,0,0,50% (6/12),2,0.56,-0.44
Coppa Italia,1/32 finale,18.08.2025,Torino,Modena,1° tempo,Casa,Torino,drE6wrOE,0.07,50%,3,0,0,2,,81% (157/193),,0.0,2,1,1,2,0,,3,0,0,4,0.15,6,47% (15/32),55% (18/33),25% (1/4),8,19,12,3,0,0,67% (2/3),4,0.81,0.81
Coppa Italia,1/32 finale,18.08.2025,Torino,Modena,1° tempo,Ospite,Modena,drE6wrOE,0.26,50%,8,4,0,6,,84% (155/184),,0.81,2,2,5,3,1,,13,0,2,8,0.15,11,56% (15/27),58% (28/48),15% (2/13),4,18,7,4,0,0,33% (1/3),0,0.0,0.0
Coppa Italia,1/32 finale,18.08.2025,Torino,Modena,2° tempo,Casa,Torino,drE6wrOE,0.31,65%,4,3,1,2,3.0,89% (241/272),,0.56,1,0,1,3,0,,12,0,0,5,0.55,11,58% (15/26),76% (47/62),45% (5/11),8,32,15,4,0,0,100% (5/5),0,0.0,0.0
Coppa Italia,1/32 finale,18.08.2025,Torino,Modena,2° tempo,Ospite,Modena,drE6wrOE,0.19,35%,3,0,0,1,0.0,79% (119/150),,0.0,2,1,3,0,0,,7,0,0,8,0.07,10,38% (9/24),62% (28/45),0% (0/4),5,21,13,6,0,0,56% (5/9),2,0.56,-0.44
Coppa Italia,1/16 finale,23.09.2025,Cagliari,Frosinone,Totale,Casa,Cagliari,Ays5Z1Hl,2.16,48%,16,8,4,5,0.0,79% (324/410),,2.86,4,4,13,3,0,,27,1,0,11,1.29,22,37% (19/52),67% (50/75),63% (5/8),12,38,27,5,2,0,62% (8/13),1,1.11,0.11
Coppa Italia,1/16 finale,23.09.2025,Cagliari,Frosinone,Totale,Ospite,Frosinone,Ays5Z1Hl,1.87,52%,13,3,3,4,2.0,83% (352/424),,1.11,7,3,11,2,1,,30,1,2,12,0.7,20,51% (25/49),63% (68/108),23% (6/26),11,49,5,13,0,1,76% (16/21),4,2.86,-1.14
Coppa Italia,1/16 finale,23.09.2025,Cagliari,Frosinone,1° tempo,Casa,Cagliari,Ays5Z1Hl,1.14,48%,4,1,2,1,0.0,80% (156/194),,0.85,2,1,4,0,0,,10,1,0,7,0.53,14,42% (13/31),64% (18/28),50% (2/4),7,20,18,0,2,0,57% (4/7),1,1.11,0.11
Coppa Italia,1/16 finale,23.09.2025,Cagliari,Frosinone,1° tempo,Ospite,Frosinone,Ays5Z1Hl,1.61,52%,10,3,3,3,1.0,79% (162/204),,1.11,5,2,8,2,1,,22,0,1,7,0.4,13,55% (16/29),55% (30/55),25% (3/12),7,28,2,5,0,0,80% (8/10),0,0.85,-0.15
Coppa Italia,1/16 finale,23.09.2025,Cagliari,Frosinone,2° tempo,Casa,Cagliari,Ays5Z1Hl,1.02,49%,12,7,2,4,0.0,78% (168/216),,2.01,2,3,9,3,0,,17,0,0,4,0.76,8,29% (6/21),68% (32/47),75% (3/4),5,18,9,5,0,0,67% (4/6),0,0.0,0.0
Coppa Italia,1/16 finale,23.09.2025,Cagliari,Frosinone,2° tempo,Ospite,Frosinone,Ays5Z1Hl,0.26,51%,3,0,0,1,1.0,86% (190/220),,0.0,2,1,3,0,0,,8,1,1,5,0.3,7,45% (9/20),72% (38/53),21% (3/14),4,21,3,8,0,1,73% (8/11),4,2.01,-0.99
Coppa Italia,1/16 finale,23.09.2025,Udinese,Palermo,Totale,Casa,Udinese,EuYVB1Pb,1.34,51%,13,10,4,3,1.0,84% (366/436),,2.81,2,1,9,4,0,1.0,29,1,0,12,1.45,16,48% (27/56),70% (71/102),8% (1/13),14,48,33,10,2,0,64% (7/11),3,1.57,0.57
Coppa Italia,1/16 finale,23.09.2025,Udinese,Palermo,Totale,Ospite,Palermo,EuYVB1Pb,1.15,49%,13,4,2,9,0.0,80% (328/410),,1.57,3,6,9,4,0,1.0,19,0,3,14,0.7,19,36% (19/53),58% (47/81),35% (7/20),12,47,19,8,1,1,38% (6/16),8,2.81,0.81
Coppa Italia,1/16 finale,23.09.2025,Udinese,Palermo,1° tempo,Casa,Udinese,EuYVB1Pb,0.99,53%,7,6,3,1,1.0,83% (175/212),,2.25,1,0,5,2,0,1.0,11,1,0,4,0.77,11,40% (10/25),69% (29/42),14% (1/7),7,22,14,6,2,0,57% (4/7),3,0.66,0.66
Coppa Italia,1/16 finale,23.09.2025,Udinese,Palermo,1° tempo,Ospite,Palermo,EuYVB1Pb,0.78,47%,9,3,1,5,0.0,78% (147/188),,0.66,2,4,6,3,0,0.0,13,0,2,7,0.44,9,37% (10/27),45% (17/38),57% (4/7),4,21,9,4,0,1,50% (3/6),4,2.25,0.25
Coppa Italia,1/16 finale,23.09.2025,Udinese,Palermo,2° tempo,Casa,Udinese,EuYVB1Pb,0.35,49%,6,4,1,2,,85% (191/224),,0.56,1,1,4,2,0,0.0,18,0,0,8,0.68,5,55% (17/31),70% (42/60),0% (0/6),7,26,19,4,0,0,75% (3/4),0,0.91,-0.09
Coppa Italia,1/16 finale,23.09.2025,Udinese,Palermo,2° tempo,Ospite,Palermo,EuYVB1Pb,0.37,51%,4,1,1,4,,82% (181/222),,0.91,1,2,3,1,0,1.0,6,0,1,7,0.26,10,35% (9/26),70% (30/43),23% (3/13),8,26,10,4,1,0,30% (3/10),4,0.56,0.56
Coppa Italia,1/16 finale,23.09.2025,Milan,Lecce,Totale,Casa,Milan,fV3kxprh,4.85,77%,24,10,10,12,2.0,94% (691/734),0.0,3.49,11,3,18,6,4,,36,3,1,8,3.37,12,84% (37/44),88% (180/204),38% (10/26),11,36,7,6,0,0,60% (6/10),1,0.42,0.42
Coppa Italia,1/16 finale,23.09.2025,Milan,Lecce,Totale,Ospite,Lecce,fV3kxprh,0.17,23%,2,1,0,2,1.0,80% (179/224),1.0,0.42,1,0,1,1,0,,3,0,1,11,0.05,16,40% (16/40),40% (8/20),25% (1/4),8,32,23,7,1,0,56% (5/9),6,3.49,0.49
Coppa Italia,1/16 finale,23.09.2025,Milan,Lecce,1° tempo,Casa,Milan,fV3kxprh,3.57,75%,14,5,7,5,1.0,93% (336/360),0.0,1.5,6,3,10,4,3,,19,3,0,6,2.67,9,79% (22/28),83% (79/95),46% (6/13),3,18,5,4,0,0,67% (2/3),0,0.0,0.0
Coppa Italia,1/16 finale,23.09.2025,Milan,Lecce,1° tempo,Ospite,Lecce,fV3kxprh,0.0,25%,0,0,0,0,1.0,75% (89/119),1.0,0.0,0,0,0,0,0,,0,0,0,3,0.02,8,35% (8/23),40% (6/15),0% (0/2),6,12,12,4,1,0,50% (2/4),3,1.5,0.5
Coppa Italia,1/16 finale,23.09.2025,Milan,Lecce,2° tempo,Casa,Milan,fV3kxprh,1.28,78%,10,5,3,7,1.0,95% (355/374),,1.99,5,0,8,2,1,,17,0,1,2,0.7,3,94% (15/16),93% (101/109),31% (4/13),8,18,2,2,0,0,57% (4/7),1,0.42,0.42
Coppa Italia,1/16 finale,23.09.2025,Milan,Lecce,2° tempo,Ospite,Lecce,fV3kxprh,0.17,22%,2,1,0,2,0.0,86% (90/105),,0.42,1,0,1,1,0,,3,0,1,8,0.03,8,47% (8/17),40% (2/5),50% (1/2),2,20,11,3,0,0,60% (3/5),3,1.99,-0.01
Coppa Italia,1/16 finale,24.09.2025,Parma,Spezia,Totale,Casa,Parma,QXUOBVlg,0.75,44%,14,8,1,4,0.0,87% (352/406),1.0,1.51,3,3,6,8,0,1.0,16,0,1,9,0.75,12,63% (32/51),76% (81/107),15% (2/13),17,34,29,5,0,0,88% (7/8),3,1.63,-0.37
Coppa Italia,1/16 finale,24.09.2025,Parma,Spezia,Totale,Ospite,Spezia,QXUOBVlg,1.13,56%,10,5,2,3,1.0,85% (442/519),0.0,1.63,2,3,7,3,0,0.0,13,0,1,17,0.56,19,35% (17/48),63% (71/113),10% (2/20),9,52,16,3,0,0,65% (11/17),6,1.51,-0.49
Coppa Italia,1/16 finale,24.09.2025,Parma,Spezia,1° tempo,Casa,Parma,QXUOBVlg,0.55,51%,9,5,1,4,0.0,89% (220/248),,1.35,1,3,4,5,0,1.0,11,0,1,5,0.61,3,71% (22/31),73% (44/60),11% (1/9),4,13,8,4,0,0,100% (2/2),0,0.75,-0.25
Coppa Italia,1/16 finale,24.09.2025,Parma,Spezia,1° tempo,Ospite,Spezia,QXUOBVlg,0.59,49%,2,1,1,1,1.0,84% (207/245),,0.75,0,1,1,1,0,0.0,4,0,0,4,0.07,6,35% (9/26),58% (26/45),0% (0/8),5,20,11,1,0,0,63% (5/8),3,1.35,-0.65
Coppa Italia,1/16 finale,24.09.2025,Parma,Spezia,2° tempo,Casa,Parma,QXUOBVlg,0.2,36%,5,3,0,0,,84% (132/158),1.0,0.16,2,0,2,3,0,,5,0,0,4,0.14,9,50% (10/20),79% (37/47),25% (1/4),13,21,21,1,0,0,83% (5/6),3,0.88,-0.12
Coppa Italia,1/16 finale,24.09.2025,Parma,Spezia,2° tempo,Ospite,Spezia,QXUOBVlg,0.54,64%,8,4,1,2,,86% (235/274),0.0,0.88,2,2,6,2,0,,9,0,1,13,0.49,13,36% (8/22),66% (45/68),17% (2/12),4,32,5,2,0,0,67% (6/9),3,0.16,0.16
Coppa Italia,1/16 finale,24.09.2025,Verona,Venezia,Totale,Casa,Verona,hj7GkWE7,0.37,38%,11,1,0,5,2.0,79% (238/300),,0.01,7,3,7,4,0,,21,0,1,8,0.71,21,56% (25/45),61% (55/90),32% (6/19),29,37,20,18,0,0,64% (7/11),2,0.91,0.91
Coppa Italia,1/16 finale,24.09.2025,Verona,Venezia,Totale,Ospite,Venezia,hj7GkWE7,0.42,62%,8,2,0,6,3.0,85% (423/495),,0.91,4,2,6,2,1,,12,0,1,29,0.26,18,63% (36/57),68% (53/78),24% (4/17),8,67,23,7,0,0,50% (6/12),1,0.01,0.01
Coppa Italia,1/16 finale,24.09.2025,Verona,Venezia,1° tempo,Casa,Verona,hj7GkWE7,0.15,36%,5,1,0,2,2.0,80% (119/148),,0.01,3,1,4,1,0,,11,0,1,2,0.27,11,52% (11/21),57% (23/40),29% (2/7),14,13,12,11,0,0,67% (4/6),1,0.67,0.67
Coppa Italia,1/16 finale,24.09.2025,Verona,Venezia,1° tempo,Ospite,Venezia,hj7GkWE7,0.13,64%,1,1,0,5,0.0,86% (230/267),,0.67,0,0,1,0,0,,4,0,1,14,0.05,12,62% (16/26),58% (18/31),13% (1/8),2,27,14,5,0,0,25% (1/4),1,0.01,0.01
Coppa Italia,1/16 finale,24.09.2025,Verona,Venezia,2° tempo,Casa,Verona,hj7GkWE7,0.22,41%,6,0,0,3,0.0,78% (119/152),,0.0,4,2,3,3,0,,10,0,0,6,0.44,10,58% (14/24),64% (32/50),33% (4/12),15,24,8,7,0,0,60% (3/5),1,0.24,0.24
Coppa Italia,1/16 finale,24.09.2025,Verona,Venezia,2° tempo,Ospite,Venezia,hj7GkWE7,0.29,59%,7,1,0,1,3.0,85% (193/228),,0.24,4,2,5,2,1,,8,0,0,15,0.21,6,65% (20/31),74% (35/47),33% (3/9),6,40,9,2,0,0,63% (5/8),0,0.0,0.0
Coppa Italia,1/16 finale,24.09.2025,Como,Sassuolo,Totale,Casa,Como,lErvz9EE,1.81,71%,14,7,5,6,1.0,89% (598/671),,3.16,5,2,11,3,0,1.0,27,1,1,20,1.0,17,53% (19/36),72% (98/136),26% (6/23),6,62,12,6,0,0,48% (10/21),3,1.23,1.23
Coppa Italia,1/16 finale,24.09.2025,Como,Sassuolo,Totale,Ospite,Sassuolo,lErvz9EE,0.57,29%,8,3,0,5,2.0,71% (193/272),,1.23,2,3,4,4,0,0.0,9,0,3,6,0.45,16,39% (18/46),44% (22/50),25% (2/8),20,39,16,13,0,2,50% (10/20),4,3.16,0.16
Coppa Italia,1/16 finale,24.09.2025,Como,Sassuolo,1° tempo,Casa,Como,lErvz9EE,1.4,63%,8,5,4,3,1.0,83% (212/254),,2.29,2,1,7,1,0,1.0,14,1,0,14,0.65,7,47% (9/19),56% (31/55),25% (2/8),4,38,5,3,0,0,62% (8/13),0,0.0,0.0
Coppa Italia,1/16 finale,24.09.2025,Como,Sassuolo,1° tempo,Ospite,Sassuolo,lErvz9EE,0.06,37%,2,0,0,1,2.0,71% (110/154),,0.0,1,1,1,1,0,0.0,1,0,2,4,0.02,8,46% (13/28),36% (8/22),0% (0/2),14,21,6,5,0,2,55% (6/11),2,2.29,-0.71
Coppa Italia,1/16 finale,24.09.2025,Como,Sassuolo,2° tempo,Casa,Como,lErvz9EE,0.41,77%,6,2,1,3,,93% (386/417),,0.87,3,1,4,2,0,,13,0,1,6,0.35,10,59% (10/17),83% (67/81),27% (4/15),2,24,7,3,0,0,25% (2/8),3,1.23,1.23
Coppa Italia,1/16 finale,24.09.2025,Como,Sassuolo,2° tempo,Ospite,Sassuolo,lErvz9EE,0.51,23%,6,3,0,4,,70% (83/118),,1.23,1,2,3,3,0,,8,0,1,2,0.43,8,28% (5/18),50% (14/28),33% (2/6),6,18,10,8,0,0,44% (4/9),2,0.87,0.87
Coppa Italia,1/16 finale,25.09.2025,Genoa,Empoli,Totale,Casa,Genoa,4np6ac7T,1.8,56%,18,5,3,5,,84% (417/495),,2.92,10,3,7,11,0,1.0,19,2,0,18,1.84,11,53% (25/47),72% (86/119),29% (4/14),12,59,18,10,0,0,65% (11/17),2,0.47,-0.53
Coppa Italia,1/16 finale,25.09.2025,Genoa,Empoli,Totale,Ospite,Empoli,4np6ac7T,0.97,44%,10,3,2,3,,76% (286/377),,0.47,6,1,6,4,0,0.0,12,0,0,12,0.63,19,29% (14/49),54% (31/57),29% (4/14),18,45,26,6,0,1,69% (11/16),3,2.92,-0.08
Coppa Italia,1/16 finale,25.09.2025,Genoa,Empoli,1° tempo,Casa,Genoa,4np6ac7T,0.7,54%,12,2,1,2,,82% (194/237),,0.68,7,3,4,8,0,,9,2,0,6,0.77,6,50% (11/22),71% (51/72),20% (1/5),4,28,7,3,0,0,75% (6/8),2,0.47,-0.53
Coppa Italia,1/16 finale,25.09.2025,Genoa,Empoli,1° tempo,Ospite,Empoli,4np6ac7T,0.87,46%,7,3,2,2,,77% (153/200),,0.47,3,1,5,2,0,,6,0,0,4,0.53,10,38% (11/29),65% (17/26),20% (2/10),6,19,14,2,0,0,50% (2/4),1,0.68,-0.32
Coppa Italia,1/16 finale,25.09.2025,Genoa,Empoli,2° tempo,Casa,Genoa,4np6ac7T,1.1,59%,6,3,2,3,,86% (223/258),,2.24,3,0,3,3,0,1.0,10,0,0,12,1.07,5,56% (14/25),74% (35/47),33% (3/9),8,31,11,7,0,0,56% (5/9),0,0.0,0.0
Coppa Italia,1/16 finale,25.09.2025,Genoa,Empoli,2° tempo,Ospite,Empoli,4np6ac7T,0.1,41%,3,0,0,1,,75% (133/177),,0.0,3,0,1,2,0,0.0,6,0,0,8,0.1,9,15% (3/20),45% (14/31),50% (2/4),12,26,12,4,0,1,75% (9/12),2,2.24,0.24
Coppa Italia,1/16 finale,25.09.2025,Torino,Pisa,Totale,Casa,Torino,niTbgBVh,1.99,52%,22,4,4,12,2.0,83% (322/387),0.0,1.51,7,11,14,8,0,1.0,29,0,3,13,1.01,14,54% (28/52),73% (67/92),33% (8/24),18,44,24,5,0,0,71% (10/14),1,0.65,0.65
Coppa Italia,1/16 finale,25.09.2025,Torino,Pisa,Totale,Ospite,Pisa,niTbgBVh,0.31,48%,4,1,0,3,2.0,80% (302/377),1.0,0.65,1,2,3,1,0,0.0,9,0,4,18,0.25,16,35% (18/51),49% (32/65),20% (2/10),13,57,29,3,0,0,58% (11/19),3,1.51,0.51
Coppa Italia,1/16 finale,25.09.2025,Torino,Pisa,1° tempo,Casa,Torino,niTbgBVh,0.84,45%,10,2,2,4,1.0,82% (148/181),,1.05,4,4,5,5,0,1.0,8,0,2,6,0.36,9,50% (11/22),68% (30/44),25% (3/12),10,25,9,5,0,0,43% (3/7),0,0.0,0.0
Coppa Italia,1/16 finale,25.09.2025,Torino,Pisa,1° tempo,Ospite,Pisa,niTbgBVh,0.02,55%,1,0,0,1,2.0,84% (195/233),,0.0,1,0,1,0,0,0.0,2,0,1,10,0.06,5,27% (6/22),46% (11/24),20% (1/5),6,30,17,0,0,0,60% (6/10),1,1.05,0.05
Coppa Italia,1/16 finale,25.09.2025,Torino,Pisa,2° tempo,Casa,Torino,niTbgBVh,1.15,60%,12,2,2,8,1.0,84% (174/206),0.0,0.46,3,7,9,3,0,,21,0,1,7,0.65,5,57% (17/30),77% (37/48),42% (5/12),8,19,15,0,0,0,100% (7/7),1,0.65,0.65
Coppa Italia,1/16 finale,25.09.2025,Torino,Pisa,2° tempo,Ospite,Pisa,niTbgBVh,0.29,40%,3,1,0,2,0.0,74% (107/144),1.0,0.65,0,2,2,1,0,,7,0,3,8,0.19,11,41% (12/29),51% (21/41),20% (1/5),7,27,12,3,0,0,56% (5/9),2,0.46,0.46
Coppa Italia,1/8 finale,02.12.2025,Juventus,Udinese,Totale,Casa,Juventus,nofsDllf,1.28,60%,10,2,1,8,0.0,89% (500/562),,1.05,3,5,8,2,0,,30,2,2,11,0.79,15,62% (29/47),84% (144/172),12% (2/17),10,34,8,8,0,0,64% (9/14),0,0.0,0.0
Coppa Italia,1/8 finale,02.12.2025,Juventus,Udinese,Totale,Ospite,Udinese,nofsDllf,0.09,40%,4,0,0,1,1.0,89% (341/385),,0.0,3,1,0,4,0,,3,0,2,10,0.14,14,60% (25/42),82% (61/74),25% (2/8),11,40,21,14,1,0,36% (4/11),1,1.05,0.05
Coppa Italia,1/8 finale,02.12.2025,Juventus,Udinese,1° tempo,Casa,Juventus,nofsDllf,0.26,57%,5,1,0,5,,90% (273/302),,0.12,1,3,4,1,0,,14,1,1,3,0.41,8,65% (13/20),84% (73/87),8% (1/13),7,14,2,2,0,0,67% (6/9),0,0.0,0.0
Coppa Italia,1/8 finale,02.12.2025,Juventus,Udinese,1° tempo,Ospite,Udinese,nofsDllf,0.0,43%,0,0,0,0,,90% (207/230),,0.0,0,0,0,0,0,,0,0,1,7,0.05,5,58% (14/24),83% (24/29),0% (0/2),3,24,16,7,1,0,57% (4/7),1,0.12,0.12
Coppa Italia,1/8 finale,02.12.2025,Juventus,Udinese,2° tempo,Casa,Juventus,nofsDllf,1.02,62%,5,1,1,3,0.0,87% (227/260),,0.93,2,2,4,1,0,,16,1,1,8,0.38,7,59% (16/27),84% (71/85),25% (1/4),3,20,6,6,0,0,60% (3/5),0,0.0,0.0
Coppa Italia,1/8 finale,02.12.2025,Juventus,Udinese,2° tempo,Ospite,Udinese,nofsDllf,0.09,38%,4,0,0,1,1.0,86% (134/155),,0.0,3,1,0,4,0,,3,0,1,3,0.09,9,61% (11/18),82% (37/45),33% (2/6),8,16,5,7,0,0,0% (0/4),0,0.93,-0.07
Coppa Italia,1/8 finale,03.12.2025,Atalanta,Genoa,Totale,Casa,Atalanta,nT4jpxVs,3.04,66%,22,7,6,8,,88% (505/573),0.0,2.74,11,4,17,5,2,2.0,46,2,2,9,1.81,18,50% (17/34),79% (127/160),29% (8/28),14,41,12,7,0,0,53% (10/19),2,0.02,0.02
Coppa Italia,1/8 finale,03.12.2025,Atalanta,Genoa,Totale,Ospite,Genoa,nT4jpxVs,0.18,34%,4,1,0,4,,72% (215/300),1.0,0.02,2,1,3,1,0,0.0,11,0,0,14,0.44,18,31% (21/67),40% (21/53),38% (3/8),9,48,29,10,1,0,65% (13/20),3,2.74,-1.26
Coppa Italia,1/8 finale,03.12.2025,Atalanta,Genoa,1° tempo,Casa,Atalanta,nT4jpxVs,1.24,62%,9,2,2,5,,87% (227/262),0.0,0.74,5,2,7,2,2,1.0,23,1,1,5,0.74,10,52% (11/21),73% (41/56),31% (5/16),7,23,6,5,0,0,67% (6/9),2,0.02,0.02
Coppa Italia,1/8 finale,03.12.2025,Atalanta,Genoa,1° tempo,Ospite,Genoa,nT4jpxVs,0.04,38%,1,1,0,1,,74% (124/168),1.0,0.02,0,0,1,0,0,0.0,6,0,0,7,0.35,11,40% (12/30),45% (17/38),50% (2/4),5,29,15,1,0,0,45% (5/11),1,0.74,-0.26
Coppa Italia,1/8 finale,03.12.2025,Atalanta,Genoa,2° tempo,Casa,Atalanta,nT4jpxVs,1.8,70%,13,5,4,3,,89% (278/311),,2.0,6,2,10,3,0,1.0,23,1,1,4,1.07,8,46% (6/13),83% (86/104),25% (3/12),7,18,6,2,0,0,40% (4/10),0,0.0,0.0
Coppa Italia,1/8 finale,03.12.2025,Atalanta,Genoa,2° tempo,Ospite,Genoa,nT4jpxVs,0.14,30%,3,0,0,3,,69% (91/132),,0.0,2,1,2,1,0,0.0,5,0,0,7,0.09,7,24% (9/37),27% (4/15),25% (1/4),4,19,14,9,1,0,89% (8/9),2,2.0,-1.0
Coppa Italia,1/8 finale,03.12.2025,Napoli,Cagliari,Totale,Casa,Napoli,lAhdI8Q7,0.95,62%,11,4,1,6,0.0,90% (549/610),,1.91,4,3,7,4,0,1.0,24,0,1,13,1.33,27,59% (19/32),74% (95/128),11% (3/27),9,42,11,8,0,0,44% (7/16),0,0.8,-0.2
Coppa Italia,1/8 finale,03.12.2025,Napoli,Cagliari,Totale,Ospite,Cagliari,lAhdI8Q7,0.69,38%,7,1,2,3,2.0,83% (306/369),,0.8,4,2,4,3,0,0.0,14,0,1,9,0.28,9,59% (23/39),70% (54/77),20% (3/15),13,44,32,11,1,0,67% (12/18),3,1.91,0.91
Coppa Italia,1/8 finale,03.12.2025,Napoli,Cagliari,1° tempo,Casa,Napoli,lAhdI8Q7,0.46,60%,5,1,1,4,0.0,90% (265/295),,0.79,1,3,3,2,0,1.0,11,0,1,8,0.46,14,75% (12/16),70% (40/57),13% (2/15),4,23,6,5,0,0,44% (4/9),0,0.0,0.0
Coppa Italia,1/8 finale,03.12.2025,Napoli,Cagliari,1° tempo,Ospite,Cagliari,lAhdI8Q7,0.03,40%,1,0,0,1,1.0,86% (171/199),,0.0,1,0,0,1,0,0.0,2,0,1,4,0.05,5,56% (10/18),78% (21/27),0% (0/6),8,23,23,7,0,0,82% (9/11),0,0.79,-0.21
Coppa Italia,1/8 finale,03.12.2025,Napoli,Cagliari,2° tempo,Casa,Napoli,lAhdI8Q7,0.49,64%,6,3,0,2,0.0,90% (284/315),,1.12,3,0,4,2,0,,13,0,0,5,0.87,13,44% (7/16),77% (55/71),8% (1/12),5,19,5,3,0,0,43% (3/7),0,0.8,-0.2
Coppa Italia,1/8 finale,03.12.2025,Napoli,Cagliari,2° tempo,Ospite,Cagliari,lAhdI8Q7,0.66,36%,6,1,2,2,1.0,79% (135/170),,0.8,3,2,4,2,0,,12,0,0,5,0.23,4,62% (13/21),66% (33/50),33% (3/9),5,21,9,4,1,0,43% (3/7),3,1.12,1.12
Coppa Italia,1/8 finale,03.12.2025,Inter,Venezia,Totale,Casa,Inter,jBda0F3B,3.19,54%,19,10,8,3,0.0,88% (430/490),,3.14,4,5,15,4,0,1.0,39,1,0,15,2.18,18,53% (17/32),80% (139/173),25% (2/8),13,51,10,4,0,0,67% (12/18),0,0.52,-0.48
Coppa Italia,1/8 finale,03.12.2025,Inter,Venezia,Totale,Ospite,Venezia,jBda0F3B,0.15,46%,5,1,0,1,1.0,85% (357/420),,0.52,1,3,1,4,0,0.0,3,0,3,13,0.07,10,50% (25/50),43% (23/54),13% (1/8),15,40,19,9,3,0,50% (6/12),4,3.14,-1.86
Coppa Italia,1/8 finale,03.12.2025,Inter,Venezia,1° tempo,Casa,Inter,jBda0F3B,0.74,50%,8,5,1,2,0.0,87% (211/243),,1.52,1,2,4,4,0,,17,1,0,7,1.08,5,36% (5/14),81% (67/83),0% (0/3),7,31,4,1,0,0,62% (8/13),0,0.0,0.0
Coppa Italia,1/8 finale,03.12.2025,Inter,Venezia,1° tempo,Ospite,Venezia,jBda0F3B,0.05,50%,3,0,0,0,1.0,84% (209/249),,0.0,1,2,0,3,0,,0,0,1,7,0.04,8,47% (16/34),36% (12/33),0% (0/1),7,23,11,4,0,0,40% (2/5),2,1.52,-1.48
Coppa Italia,1/8 finale,03.12.2025,Inter,Venezia,2° tempo,Casa,Inter,jBda0F3B,2.45,58%,11,5,7,1,,89% (219/247),,1.62,3,3,11,0,0,1.0,22,0,0,8,1.1,13,67% (12/18),80% (72/90),40% (2/5),6,20,6,3,0,0,80% (4/5),0,0.52,-0.48
Coppa Italia,1/8 finale,03.12.2025,Inter,Venezia,2° tempo,Ospite,Venezia,jBda0F3B,0.1,42%,2,1,0,1,,87% (148/171),,0.52,0,1,1,1,0,0.0,3,0,2,6,0.03,2,56% (9/16),52% (11/21),14% (1/7),8,17,8,5,3,0,57% (4/7),2,1.62,-0.38
Coppa Italia,1/8 finale,04.12.2025,Bologna,Parma,Totale,Casa,Bologna,Cv4b8uQF,1.9,71%,16,6,4,11,1.0,87% (505/583),,1.38,3,7,10,6,1,1.0,30,0,3,14,1.09,21,61% (34/56),77% (142/185),31% (11/36),13,53,14,5,0,0,83% (5/6),3,0.83,-0.17
Coppa Italia,1/8 finale,04.12.2025,Bologna,Parma,Totale,Ospite,Parma,Cv4b8uQF,1.12,29%,6,4,4,1,2.0,64% (153/240),,0.83,2,0,6,0,0,0.0,10,2,2,13,0.62,23,35% (19/54),40% (16/40),17% (1/6),14,49,40,1,0,1,50% (7/14),5,1.38,-0.62
Coppa Italia,1/8 finale,04.12.2025,Bologna,Parma,1° tempo,Casa,Bologna,Cv4b8uQF,1.19,74%,7,3,2,5,,87% (254/291),,0.41,1,3,4,3,1,,10,0,2,7,0.38,10,56% (14/25),77% (54/70),35% (6/17),4,17,9,4,0,0,100% (1/1),2,0.64,-0.36
Coppa Italia,1/8 finale,04.12.2025,Bologna,Parma,1° tempo,Ospite,Parma,Cv4b8uQF,0.75,26%,3,3,2,1,,64% (68/106),,0.64,0,0,3,0,0,,3,2,2,4,0.48,13,48% (11/23),36% (8/22),0% (0/2),7,20,15,0,0,1,67% (4/6),2,0.41,-0.59
Coppa Italia,1/8 finale,04.12.2025,Bologna,Parma,2° tempo,Casa,Bologna,Cv4b8uQF,0.71,69%,9,3,2,6,1.0,86% (251/292),,0.97,2,4,6,3,0,1.0,20,0,1,7,0.71,11,65% (20/31),77% (88/115),26% (5/19),9,36,5,1,0,0,80% (4/5),1,0.19,0.19
Coppa Italia,1/8 finale,04.12.2025,Bologna,Parma,2° tempo,Ospite,Parma,Cv4b8uQF,0.37,31%,3,1,2,0,2.0,63% (85/134),,0.19,2,0,3,0,0,0.0,7,0,0,9,0.14,10,26% (8/31),44% (8/18),25% (1/4),7,29,25,1,0,0,38% (3/8),3,0.97,-0.03
Coppa Italia,1/8 finale,04.12.2025,Lazio,Milan,Totale,Casa,Lazio,UcuV0FZA,0.56,42%,11,4,2,6,0.0,87% (399/460),,0.59,4,3,5,6,0,1.0,18,0,3,16,0.45,10,58% (25/43),69% (60/87),20% (3/15),9,43,21,7,0,0,27% (4/15),2,0.48,0.48
Coppa Italia,1/8 finale,04.12.2025,Lazio,Milan,Totale,Ospite,Milan,UcuV0FZA,0.97,58%,9,2,2,2,2.0,89% (574/644),,0.48,5,2,7,2,0,0.0,17,0,0,9,1.16,18,72% (39/54),70% (83/119),58% (7/12),16,37,29,2,1,0,70% (7/10),3,0.59,-0.41
Coppa Italia,1/8 finale,04.12.2025,Lazio,Milan,1° tempo,Casa,Lazio,UcuV0FZA,0.26,45%,6,2,0,2,0.0,90% (252/281),,0.14,2,2,3,3,0,,10,0,1,6,0.21,6,67% (14/21),71% (45/63),0% (0/6),6,18,6,4,0,0,20% (2/10),0,0.0,0.0
Coppa Italia,1/8 finale,04.12.2025,Lazio,Milan,1° tempo,Ospite,Milan,UcuV0FZA,0.23,55%,2,0,0,0,1.0,91% (311/341),,0.0,2,0,2,0,0,,6,0,0,6,0.58,4,76% (19/25),65% (24/37),67% (2/3),6,14,16,2,1,0,67% (2/3),2,0.14,0.14
Coppa Italia,1/8 finale,04.12.2025,Lazio,Milan,2° tempo,Casa,Lazio,UcuV0FZA,0.3,38%,5,2,2,4,0.0,82% (147/179),,0.45,2,1,2,3,0,1.0,8,0,2,10,0.24,4,50% (11/22),63% (15/24),33% (3/9),3,25,15,3,0,0,40% (2/5),2,0.48,0.48
Coppa Italia,1/8 finale,04.12.2025,Lazio,Milan,2° tempo,Ospite,Milan,UcuV0FZA,0.74,62%,7,2,2,2,1.0,87% (263/303),,0.48,3,2,5,2,0,0.0,11,0,0,3,0.58,14,69% (20/29),72% (59/82),56% (5/9),10,23,13,0,0,0,71% (5/7),1,0.45,-0.55
Coppa Italia,1/8 finale,13.01.2026,Roma,Torino,Totale,Casa,Roma,nHEM6Zzq,1.81,61%,10,5,4,4,2.0,81% (444/549),,2.24,5,0,9,1,0,1.0,26,1,0,17,1.49,23,43% (26/61),72% (121/168),13% (2/15),10,62,24,12,0,0,65% (13/20),2,1.92,-1.08
Coppa Italia,1/8 finale,13.01.2026,Roma,Torino,Totale,Ospite,Torino,nHEM6Zzq,1.24,39%,10,5,3,5,2.0,72% (249/344),,1.92,4,1,7,3,0,0.0,16,1,3,10,0.95,23,28% (17/61),66% (49/74),17% (2/12),17,47,20,27,0,0,65% (13/20),3,2.24,0.24
Coppa Italia,1/8 finale,13.01.2026,Roma,Torino,1° tempo,Casa,Roma,nHEM6Zzq,0.43,54%,3,1,1,1,1.0,80% (198/249),,0.45,2,0,3,0,0,,11,0,0,11,0.22,8,50% (18/36),72% (52/72),25% (1/4),6,35,17,9,0,0,60% (6/10),1,0.43,-0.57
Coppa Italia,1/8 finale,13.01.2026,Roma,Torino,1° tempo,Ospite,Torino,nHEM6Zzq,0.2,46%,4,2,0,2,1.0,76% (161/211),,0.43,1,1,2,2,0,,7,1,1,6,0.29,16,40% (12/30),70% (21/30),0% (0/4),11,25,4,12,0,0,73% (8/11),1,0.45,0.45
Coppa Italia,1/8 finale,13.01.2026,Roma,Torino,2° tempo,Casa,Roma,nHEM6Zzq,1.38,68%,7,4,3,3,1.0,82% (246/300),,1.79,3,0,6,1,0,1.0,15,1,0,6,1.27,15,32% (8/25),72% (69/96),9% (1/11),4,27,7,3,0,0,70% (7/10),1,1.49,-0.51
Coppa Italia,1/8 finale,13.01.2026,Roma,Torino,2° tempo,Ospite,Torino,nHEM6Zzq,1.04,32%,6,3,3,3,1.0,66% (88/133),,1.49,3,0,5,1,0,0.0,9,0,2,4,0.66,7,16% (5/31),64% (28/44),25% (2/8),6,22,16,15,0,0,56% (5/9),2,1.79,-0.21
Coppa Italia,1/8 finale,27.01.2026,Fiorentina,Como,Totale,Casa,Fiorentina,hlp6vKjL,0.53,43%,6,4,2,1,2.0,85% (332/390),,1.07,2,0,4,2,0,,8,0,2,19,0.26,15,36% (13/36),57% (33/58),22% (2/9),11,53,22,3,2,0,61% (11/18),6,2.43,-0.57
Coppa Italia,1/8 finale,27.01.2026,Fiorentina,Como,Totale,Ospite,Como,hlp6vKjL,1.92,57%,17,9,2,6,5.0,89% (470/528),,2.43,6,2,11,6,1,,40,0,1,11,0.94,17,53% (20/38),77% (96/125),24% (4/17),19,53,17,9,1,0,81% (17/21),3,1.07,0.07
Coppa Italia,1/8 finale,27.01.2026,Fiorentina,Como,1° tempo,Casa,Fiorentina,hlp6vKjL,0.45,37%,5,4,2,1,1.0,83% (122/147),,1.07,1,0,3,2,0,,4,0,1,6,0.11,9,27% (4/15),63% (15/24),25% (1/4),5,22,6,3,0,0,73% (8/11),1,0.84,-0.16
Coppa Italia,1/8 finale,27.01.2026,Fiorentina,Como,1° tempo,Ospite,Como,hlp6vKjL,0.41,63%,5,2,1,4,1.0,88% (220/251),,0.84,2,1,4,1,1,,16,0,1,5,0.18,10,65% (11/17),69% (36/52),25% (2/8),6,32,7,2,1,0,75% (9/12),3,1.07,0.07
Coppa Italia,1/8 finale,27.01.2026,Fiorentina,Como,2° tempo,Casa,Fiorentina,hlp6vKjL,0.08,47%,1,0,0,0,1.0,86% (210/243),,0.0,1,0,1,0,0,,4,0,1,13,0.15,6,43% (9/21),53% (18/34),20% (1/5),6,31,16,0,2,0,43% (3/7),5,1.59,-0.41
Coppa Italia,1/8 finale,27.01.2026,Fiorentina,Como,2° tempo,Ospite,Como,hlp6vKjL,1.51,53%,12,7,1,2,4.0,90% (250/277),,1.59,4,1,7,5,0,,24,0,0,6,0.76,7,43% (9/21),82% (60/73),22% (2/9),13,21,10,7,0,0,89% (8/9),0,0.0,0.0
Coppa Italia,Quarti di finale,04.02.2026,Inter,Torino,Totale,Casa,Inter,nB3jfHE8,1.41,62%,10,4,2,2,3.0,90% (584/652),,1.79,4,2,7,3,1,1.0,15,0,1,12,1.27,12,56% (23/41),75% (121/162),21% (3/14),11,42,9,9,0,0,67% (10/15),3,0.48,-0.52
Coppa Italia,Quarti di finale,04.02.2026,Inter,Torino,Totale,Ospite,Torino,nB3jfHE8,1.44,38%,11,4,2,2,1.0,82% (316/385),,0.48,5,2,8,3,0,1.0,16,0,1,11,1.02,9,51% (20/39),66% (47/71),23% (3/13),12,50,20,9,0,0,74% (14/19),2,1.79,-0.21
Coppa Italia,Quarti di finale,04.02.2026,Inter,Torino,1° tempo,Casa,Inter,nB3jfHE8,0.82,68%,4,2,1,1,,94% (387/412),,1.23,1,1,3,1,1,1.0,5,0,1,9,0.62,5,79% (11/14),79% (78/99),11% (1/9),4,24,4,3,0,0,67% (4/6),0,0.0,0.0
Coppa Italia,Quarti di finale,04.02.2026,Inter,Torino,1° tempo,Ospite,Torino,nB3jfHE8,0.54,32%,4,0,1,0,,83% (161/194),,0.0,3,1,2,2,0,0.0,6,0,0,4,0.74,2,30% (6/20),68% (21/31),50% (1/2),9,20,9,5,0,0,64% (7/11),1,1.23,0.23
Coppa Italia,Quarti di finale,04.02.2026,Inter,Torino,2° tempo,Casa,Inter,nB3jfHE8,0.59,55%,6,2,1,1,3.0,82% (197/240),,0.56,3,1,4,2,0,0.0,10,0,0,3,0.65,7,44% (12/27),68% (43/63),40% (2/5),7,18,5,6,0,0,67% (6/9),3,0.48,-0.52
Coppa Italia,Quarti di finale,04.02.2026,Inter,Torino,2° tempo,Ospite,Torino,nB3jfHE8,0.9,45%,7,4,1,2,1.0,81% (155/191),,0.48,2,1,6,1,0,1.0,10,0,1,7,0.28,7,74% (14/19),65% (26/40),18% (2/11),3,30,11,4,0,0,88% (7/8),1,0.56,-0.44
Coppa Italia,Quarti di finale,05.02.2026,Atalanta,Juventus,Totale,Casa,Atalanta,baWtW3x9,1.59,42%,8,4,2,1,,80% (273/341),,2.07,0,4,5,3,0,,19,0,2,8,0.66,17,53% (30/57),70% (79/113),18% (2/11),11,46,29,11,0,0,35% (6/17),2,0.15,0.15
Coppa Italia,Quarti di finale,05.02.2026,Atalanta,Juventus,Totale,Ospite,Juventus,baWtW3x9,1.82,58%,13,2,4,6,,82% (385/470),,0.15,9,2,9,4,1,,34,0,2,11,2.23,23,36% (15/42),69% (87/126),47% (9/19),8,55,23,4,0,0,56% (9/16),1,2.07,-0.93
Coppa Italia,Quarti di finale,05.02.2026,Atalanta,Juventus,1° tempo,Casa,Atalanta,baWtW3x9,1.14,48%,6,2,1,0,,83% (165/200),,0.71,0,4,3,3,0,,9,0,0,4,0.33,9,52% (13/25),64% (41/64),33% (2/6),4,21,8,5,0,0,57% (4/7),1,0.14,0.14
Coppa Italia,Quarti di finale,05.02.2026,Atalanta,Juventus,1° tempo,Ospite,Juventus,baWtW3x9,1.46,52%,7,1,4,2,,85% (184/216),,0.14,5,1,5,2,1,,15,0,2,4,1.08,10,39% (7/18),78% (38/49),80% (4/5),4,23,12,3,0,0,43% (3/7),1,0.71,-0.29
Coppa Italia,Quarti di finale,05.02.2026,Atalanta,Juventus,2° tempo,Casa,Atalanta,baWtW3x9,0.45,35%,2,2,1,1,,77% (108/141),,1.36,0,0,2,0,0,,10,0,2,4,0.33,8,53% (17/32),78% (38/49),0% (0/5),7,25,21,6,0,0,20% (2/10),1,0.01,0.01
Coppa Italia,Quarti di finale,05.02.2026,Atalanta,Juventus,2° tempo,Ospite,Juventus,baWtW3x9,0.36,65%,6,1,0,4,,79% (201/254),,0.01,4,1,4,2,0,,19,0,0,7,1.15,13,33% (8/24),64% (49/77),36% (5/14),4,32,11,1,0,0,67% (6/9),0,1.36,-0.64
Coppa Italia,Quarti di finale,10.02.2026,Napoli,Como,Totale,Casa,Napoli,jHoo92Bk,0.59,48%,8,3,1,6,1.0,87% (406/467),,0.7,1,4,3,5,0,,9,1,1,8,0.41,20,41% (20/49),55% (45/82),24% (4/17),13,30,4,4,1,0,58% (7/12),3,1.05,0.05
Coppa Italia,Quarti di finale,10.02.2026,Napoli,Como,Totale,Ospite,Como,jHoo92Bk,1.07,52%,9,4,1,4,2.0,91% (465/511),,1.05,2,3,6,3,0,,15,2,3,13,1.08,12,39% (12/31),75% (60/80),50% (3/6),8,41,21,5,0,0,63% (10/16),1,0.7,-0.3
Coppa Italia,Quarti di finale,10.02.2026,Napoli,Como,1° tempo,Casa,Napoli,jHoo92Bk,0.07,51%,2,1,0,2,0.0,89% (224/253),,0.15,0,1,0,2,0,,3,1,1,3,0.27,9,44% (11/25),59% (24/41),17% (1/6),5,10,4,1,1,0,75% (3/4),1,0.88,-0.12
Coppa Italia,Quarti di finale,10.02.2026,Napoli,Como,1° tempo,Ospite,Como,jHoo92Bk,0.91,49%,6,2,1,3,1.0,92% (229/249),,0.88,1,3,4,2,0,,9,1,2,5,0.75,5,36% (5/14),71% (32/45),75% (3/4),3,21,10,2,0,0,38% (3/8),1,0.15,0.15
Coppa Italia,Quarti di finale,10.02.2026,Napoli,Como,2° tempo,Casa,Napoli,jHoo92Bk,0.52,46%,6,2,1,4,1.0,85% (182/214),,0.55,1,3,3,3,0,,6,0,0,5,0.14,11,38% (9/24),51% (21/41),27% (3/11),8,20,0,3,0,0,50% (4/8),2,0.17,0.17
Coppa Italia,Quarti di finale,10.02.2026,Napoli,Como,2° tempo,Ospite,Como,jHoo92Bk,0.16,54%,3,2,0,1,1.0,90% (236/262),,0.17,1,0,2,1,0,,6,1,1,8,0.33,7,41% (7/17),80% (28/35),0% (0/2),5,20,11,3,0,0,88% (7/8),0,0.55,-0.45
Coppa Italia,Quarti di finale,11.02.2026,Bologna,Lazio,Totale,Casa,Bologna,0KKE2Vjf,0.8,49%,13,2,2,5,3.0,84% (385/458),,0.61,6,5,8,5,0,1.0,21,0,1,12,1.06,17,41% (22/54),61% (75/122),27% (6/22),17,46,10,8,1,0,36% (5/14),1,1.35,0.35
Coppa Italia,Quarti di finale,11.02.2026,Bologna,Lazio,Totale,Ospite,Lazio,0KKE2Vjf,1.22,51%,5,2,2,2,2.0,88% (439/497),,1.35,3,0,4,1,0,0.0,9,2,1,17,1.38,21,52% (22/42),67% (40/60),0% (0/4),12,35,22,11,0,0,100% (3/3),1,0.61,-0.39
Coppa Italia,Quarti di finale,11.02.2026,Bologna,Lazio,1° tempo,Casa,Bologna,0KKE2Vjf,0.44,40%,6,2,1,3,0.0,81% (147/182),,0.61,4,0,5,1,0,1.0,9,0,1,4,0.62,9,34% (10/29),55% (28/51),36% (4/11),7,16,5,4,1,0,50% (3/6),1,0.56,0.56
Coppa Italia,Quarti di finale,11.02.2026,Bologna,Lazio,1° tempo,Ospite,Lazio,0KKE2Vjf,0.44,60%,3,1,1,1,1.0,89% (254/284),,0.56,2,0,3,0,0,0.0,4,2,1,7,0.69,12,50% (9/18),65% (17/26),0% (0/2),4,18,13,7,0,0,100% (3/3),1,0.61,-0.39
Coppa Italia,Quarti di finale,11.02.2026,Bologna,Lazio,2° tempo,Casa,Bologna,0KKE2Vjf,0.36,57%,7,0,1,2,3.0,86% (238/276),,0.0,2,5,3,4,0,,12,0,0,8,0.44,8,48% (12/25),66% (47/71),18% (2/11),10,30,5,4,0,0,25% (2/8),0,0.79,-0.21
Coppa Italia,Quarti di finale,11.02.2026,Bologna,Lazio,2° tempo,Ospite,Lazio,0KKE2Vjf,0.78,43%,2,1,1,1,1.0,87% (185/213),,0.79,1,0,1,1,0,,5,0,0,10,0.69,9,54% (13/24),68% (23/34),0% (0/2),8,17,9,4,0,0,0% (0/0),0,0.0,0.0
Coppa Italia,Semi finali,03.03.2026,Como,Inter,Totale,Casa,Como,WAWxYcj4,1.02,51%,5,1,1,6,,91% (527/578),,0.05,3,1,4,1,0,,17,2,4,12,0.53,10,33% (9/27),71% (55/77),14% (2/14),9,35,13,4,0,0,36% (5/14),0,0.0,0.0
Coppa Italia,Semi finali,03.03.2026,Como,Inter,Totale,Ospite,Inter,WAWxYcj4,0.07,49%,3,0,0,1,,90% (514/571),,0.0,1,2,2,1,1,,12,0,6,9,0.18,14,48% (22/46),45% (25/56),50% (2/4),12,37,19,7,1,0,29% (2/7),1,0.05,0.05
Coppa Italia,Semi finali,03.03.2026,Como,Inter,1° tempo,Casa,Como,WAWxYcj4,0.23,61%,4,1,0,5,,91% (323/354),,0.05,2,1,3,1,0,,10,2,2,4,0.42,7,27% (4/15),73% (37/51),13% (1/8),3,15,5,3,0,0,60% (3/5),0,0.0,0.0
Coppa Italia,Semi finali,03.03.2026,Como,Inter,1° tempo,Ospite,Inter,WAWxYcj4,0.03,39%,1,0,0,0,,85% (194/229),,0.0,0,1,0,1,0,,2,0,2,3,0.03,12,44% (11/25),30% (8/27),0% (0/0),4,21,13,4,1,0,33% (2/6),1,0.05,0.05
Coppa Italia,Semi finali,03.03.2026,Como,Inter,2° tempo,Casa,Como,WAWxYcj4,0.79,40%,1,0,1,1,,91% (204/224),,0.0,1,0,1,0,0,,7,0,2,8,0.11,3,42% (5/12),69% (18/26),17% (1/6),6,20,8,1,0,0,22% (2/9),0,0.0,0.0
Coppa Italia,Semi finali,03.03.2026,Como,Inter,2° tempo,Ospite,Inter,WAWxYcj4,0.04,60%,2,0,0,1,,94% (320/342),,0.0,1,1,2,0,1,,10,0,4,6,0.15,2,52% (11/21),59% (17/29),50% (2/4),8,16,6,3,0,0,0% (0/1),0,0.0,0.0
Coppa Italia,Semi finali,04.03.2026,Lazio,Atalanta,Totale,Casa,Lazio,M3qfkkSk,1.02,49%,6,3,2,1,0.0,87% (438/505),,1.17,2,1,3,3,0,,20,1,1,13,0.8,19,73% (43/59),78% (107/137),9% (1/11),5,42,9,12,0,0,64% (7/11),1,0.93,-1.07
Coppa Italia,Semi finali,04.03.2026,Lazio,Atalanta,Totale,Ospite,Atalanta,M3qfkkSk,0.65,51%,10,3,1,3,3.0,88% (459/519),,0.93,5,2,5,5,1,,16,1,2,5,0.51,12,59% (27/46),79% (104/131),27% (4/15),13,27,15,10,0,1,23% (3/13),1,1.17,-0.83
Coppa Italia,Semi finali,04.03.2026,Lazio,Atalanta,1° tempo,Casa,Lazio,M3qfkkSk,0.02,47%,1,0,0,0,0.0,85% (216/253),,0.0,0,1,0,1,0,,11,0,1,6,0.2,11,65% (22/34),79% (52/66),0% (0/6),4,23,5,6,0,0,43% (3/7),0,0.0,0.0
Coppa Italia,Semi finali,04.03.2026,Lazio,Atalanta,1° tempo,Ospite,Atalanta,M3qfkkSk,0.19,53%,5,0,0,1,1.0,89% (254/287),,0.0,4,1,3,2,1,,7,0,2,4,0.31,7,62% (18/29),81% (67/83),50% (4/8),6,13,10,6,0,0,43% (3/7),0,0.0,0.0
Coppa Italia,Semi finali,04.03.2026,Lazio,Atalanta,2° tempo,Casa,Lazio,M3qfkkSk,1.0,52%,5,3,2,1,0.0,88% (222/252),,1.17,2,0,3,2,0,,9,1,0,7,0.6,8,84% (21/25),77% (55/71),20% (1/5),1,19,4,6,0,0,100% (4/4),1,0.93,-1.07
Coppa Italia,Semi finali,04.03.2026,Lazio,Atalanta,2° tempo,Ospite,Atalanta,M3qfkkSk,0.46,48%,5,3,1,2,2.0,88% (205/232),,0.93,1,1,2,3,0,,9,1,0,1,0.2,5,53% (9/17),77% (37/48),0% (0/7),7,14,5,4,0,1,0% (0/6),1,1.17,-0.83
Coppa Italia,Semi finali,21.04.2026,Inter,Como,Totale,Casa,Inter,vyzoWyLG,1.4,62%,22,8,2,9,0.0,90% (537/596),,2.3,6,8,12,10,0,1.0,41,0,2,6,1.46,17,42% (8/19),82% (188/230),30% (8/27),5,36,12,14,1,1,57% (8/14),6,2.35,0.35
Coppa Italia,Semi finali,21.04.2026,Inter,Como,Totale,Ospite,Como,vyzoWyLG,1.46,38%,16,7,5,7,1.0,85% (311/364),,2.35,5,4,13,3,1,0.0,27,1,1,5,0.72,13,46% (22/48),68% (60/88),45% (5/11),6,43,37,5,0,0,56% (10/18),4,2.3,-0.7
Coppa Italia,Semi finali,21.04.2026,Inter,Como,1° tempo,Casa,Inter,vyzoWyLG,0.49,55%,8,2,1,4,,92% (275/298),,0.03,5,1,6,2,0,,12,0,0,2,0.68,6,40% (4/10),86% (89/104),29% (4/14),2,11,7,5,0,0,67% (2/3),3,1.35,0.35
Coppa Italia,Semi finali,21.04.2026,Inter,Como,1° tempo,Ospite,Como,vyzoWyLG,0.51,45%,7,4,1,3,,90% (223/248),,1.35,2,1,4,3,1,,9,0,0,2,0.46,6,52% (14/27),73% (41/56),40% (2/5),2,17,13,0,0,0,50% (4/8),1,0.03,0.03
Coppa Italia,Semi finali,21.04.2026,Inter,Como,2° tempo,Casa,Inter,vyzoWyLG,0.91,72%,14,6,1,5,0.0,88% (262/298),,2.27,1,7,6,8,0,1.0,29,0,2,4,0.78,11,44% (4/9),79% (99/126),31% (4/13),3,25,5,9,1,1,55% (6/11),3,1.0,0.0
Coppa Italia,Semi finali,21.04.2026,Inter,Como,2° tempo,Ospite,Como,vyzoWyLG,0.95,28%,9,3,4,4,1.0,76% (88/116),,1.0,3,3,9,0,0,0.0,18,1,1,3,0.26,7,38% (8/21),59% (19/32),50% (3/6),4,26,24,5,0,0,60% (6/10),3,2.27,-0.73
Coppa Italia,Semi finali,22.04.2026,Atalanta,Lazio,Totale,Casa,Atalanta,UTn2mTd2,1.98,66%,29,6,2,7,2.0,91% (753/830),,1.27,9,14,21,8,1,,46,0,2,10,2.06,26,51% (23/45),75% (150/199),29% (10/34),18,52,16,10,1,0,71% (10/14),0,0.93,-0.07
Coppa Italia,Semi finali,22.04.2026,Atalanta,Lazio,Totale,Ospite,Lazio,UTn2mTd2,0.78,34%,8,1,2,6,2.0,79% (331/421),,0.93,3,4,5,3,0,,14,0,0,18,0.63,22,42% (26/62),69% (61/89),33% (5/15),10,52,38,11,0,0,63% (12/19),5,1.27,0.27
Coppa Italia,Semi finali,22.04.2026,Atalanta,Lazio,1° tempo,Casa,Atalanta,UTn2mTd2,0.87,64%,11,1,1,5,1.0,90% (289/320),,0.19,6,4,7,4,0,,14,0,1,3,0.74,13,50% (8/16),58% (35/60),46% (6/13),6,21,6,4,1,0,33% (2/6),0,0.0,0.0
Coppa Italia,Semi finali,22.04.2026,Atalanta,Lazio,1° tempo,Ospite,Lazio,UTn2mTd2,0.1,36%,2,0,0,1,1.0,79% (141/179),,0.0,1,1,1,1,0,,5,0,0,6,0.22,6,50% (12/24),68% (23/34),43% (3/7),3,18,12,6,0,0,83% (5/6),1,0.19,0.19
Coppa Italia,Semi finali,22.04.2026,Atalanta,Lazio,2° tempo,Casa,Atalanta,UTn2mTd2,0.86,63%,15,5,1,1,,88% (236/268),,1.08,2,8,11,4,1,,21,0,0,2,0.98,7,39% (7/18),83% (75/90),30% (3/10),6,18,4,4,0,0,100% (4/4),0,0.93,-0.07
Coppa Italia,Semi finali,22.04.2026,Atalanta,Lazio,2° tempo,Ospite,Lazio,UTn2mTd2,0.68,37%,6,1,2,4,,77% (118/153),,0.93,2,3,4,2,0,,8,0,0,6,0.38,11,41% (11/27),69% (22/32),40% (2/5),2,19,16,3,0,0,50% (4/8),4,1.08,0.08
Coppa Italia,Semi finali,22.04.2026,Atalanta,Lazio,Supplementari,Casa,Atalanta,UTn2mTd2,0.25,73%,3,0,0,1,1.0,94% (228/242),,0.0,1,2,3,0,0,,11,0,1,5,0.34,6,73% (8/11),82% (40/49),9% (1/11),6,13,6,2,0,0,100% (4/4),0,0.0,0.0
Coppa Italia,Semi finali,22.04.2026,Atalanta,Lazio,Supplementari,Ospite,Lazio,UTn2mTd2,0.0,27%,0,0,0,1,1.0,81% (72/89),,0.0,0,0,0,0,0,,1,0,0,6,0.03,5,27% (3/11),70% (16/23),0% (0/3),5,15,10,2,0,0,60% (3/5),0,0.0,0.0
Coppa Italia,Finale,13.05.2026,Lazio,Inter,Totale,Casa,Lazio,xYQFQSOk,0.85,42%,8,2,1,1,3.0,85% (339/400),,0.69,3,3,6,2,0,,15,0,1,11,0.7,25,62% (24/39),79% (77/98),19% (3/16),9,42,26,4,0,1,56% (9/16),1,1.03,0.03
Coppa Italia,Finale,13.05.2026,Lazio,Inter,Totale,Ospite,Inter,xYQFQSOk,1.69,58%,11,2,4,3,4.0,89% (503/565),,1.03,8,1,8,3,0,,25,0,2,9,0.45,20,56% (33/59),63% (50/79),27% (4/15),11,32,10,11,0,0,71% (5/7),2,0.69,0.69
Coppa Italia,Finale,13.05.2026,Lazio,Inter,1° tempo,Casa,Lazio,xYQFQSOk,0.13,29%,2,0,0,1,1.0,79% (114/144),,0.0,0,2,2,0,0,,3,0,0,5,0.34,12,50% (9/18),71% (15/21),50% (2/4),4,21,15,3,0,1,67% (6/9),1,1.03,0.03
Coppa Italia,Finale,13.05.2026,Lazio,Inter,1° tempo,Ospite,Inter,xYQFQSOk,1.26,71%,8,2,2,2,2.0,90% (315/351),,1.03,5,1,6,2,0,,10,0,1,4,0.27,11,44% (11/25),63% (30/48),33% (3/9),5,15,3,7,0,0,67% (2/3),0,0.0,0.0
Coppa Italia,Finale,13.05.2026,Lazio,Inter,2° tempo,Casa,Lazio,xYQFQSOk,0.72,55%,6,2,1,0,2.0,88% (225/256),,0.69,3,1,4,2,0,,12,0,1,6,0.36,13,71% (15/21),81% (62/77),8% (1/12),5,21,11,1,0,0,43% (3/7),0,0.0,0.0
Coppa Italia,Finale,13.05.2026,Lazio,Inter,2° tempo,Ospite,Inter,xYQFQSOk,0.43,45%,3,0,2,1,2.0,88% (188/214),,0.0,3,0,2,1,0,,15,0,1,5,0.18,9,65% (22/34),65% (20/31),17% (1/6),6,17,7,4,0,0,75% (3/4),2,0.69,0.69
