Competizione,Turno,Data,Casa,Ospite,Gol casa 90,Gol ospite 90,Gol casa dts,Gol ospite dts,Rigori casa,Rigori ospite,Risultato (esteso),Nota andata/ritorno,Stat giocatori disponibili,ID partita
Copa del Rey,1° turno,28.10.2025,Constancia,Girona,1,1,2.0,3.0,,,"1-1 nei 90', 2-3 dopo i supplementari",,No,GllYRg6t
Copa del Rey,1° turno,28.10.2025,Ourense CF,Oviedo,2,2,4.0,2.0,,,"2-2 nei 90', 4-2 dopo i supplementari",,No,x2PrjRgM
Copa del Rey,1° turno,28.10.2025,Atl. Tordesillas,Burgos CF,1,1,1.0,2.0,,,"1-1 nei 90', 1-2 dopo i supplementari",,No,zci96nv3
Copa del Rey,1° turno,28.10.2025,SD Logrones,Racing Santander,0,4,,,,,0-4,,No,6g1h6wpK
Copa del Rey,1° turno,28.10.2025,UCAM Murcia,Cadice,1,3,,,,,1-3,,No,nRF8SuFs
Copa del Rey,1° turno,28.10.2025,Langreo,Racing Club Ferrol,0,0,0.0,0.0,3.0,4.0,"0-0, poi rigori 3-4",,No,4AKF9CjC
Copa del Rey,1° turno,28.10.2025,Inter de Valdemoro,Getafe,0,11,,,,,0-11,,No,b3vFZESO
Copa del Rey,1° turno,28.10.2025,Maracena,Valencia,0,5,,,,,0-5,,No,xY1CqJXr
Copa del Rey,1° turno,28.10.2025,San Fernando,Albacete,0,3,,,,,0-3,,No,As8Xidrg
Copa del Rey,1° turno,28.10.2025,Roda,Granada,1,5,,,,,1-5,,No,fZ7tP68k
Copa del Rey,1° turno,28.10.2025,Tropezon,Cultural Leonesa,1,3,,,,,1-3,,No,MR2Pbexf
Copa del Rey,1° turno,28.10.2025,Guadalajara,Cacereno,2,1,,,,,2-1,,No,f9tfeVlo
Copa del Rey,1° turno,28.10.2025,Rayo Majadahonda,CF Talavera,1,4,,,,,1-4,,No,bweO0iRN
Copa del Rey,1° turno,28.10.2025,Utebo FC,Huesca,0,3,,,,,0-3,,No,OYFNxBKb
Copa del Rey,1° turno,28.10.2025,RSD Alcala,Tenerife,0,4,,,,,0-4,,No,AHOtJYth
Copa del Rey,1° turno,28.10.2025,SD Negreira,Real Sociedad,0,3,,,,,0-3,,No,r34Nrqnd
Copa del Rey,1° turno,28.10.2025,Toledo,Siviglia,1,4,,,,,1-4,,No,ITUoTcm2
Copa del Rey,1° turno,28.10.2025,CD Extremadura,Las Palmas,3,1,,,,,3-1,,No,vNallEsI
Copa del Rey,1° turno,29.10.2025,Poblense,Sabadell,1,1,1.0,2.0,,,"1-1 nei 90', 1-2 dopo i supplementari",,No,WbJVzkkB
Copa del Rey,1° turno,29.10.2025,UD Los Garres,Elche,0,4,,,,,0-4,,No,bmjLsc2e
Copa del Rey,1° turno,29.10.2025,CD Sant Jordi,Osasuna,0,5,,,,,0-5,,No,lG1uQXzg
Copa del Rey,1° turno,29.10.2025,Mutilvera,Saragozza,1,3,,,,,1-3,,No,prelOB55
Copa del Rey,1° turno,29.10.2025,Ebro,Tarazona,1,1,1.0,1.0,4.0,3.0,"1-1, poi rigori 4-3",,No,Qay4ItZq
Copa del Rey,1° turno,29.10.2025,La Union,Ceuta,0,2,,,,,0-2,,No,lYr5dHoD
Copa del Rey,1° turno,29.10.2025,Sant Just,Maiorca,0,2,,,,,0-2,,No,IegdMkzI
Copa del Rey,1° turno,29.10.2025,Lorca Deportiva,Almeria,0,2,,,,,0-2,,No,rg9HQJqf
Copa del Rey,1° turno,29.10.2025,Ciudad Cieza,Cordoba,1,0,,,,,1-0,,No,2aBlNpw2
Copa del Rey,1° turno,29.10.2025,Caudal Deportivo,Gijon,0,1,,,,,0-1,,No,nyBEp5Hq
Copa del Rey,1° turno,29.10.2025,Naxara,Eibar,2,4,,,,,2-4,,No,M5RlnIhl
Copa del Rey,1° turno,29.10.2025,Azuaga,Leganes,1,4,,,,,1-4,,No,691tjzD5
Copa del Rey,1° turno,29.10.2025,Atl. Astorga,Mirandes,1,1,1.0,1.0,3.0,4.0,"1-1, poi rigori 3-4",,No,rLFcpdN0
Copa del Rey,1° turno,29.10.2025,Portugalete,Valladolid,1,0,,,,,1-0,,No,joJ5rzhD
Copa del Rey,1° turno,29.10.2025,Navalcarnero,AD Merida,2,1,,,,,2-1,,No,ITnG2DdB
Copa del Rey,1° turno,29.10.2025,Torrent,Torremolinos,3,1,,,,,3-1,,No,4t3JpuyQ
Copa del Rey,1° turno,29.10.2025,Sant Andreu,Teruel,1,1,2.0,1.0,,,"1-1 nei 90', 2-1 dopo i supplementari",,No,xdvivOe3
Copa del Rey,1° turno,29.10.2025,Numancia,Arenas Getxo,3,0,,,,,3-0,,No,IDnSIGTP
Copa del Rey,1° turno,29.10.2025,UD Ourense,Pontevedra,1,1,1.0,1.0,0.0,3.0,"1-1, poi rigori 0-3",,No,zVSbDfim
Copa del Rey,1° turno,29.10.2025,Puente Genil,Cartagena,0,1,,,,,0-1,,No,OQqjuJbm
Copa del Rey,1° turno,29.10.2025,Reus FCR,CE Europa,1,1,2.0,2.0,4.0,3.0,"2-2, poi rigori 4-3",,No,pMsax2QF
Copa del Rey,1° turno,29.10.2025,CD Yuncos,Vallecano,1,6,,,,,1-6,,No,2H4PgIDt
Copa del Rey,1° turno,29.10.2025,Ciudad de Lucena,Villarreal,0,6,,,,,0-6,,No,6kBtkuAL
Copa del Rey,1° turno,29.10.2025,Jaen,Eldense,1,3,,,,,1-3,,No,dvrbwcTa
Copa del Rey,1° turno,29.10.2025,Quintanar del Rey,UD Ibiza,1,1,1.0,1.0,4.0,3.0,"1-1, poi rigori 4-3",,No,IsSlHCB4
Copa del Rey,1° turno,30.10.2025,Puerto de Vega,Celta Vigo,0,2,,,,,0-2,,No,GnyzhmP9
Copa del Rey,1° turno,30.10.2025,Orihuela,Levante,3,4,,,,,3-4,,No,ANHXj1u9
Copa del Rey,1° turno,30.10.2025,Valle Egues,Andorra,1,5,,,,,1-5,,No,2JREvXkn
Copa del Rey,1° turno,30.10.2025,Deportivo Getxo,Alaves,0,7,,,,,0-7,,No,WOpI4Q8F
Copa del Rey,1° turno,30.10.2025,Real Avila,Real Aviles,0,0,1.0,0.0,,,"0-0 nei 90', 1-0 dopo i supplementari",,No,8rR6BYLa
Copa del Rey,1° turno,30.10.2025,Baleares,Gimnastic,2,0,,,,,2-0,,No,bDZBGK3d
Copa del Rey,1° turno,30.10.2025,UD Logrones,Ponferradina,1,3,,,,,1-3,,No,CzON7jLO
Copa del Rey,1° turno,30.10.2025,Palma del Rio,Betis,1,7,,,,,1-7,,No,xKMwVJIk
Copa del Rey,1° turno,30.10.2025,Atletic Lleida,Espanyol,1,2,,,,,1-2,,No,ENn5KT4U
Copa del Rey,1° turno,30.10.2025,UD Samano,A Coruna,1,5,,,,,1-5,,No,2PnO0H7s
Copa del Rey,1° turno,30.10.2025,CD Estepona,Malaga,1,3,,,,,1-3,,No,jJCPOcE6
Copa del Rey,1° turno,30.10.2025,Antoniano,Castellon,1,0,,,,,1-0,,No,GvgyolV8
Copa del Rey,1° turno,30.10.2025,Murcia,Antequera,1,1,1.0,1.0,2.0,1.0,"1-1, poi rigori 2-1",,No,h6y7yybC
Copa del Rey,2° turno,02.12.2025,Portugalete,Alaves,0,3,,,,,0-3,,Sì,EV0Qn9sh
Copa del Rey,2° turno,02.12.2025,Ebro,Osasuna,3,5,,,,,3-5,,Sì,n7o1ffpf
Copa del Rey,2° turno,02.12.2025,Numancia,Maiorca,2,3,,,,,2-3,,Sì,KY6w2on3
Copa del Rey,2° turno,02.12.2025,Racing Club Ferrol,Huesca,0,2,,,,,0-2,,No,8zFr7XTa
Copa del Rey,2° turno,02.12.2025,Guadalajara,Ceuta,1,0,,,,,1-0,,No,ns2ALWrg
Copa del Rey,2° turno,02.12.2025,Navalcarnero,Getafe,2,2,2.0,3.0,,,"2-2 nei 90', 2-3 dopo i supplementari",,Sì,xjN8URRN
Copa del Rey,2° turno,03.12.2025,Eldense,Almeria,2,1,,,,,2-1,,No,AcfZpmC4
Copa del Rey,2° turno,03.12.2025,CF Talavera,Malaga,2,1,,,,,2-1,,No,0jmgdGFs
Copa del Rey,2° turno,03.12.2025,Mirandes,Gijon,0,2,,,,,0-2,,No,0pSqzWcn
Copa del Rey,2° turno,03.12.2025,Cultural Leonesa,Andorra,4,2,,,,,4-2,,No,rZvAhYE6
Copa del Rey,2° turno,03.12.2025,Murcia,Cadice,3,2,,,,,3-2,,No,MNbuP5ko
Copa del Rey,2° turno,03.12.2025,Torrent,Betis,1,4,,,,,1-4,,Sì,SbAo0PGF
Copa del Rey,2° turno,03.12.2025,Antoniano,Villarreal,0,0,1.0,1.0,3.0,5.0,"1-1, poi rigori 3-5",,No,Mc3fb3oS
Copa del Rey,2° turno,03.12.2025,Reus FCR,Real Sociedad,0,2,,,,,0-2,,Sì,t2zLEOV8
Copa del Rey,2° turno,03.12.2025,Ciudad Cieza,Levante,0,1,,,,,0-1,,Sì,WfL4EFyQ
Copa del Rey,2° turno,03.12.2025,Quintanar del Rey,Elche,1,1,1.0,2.0,,,"1-1 nei 90', 1-2 dopo i supplementari",,No,nLQZ8gam
Copa del Rey,2° turno,03.12.2025,Ourense CF,Girona,2,1,,,,,2-1,,No,Svn9NhEt
Copa del Rey,2° turno,03.12.2025,Pontevedra,Eibar,0,3,,,,,0-3,,No,vwUjvrfd
Copa del Rey,2° turno,04.12.2025,Real Avila,Vallecano,1,1,1.0,2.0,,,"1-1 nei 90', 1-2 dopo i supplementari",,Sì,f75IJAD5
Copa del Rey,2° turno,04.12.2025,Baleares,Espanyol,1,0,,,,,1-0,,Sì,GnwIjCqJ
Copa del Rey,2° turno,04.12.2025,Sabadell,A Coruna,0,2,,,,,0-2,,No,ITlQhs9k
Copa del Rey,2° turno,04.12.2025,Leganes,Albacete,1,2,,,,,1-2,,No,G0Ij5BbC
Copa del Rey,2° turno,04.12.2025,Ponferradina,Racing Santander,1,1,1.0,2.0,,,"1-1 nei 90', 1-2 dopo i supplementari",,No,YcQiY9Sb
Copa del Rey,2° turno,04.12.2025,Sant Andreu,Celta Vigo,0,0,1.0,1.0,6.0,7.0,"1-1, poi rigori 6-7",,Sì,OncZFSCU
Copa del Rey,2° turno,04.12.2025,Cartagena,Valencia,1,1,1.0,2.0,,,"1-1 nei 90', 1-2 dopo i supplementari",,Sì,GMgRHlrI
Copa del Rey,2° turno,04.12.2025,CD Extremadura,Siviglia,1,2,,,,,1-2,,Sì,UPJ0WmcB
Copa del Rey,2° turno,04.12.2025,Saragozza,Burgos CF,0,0,0.0,1.0,,,"0-0 nei 90', 0-1 dopo i supplementari",,No,EerZjLw2
Copa del Rey,2° turno,04.12.2025,Tenerife,Granada,0,1,,,,,0-1,,No,CSBa3kTO
Copa del Rey,1/16 FINALE,16.12.2025,Eibar,Elche,0,1,,,,,0-1,,Sì,IushsOHj
Copa del Rey,1/16 FINALE,16.12.2025,A Coruna,Maiorca,1,0,,,,,1-0,,Sì,GdQLl6PG
Copa del Rey,1/16 FINALE,16.12.2025,Guadalajara,Barcellona,0,2,,,,,0-2,,Sì,YZ1AeEx1
Copa del Rey,1/16 FINALE,16.12.2025,Gijon,Valencia,0,2,,,,,0-2,,Sì,61Nn35vA
Copa del Rey,1/16 FINALE,16.12.2025,Eldense,Real Sociedad,1,2,,,,,1-2,,Sì,nJ32cz8l
Copa del Rey,1/16 FINALE,17.12.2025,Cultural Leonesa,Levante,1,0,,,,,1-0,,Sì,ttPyCZMs
Copa del Rey,1/16 FINALE,17.12.2025,Albacete,Celta Vigo,2,2,2.0,2.0,3.0,0.0,"2-2, poi rigori 3-0",,Sì,U1eJgh7D
Copa del Rey,1/16 FINALE,17.12.2025,Racing Santander,Villarreal,2,1,,,,,2-1,,Sì,lAOTnpfT
Copa del Rey,1/16 FINALE,17.12.2025,Baleares,Atl. Madrid,2,3,,,,,2-3,,Sì,pnZw5R9c
Copa del Rey,1/16 FINALE,17.12.2025,Huesca,Osasuna,1,1,2.0,4.0,,,"1-1 nei 90', 2-4 dopo i supplementari",,Sì,Wr7ReNWq
Copa del Rey,1/16 FINALE,17.12.2025,CF Talavera,Real Madrid,2,3,,,,,2-3,,Sì,4d5Zg11d
Copa del Rey,1/16 FINALE,17.12.2025,Alaves,Siviglia,1,0,,,,,1-0,,Sì,YmsqADif
Copa del Rey,1/16 FINALE,18.12.2025,Burgos CF,Getafe,3,1,,,,,3-1,,Sì,Mer5HeaK
Copa del Rey,1/16 FINALE,18.12.2025,Ourense CF,Ath. Bilbao,0,0,0.0,1.0,,,"0-0 nei 90', 0-1 dopo i supplementari",,Sì,K4mMH4g3
Copa del Rey,1/16 FINALE,18.12.2025,Murcia,Betis,0,2,,,,,0-2,,Sì,SUjUFrOF
Copa del Rey,1/16 FINALE,06.01.2026,Granada,Vallecano,1,3,,,,,1-3,,Sì,ERQf1q9M
Copa del Rey,1/8 FINALE,13.01.2026,A Coruna,Atl. Madrid,0,1,,,,,0-1,,Sì,4h358tSQ
Copa del Rey,1/8 FINALE,13.01.2026,Real Sociedad,Osasuna,2,2,2.0,2.0,4.0,3.0,"2-2, poi rigori 4-3",,Sì,viVC2jv8
Copa del Rey,1/8 FINALE,13.01.2026,Cultural Leonesa,Ath. Bilbao,3,3,3.0,4.0,,,"3-3 nei 90', 3-4 dopo i supplementari",,Sì,tdmQBfHL
Copa del Rey,1/8 FINALE,14.01.2026,Alaves,Vallecano,2,0,,,,,2-0,,Sì,zswp1bK0
Copa del Rey,1/8 FINALE,14.01.2026,Betis,Elche,2,1,,,,,2-1,,Sì,6wX44C9e
Copa del Rey,1/8 FINALE,14.01.2026,Albacete,Real Madrid,3,2,,,,,3-2,,Sì,lQvx3Kkl
Copa del Rey,1/8 FINALE,15.01.2026,Racing Santander,Barcellona,0,2,,,,,0-2,,Sì,dSacA2cE
Copa del Rey,1/8 FINALE,15.01.2026,Burgos CF,Valencia,0,2,,,,,0-2,,Sì,Cvvd6Yvq
Copa del Rey,QUARTI DI FINALE,03.02.2026,Albacete,Barcellona,1,2,,,,,1-2,,Sì,fczog1cR
Copa del Rey,QUARTI DI FINALE,04.02.2026,Alaves,Real Sociedad,2,3,,,,,2-3,,Sì,QuRGmuLl
Copa del Rey,QUARTI DI FINALE,04.02.2026,Valencia,Ath. Bilbao,1,2,,,,,1-2,,Sì,hhIXqcKD
Copa del Rey,QUARTI DI FINALE,05.02.2026,Betis,Atl. Madrid,0,5,,,,,0-5,,Sì,KvKPoJk1
Copa del Rey,SEMI FINALI,11.02.2026,Ath. Bilbao,Real Sociedad,0,1,,,,,0-1,1° turno.,Sì,OAGeSMX2
Copa del Rey,SEMI FINALI,12.02.2026,Atl. Madrid,Barcellona,4,0,,,,,4-0,1° turno.,Sì,IiIBOvXR
Copa del Rey,SEMI FINALI,03.03.2026,Barcellona,Atl. Madrid,3,0,,,,,3-0,Risultato andata: 0-4. Numero di spettatori limitato. Totale: 3-4.,Sì,EN3sJIfk
Copa del Rey,SEMI FINALI,04.03.2026,Real Sociedad,Ath. Bilbao,1,0,,,,,1-0,Risultato andata: 1-0. Totale: 2-0.,Sì,ARE3Q02F
Copa del Rey,FINALE,18.04.2026,Atl. Madrid,Real Sociedad,2,2,2.0,2.0,3.0,4.0,"2-2, poi rigori 3-4",Campo neutro - Estadio de La Cartuja.,Sì,rL8P7Qig
