Fonte,diretta.it (Flashscore) — DFB-Pokal 2025/2026
Partite,63 — dal 1° turno (15.08.2025 Saarbrucken-Magdeburg) alla finale
Turni saltati,nessuno: la 2.Bundesliga entra dal primo turno
Risultato,"Colonne separate per 90 minuti, dopo i supplementari e rigori. La colonna ""Risultato (esteso)"" non somma mai i rigori."
Ai rigori,8 partite su 63
Ai supplementari,14 partite (di cui 6 decise nei supplementari senza rigori)
Formazioni,"Titolari e panchina con numero di maglia, ruolo, modulo e rating; minuto di entrata/uscita"
Eventi,"Gol, autogol, assist, cartellini, sostituzioni e sequenza completa dei rigori, con minuto e punteggio progressivo"
Statistiche individuali,"VERIFICATE PARTITA PER PARTITA: disponibili per 63 partite su 63 (103 metriche). La colonna ""Stat giocatori disponibili"" nel foglio Partite riporta l'esito del controllo per ogni singola partita."
Estrazione,31 luglio 2026
