Competizione,Turno,Data,Casa,Ospite,Periodo,Lato,Squadra,ID partita,Goal previsti (xG),Possesso palla,Tiri totali,Tiri in porta,Grandi occasioni,Calci d'angolo,Passaggi,Cartellini gialli,Cartellini rossi,xG sui Tiri in porta (xGOT),Tiri fuori,Tiri fermati,Tiri dall'area di rigore,Tiri da fuori area,Pali colpiti,Gol di testa,Palloni toccati nell'area avversaria,Passaggi filtranti riusciti,Fuorigioco,Punizioni,Passaggi lunghi,Passaggi offensivi,Cross,Assist previsti (xA),Rimesse Laterali,Falli,Tackles,Contrasti vinti,Respinte difensive,Palle intercettate,Errori che hanno portato al tiro,Errori che hanno portato al gol,Parate,xGot affrontati,Gol evitati
DFB-Pokal,1/32 finale,15.08.2025,Grossaspach,Leverkusen,Totale,Casa,Grossaspach,WCzgdbmJ,0.62,31%,12,5,0,6,76% (182/241),3.0,2.0,0.6,4,3,7,5,1,0.0,24,0,0,10,40% (19/48),67% (55/82),22% (5/23),0.79,14,16,60% (15/25),45,15,11,0,0,6,3.95,-0.05
DFB-Pokal,1/32 finale,15.08.2025,Grossaspach,Leverkusen,Totale,Ospite,Leverkusen,WCzgdbmJ,4.36,69%,20,9,7,4,91% (512/563),2.0,0.0,3.95,8,3,17,3,1,1.0,45,1,1,16,60% (25/42),84% (147/176),47% (8/17),3.39,22,10,29% (2/7),42,17,9,0,0,4,0.6,0.6
DFB-Pokal,1/32 finale,15.08.2025,Grossaspach,Leverkusen,1° tempo,Casa,Grossaspach,WCzgdbmJ,0.37,31%,6,3,0,5,76% (86/113),0.0,,0.26,1,2,4,2,0,0.0,16,0,0,7,33% (8/24),68% (25/37),31% (4/13),0.65,8,9,57% (8/14),29,8,6,0,0,4,1.62,0.62
DFB-Pokal,1/32 finale,15.08.2025,Grossaspach,Leverkusen,1° tempo,Ospite,Leverkusen,WCzgdbmJ,1.89,69%,9,4,3,2,92% (253/276),1.0,,1.62,5,0,7,2,0,1.0,21,0,0,9,57% (13/23),84% (63/75),58% (7/12),1.63,17,7,25% (1/4),25,9,5,0,0,2,0.26,0.26
DFB-Pokal,1/32 finale,15.08.2025,Grossaspach,Leverkusen,2° tempo,Casa,Grossaspach,WCzgdbmJ,0.25,32%,6,2,0,1,75% (96/128),3.0,2.0,0.34,3,1,3,3,1,,8,0,0,3,46% (11/24),67% (30/45),10% (1/10),0.14,6,7,64% (7/11),16,7,5,0,0,2,2.33,-0.67
DFB-Pokal,1/32 finale,15.08.2025,Grossaspach,Leverkusen,2° tempo,Ospite,Leverkusen,WCzgdbmJ,2.47,68%,11,5,4,2,90% (259/287),1.0,0.0,2.33,3,3,10,1,1,,24,1,1,7,63% (12/19),83% (84/101),20% (1/5),1.76,5,3,33% (1/3),17,8,4,0,0,2,0.34,0.34
DFB-Pokal,1/32 finale,15.08.2025,Saarbrucken,Magdeburg,Totale,Casa,Saarbrucken,EXLcWPom,1.85,47%,22,3,1,6,81% (332/408),3.0,,0.63,13,6,15,7,1,,35,0,0,15,50% (23/46),65% (53/82),63% (12/19),1.22,21,6,76% (16/21),53,18,9,0,0,2,1.32,-1.68
DFB-Pokal,1/32 finale,15.08.2025,Saarbrucken,Magdeburg,Totale,Ospite,Magdeburg,EXLcWPom,0.95,53%,11,5,2,3,87% (414/475),1.0,,1.32,2,4,8,3,1,,23,1,1,6,64% (25/39),73% (99/135),9% (1/11),0.52,20,15,62% (8/13),36,20,10,0,1,2,0.63,-0.37
DFB-Pokal,1/32 finale,15.08.2025,Saarbrucken,Magdeburg,1° tempo,Casa,Saarbrucken,EXLcWPom,0.46,44%,5,1,0,3,77% (144/186),1.0,,0.03,4,0,3,2,0,,10,0,0,8,46% (12/26),53% (20/38),60% (6/10),0.27,10,3,82% (9/11),27,13,5,0,0,1,0.91,-1.09
DFB-Pokal,1/32 finale,15.08.2025,Saarbrucken,Magdeburg,1° tempo,Ospite,Magdeburg,EXLcWPom,0.57,56%,6,3,1,3,88% (207/234),0.0,,0.91,1,2,4,2,0,,10,0,1,3,57% (8/14),75% (48/64),10% (1/10),0.17,13,8,50% (3/6),14,12,4,0,0,1,0.03,0.03
DFB-Pokal,1/32 finale,15.08.2025,Saarbrucken,Magdeburg,2° tempo,Casa,Saarbrucken,EXLcWPom,1.39,49%,17,2,1,3,85% (188/222),2.0,,0.6,9,6,12,5,1,,25,0,0,7,55% (11/20),75% (33/44),67% (6/9),0.95,11,3,70% (7/10),26,5,4,0,0,1,0.41,-0.59
DFB-Pokal,1/32 finale,15.08.2025,Saarbrucken,Magdeburg,2° tempo,Ospite,Magdeburg,EXLcWPom,0.38,51%,5,2,1,0,86% (207/241),1.0,,0.41,1,2,4,1,1,,13,1,0,3,68% (17/25),72% (51/71),0% (0/1),0.35,7,7,71% (5/7),22,8,6,0,1,1,0.6,-0.4
DFB-Pokal,1/32 finale,15.08.2025,FC Gutersloh,Union Berlino,Totale,Casa,FC Gutersloh,YD0OHQWg,1.33,52%,19,5,1,5,70% (271/387),4.0,,1.02,7,7,15,4,0,,26,0,3,11,41% (34/83),53% (62/117),12% (2/17),1.24,20,13,73% (8/11),59,34,12,0,0,3,4.32,-0.68
DFB-Pokal,1/32 finale,15.08.2025,FC Gutersloh,Union Berlino,Totale,Ospite,Union Berlino,YD0OHQWg,2.21,48%,15,8,3,4,69% (248/362),0.0,,4.32,4,3,9,6,0,,23,0,1,13,37% (33/89),53% (68/128),12% (2/17),1.58,17,11,63% (10/16),76,24,13,0,0,5,1.02,1.02
DFB-Pokal,1/32 finale,15.08.2025,FC Gutersloh,Union Berlino,1° tempo,Casa,FC Gutersloh,YD0OHQWg,0.12,50%,4,1,0,0,60% (102/170),2.0,,0.07,2,1,1,3,0,,3,0,2,7,39% (19/49),36% (16/44),0% (0/5),0.06,11,9,67% (2/3),28,17,7,0,0,1,1.79,-1.21
DFB-Pokal,1/32 finale,15.08.2025,FC Gutersloh,Union Berlino,1° tempo,Ospite,Union Berlino,YD0OHQWg,1.32,50%,10,4,1,3,61% (98/161),0.0,,1.79,3,3,5,5,0,,10,0,0,9,30% (14/47),44% (27/62),8% (1/12),0.21,11,7,50% (5/10),43,10,7,0,0,1,0.07,0.07
DFB-Pokal,1/32 finale,15.08.2025,FC Gutersloh,Union Berlino,2° tempo,Casa,FC Gutersloh,YD0OHQWg,1.21,53%,15,4,1,5,78% (169/217),2.0,,0.95,5,6,14,1,0,,23,0,1,4,44% (15/34),63% (46/73),17% (2/12),1.18,9,4,75% (6/8),31,17,5,0,0,2,2.53,0.53
DFB-Pokal,1/32 finale,15.08.2025,FC Gutersloh,Union Berlino,2° tempo,Ospite,Union Berlino,YD0OHQWg,0.89,47%,5,4,2,1,75% (150/201),0.0,,2.53,1,0,4,1,0,,13,0,1,4,45% (19/42),62% (41/66),20% (1/5),1.37,6,4,83% (5/6),33,14,6,0,0,4,0.95,0.95
DFB-Pokal,1/32 finale,15.08.2025,Bielefeld,Brema,Totale,Casa,Bielefeld,hv9PpP0t,1.48,51%,13,4,2,3,81% (331/407),1.0,0.0,1.28,8,1,6,7,0,,19,0,1,13,44% (28/63),66% (57/86),27% (4/15),0.72,21,14,60% (9/15),56,33,8,0,0,0,0.0,0.0
DFB-Pokal,1/32 finale,15.08.2025,Bielefeld,Brema,Totale,Ospite,Brema,hv9PpP0t,0.92,49%,10,0,2,4,77% (303/392),5.0,1.0,0.0,7,3,8,2,0,,18,1,2,14,48% (37/77),70% (107/152),25% (4/16),0.79,26,13,59% (13/22),52,8,7,0,0,3,1.28,0.28
DFB-Pokal,1/32 finale,15.08.2025,Bielefeld,Brema,1° tempo,Casa,Bielefeld,hv9PpP0t,0.14,43%,2,0,0,0,74% (135/182),0.0,,0.0,2,0,1,1,0,,3,0,0,6,36% (14/39),40% (10/25),20% (1/5),0.06,14,7,100% (5/5),25,14,1,0,0,0,0.0,0.0
DFB-Pokal,1/32 finale,15.08.2025,Bielefeld,Brema,1° tempo,Ospite,Brema,hv9PpP0t,0.75,57%,7,0,2,4,81% (194/240),2.0,,0.0,5,2,6,1,0,,12,1,2,7,59% (22/37),76% (63/83),20% (2/10),0.62,10,6,78% (7/9),24,3,3,0,0,0,0.0,0.0
DFB-Pokal,1/32 finale,15.08.2025,Bielefeld,Brema,2° tempo,Casa,Bielefeld,hv9PpP0t,1.34,60%,11,4,2,3,87% (196/225),1.0,0.0,1.28,6,1,5,6,0,,16,0,1,7,58% (14/24),77% (47/61),30% (3/10),0.66,7,7,40% (4/10),31,19,7,0,0,0,0.0,0.0
DFB-Pokal,1/32 finale,15.08.2025,Bielefeld,Brema,2° tempo,Ospite,Brema,hv9PpP0t,0.17,40%,3,0,0,0,72% (109/152),3.0,1.0,0.0,2,1,2,1,0,,6,0,0,7,38% (15/40),64% (44/69),33% (2/6),0.17,16,7,46% (6/13),28,5,4,0,0,3,1.28,0.28
DFB-Pokal,1/32 finale,16.08.2025,Pirmasens,Amburgo,Totale,Casa,Pirmasens,4bfUQ9hA,3.03,25%,16,5,4,7,53% (134/254),6.0,,1.29,7,4,12,4,0,0.0,20,0,2,15,29% (26/90),36% (38/105),38% (6/16),1.77,23,17,77% (24/31),63,41,14,0,0,5,1.46,-0.54
DFB-Pokal,1/32 finale,16.08.2025,Pirmasens,Amburgo,Totale,Ospite,Amburgo,4bfUQ9hA,2.17,75%,17,7,3,13,85% (640/752),1.0,,1.46,7,3,16,1,2,2.0,40,0,1,17,50% (36/72),72% (171/236),36% (15/42),2.05,24,15,73% (11/15),52,15,4,0,0,3,1.29,0.29
DFB-Pokal,1/32 finale,16.08.2025,Pirmasens,Amburgo,1° tempo,Casa,Pirmasens,4bfUQ9hA,1.21,26%,8,2,1,1,60% (64/107),1.0,,0.2,5,1,5,3,0,,7,0,1,6,34% (11/32),48% (14/29),33% (1/3),0.68,14,8,69% (9/13),24,14,6,0,0,1,0.24,0.24
DFB-Pokal,1/32 finale,16.08.2025,Pirmasens,Amburgo,1° tempo,Ospite,Amburgo,4bfUQ9hA,0.31,74%,3,1,0,2,85% (257/301),0.0,,0.24,1,1,2,1,0,,8,0,0,8,53% (18/34),72% (73/102),23% (3/13),0.36,7,6,50% (3/6),20,6,2,0,0,2,0.2,0.2
DFB-Pokal,1/32 finale,16.08.2025,Pirmasens,Amburgo,2° tempo,Casa,Pirmasens,4bfUQ9hA,1.66,23%,4,2,3,2,48% (43/90),2.0,,0.99,1,1,4,0,0,0.0,6,0,0,5,28% (11/39),37% (18/49),17% (1/6),0.67,6,4,82% (9/11),25,17,5,0,0,2,0.4,-0.6
DFB-Pokal,1/32 finale,16.08.2025,Pirmasens,Amburgo,2° tempo,Ospite,Amburgo,4bfUQ9hA,0.88,77%,7,3,1,6,86% (260/302),1.0,,0.4,4,0,7,0,2,1.0,20,0,1,4,52% (11/21),73% (64/88),44% (7/16),0.98,7,5,86% (6/7),20,2,2,0,0,0,0.99,-0.01
DFB-Pokal,1/32 finale,16.08.2025,Pirmasens,Amburgo,Supplementari,Casa,Pirmasens,4bfUQ9hA,0.16,28%,4,1,0,4,47% (27/57),3.0,,0.1,1,2,3,1,0,0.0,7,0,1,4,21% (4/19),22% (6/27),57% (4/7),0.42,3,5,86% (6/7),14,10,3,0,0,2,0.82,-0.18
DFB-Pokal,1/32 finale,16.08.2025,Pirmasens,Amburgo,Supplementari,Ospite,Amburgo,4bfUQ9hA,0.98,72%,7,3,2,5,83% (123/149),0.0,,0.82,2,2,7,0,0,1.0,12,0,0,5,41% (7/17),74% (34/46),38% (5/13),0.71,10,4,100% (2/2),12,7,0,0,0,1,0.1,0.1
DFB-Pokal,1/32 finale,16.08.2025,BFC Dynamo,Bochum,Totale,Casa,BFC Dynamo,fTlXF416,0.45,31%,10,5,2,2,65% (200/306),5.0,2.0,0.36,4,1,2,8,0,,14,0,1,20,42% (39/93),44% (36/81),29% (2/7),0.52,24,20,76% (19/25),65,30,8,2,0,7,5.51,2.51
DFB-Pokal,1/32 finale,16.08.2025,BFC Dynamo,Bochum,Totale,Ospite,Bochum,fTlXF416,4.3,69%,28,10,7,10,85% (576/681),3.0,0.0,5.51,13,5,20,8,0,,56,0,2,20,61% (50/82),77% (182/237),23% (7/30),3.2,32,20,71% (10/14),52,13,8,0,0,4,0.36,-0.64
DFB-Pokal,1/32 finale,16.08.2025,BFC Dynamo,Bochum,1° tempo,Casa,BFC Dynamo,fTlXF416,0.13,39%,4,2,1,0,66% (90/137),2.0,,0.26,1,1,1,3,0,,5,0,1,11,44% (16/36),30% (8/27),50% (2/4),0.21,9,7,77% (10/13),30,6,5,1,0,1,0.59,0.59
DFB-Pokal,1/32 finale,16.08.2025,BFC Dynamo,Bochum,1° tempo,Ospite,Bochum,fTlXF416,0.6,61%,6,1,1,2,78% (164/210),2.0,,0.59,4,1,3,3,0,,12,0,1,7,44% (12/27),68% (34/50),33% (3/9),0.47,12,11,50% (2/4),18,7,3,0,0,2,0.26,0.26
DFB-Pokal,1/32 finale,16.08.2025,BFC Dynamo,Bochum,2° tempo,Casa,BFC Dynamo,fTlXF416,0.26,28%,5,2,1,2,66% (73/111),,1.0,0.09,3,0,1,4,0,,9,0,0,5,35% (11/31),64% (21/33),0% (0/2),0.3,12,8,100% (4/4),18,16,3,1,0,1,1.17,0.17
DFB-Pokal,1/32 finale,16.08.2025,BFC Dynamo,Bochum,2° tempo,Ospite,Bochum,fTlXF416,0.96,72%,10,2,2,5,85% (231/273),,0.0,1.17,5,3,8,2,0,,17,0,1,8,61% (23/38),74% (81/109),21% (3/14),1.09,12,5,80% (4/5),18,6,3,0,0,1,0.09,-0.91
DFB-Pokal,1/32 finale,16.08.2025,BFC Dynamo,Bochum,Supplementari,Casa,BFC Dynamo,fTlXF416,0.06,23%,1,1,0,0,64% (37/58),3.0,1.0,0.01,0,0,0,1,0,,0,0,0,4,46% (12/26),33% (7/21),0% (0/1),0.01,3,5,63% (5/8),17,8,0,0,0,5,3.75,1.75
DFB-Pokal,1/32 finale,16.08.2025,BFC Dynamo,Bochum,Supplementari,Ospite,Bochum,fTlXF416,2.74,77%,12,7,4,3,91% (181/198),1.0,0.0,3.75,4,1,9,3,0,,27,0,0,5,88% (15/17),86% (67/78),14% (1/7),1.64,8,4,80% (4/5),16,0,2,0,0,1,0.01,0.01
DFB-Pokal,1/32 finale,16.08.2025,Bahlinger,Heidenheim,Totale,Casa,Bahlinger,COcxPmNM,1.57,43%,9,2,2,0,83% (305/368),0.0,,0.92,6,1,5,4,1,,11,0,0,11,39% (19/49),60% (35/58),0% (0/9),0.25,11,10,57% (8/14),34,10,11,0,2,5,3.49,-1.51
DFB-Pokal,1/32 finale,16.08.2025,Bahlinger,Heidenheim,Totale,Ospite,Heidenheim,COcxPmNM,3.14,57%,15,10,5,5,87% (420/485),2.0,,3.49,3,2,10,5,1,,21,1,3,10,65% (34/52),69% (84/121),43% (6/14),1.41,15,11,63% (10/16),46,13,12,0,0,1,0.92,0.92
DFB-Pokal,1/32 finale,16.08.2025,Bahlinger,Heidenheim,1° tempo,Casa,Bahlinger,COcxPmNM,0.68,40%,5,1,1,0,81% (150/185),0.0,,0.0,3,1,4,1,1,,8,0,0,6,33% (10/30),52% (12/23),0% (0/4),0.17,6,4,50% (5/10),22,7,5,0,1,3,1.75,-0.25
DFB-Pokal,1/32 finale,16.08.2025,Bahlinger,Heidenheim,1° tempo,Ospite,Heidenheim,COcxPmNM,1.62,60%,8,5,1,3,87% (238/274),1.0,,1.75,2,1,5,3,1,,11,0,2,4,61% (14/23),73% (45/62),40% (4/10),0.64,11,6,56% (5/9),24,7,5,0,0,0,0.0,0.0
DFB-Pokal,1/32 finale,16.08.2025,Bahlinger,Heidenheim,2° tempo,Casa,Bahlinger,COcxPmNM,0.89,46%,4,1,1,0,85% (155/183),0.0,,0.92,3,0,1,3,0,,3,0,0,5,47% (9/19),66% (23/35),0% (0/5),0.08,5,6,75% (3/4),12,3,6,0,1,2,1.74,-1.26
DFB-Pokal,1/32 finale,16.08.2025,Bahlinger,Heidenheim,2° tempo,Ospite,Heidenheim,COcxPmNM,1.52,54%,7,5,4,2,86% (182/211),1.0,,1.74,1,1,5,2,0,,10,1,1,6,69% (20/29),66% (39/59),50% (2/4),0.77,4,5,71% (5/7),22,6,7,0,0,1,0.92,0.92
DFB-Pokal,1/32 finale,16.08.2025,Hemelingen,Wolfsburg,Totale,Casa,Hemelingen,YHAAAl8T,0.09,28%,3,2,0,1,76% (186/246),3.0,,0.19,1,0,3,0,0,0.0,3,0,2,10,42% (22/52),40% (12/30),100% (1/1),0.06,10,14,80% (16/20),37,19,9,0,0,8,8.89,-0.11
DFB-Pokal,1/32 finale,16.08.2025,Hemelingen,Wolfsburg,Totale,Ospite,Wolfsburg,YHAAAl8T,7.26,72%,38,17,14,9,92% (565/616),1.0,,8.89,14,7,32,6,0,1.0,56,0,3,14,69% (29/42),80% (167/208),50% (11/22),2.93,31,10,83% (20/24),48,4,4,0,0,2,0.19,0.19
DFB-Pokal,1/32 finale,16.08.2025,Hemelingen,Wolfsburg,1° tempo,Casa,Hemelingen,YHAAAl8T,0.05,27%,2,1,0,0,75% (86/114),2.0,,0.06,1,0,2,0,0,,2,0,0,5,46% (11/24),38% (5/13),100% (1/1),0.04,5,8,90% (9/10),19,6,3,0,0,3,3.4,0.4
DFB-Pokal,1/32 finale,16.08.2025,Hemelingen,Wolfsburg,1° tempo,Ospite,Wolfsburg,YHAAAl8T,3.3,73%,16,6,5,3,94% (297/317),0.0,,3.4,7,3,14,2,0,,24,0,3,8,68% (19/28),83% (65/78),70% (7/10),1.25,16,5,73% (8/11),25,3,3,0,0,1,0.06,0.06
DFB-Pokal,1/32 finale,16.08.2025,Hemelingen,Wolfsburg,2° tempo,Casa,Hemelingen,YHAAAl8T,0.04,30%,1,1,0,1,76% (100/132),1.0,,0.13,0,0,1,0,0,0.0,1,0,2,5,39% (11/28),41% (7/17),0% (0/0),0.02,5,6,70% (7/10),18,13,6,0,0,5,5.49,-0.51
DFB-Pokal,1/32 finale,16.08.2025,Hemelingen,Wolfsburg,2° tempo,Ospite,Wolfsburg,YHAAAl8T,3.96,70%,22,11,9,6,90% (268/299),1.0,,5.49,7,4,18,4,0,1.0,32,0,0,6,71% (10/14),78% (102/130),33% (4/12),1.68,15,5,92% (12/13),23,1,1,0,0,1,0.13,0.13
DFB-Pokal,1/32 finale,16.08.2025,Norderstedt,St. Pauli,Totale,Casa,Norderstedt,2gxHH5Fd,0.76,22%,9,3,0,3,57% (148/259),4.0,,1.0,4,2,7,2,0,,16,0,2,10,39% (30/76),44% (32/72),71% (5/7),0.39,13,14,67% (14/21),59,88,18,0,0,16,2.35,2.35
DFB-Pokal,1/32 finale,16.08.2025,Norderstedt,St. Pauli,Totale,Ospite,St. Pauli,2gxHH5Fd,3.71,78%,41,16,7,24,89% (830/937),0.0,,2.35,11,14,31,10,2,,82,0,2,14,55% (26/47),78% (301/388),28% (17/60),4.54,29,10,88% (14/16),50,14,8,0,0,3,1.0,1.0
DFB-Pokal,1/32 finale,16.08.2025,Norderstedt,St. Pauli,1° tempo,Casa,Norderstedt,2gxHH5Fd,0.0,18%,0,0,0,0,51% (49/96),1.0,,0.0,0,0,0,0,0,,0,0,0,1,17% (5/30),18% (4/22),0% (0/0),0.02,2,7,64% (7/11),22,38,6,0,0,7,0.87,0.87
DFB-Pokal,1/32 finale,16.08.2025,Norderstedt,St. Pauli,1° tempo,Ospite,St. Pauli,2gxHH5Fd,1.39,82%,19,7,3,7,90% (389/430),0.0,,0.87,4,8,16,3,1,,40,0,1,7,87% (13/15),81% (135/166),20% (5/25),1.62,9,1,83% (5/6),18,5,3,0,0,0,0.0,0.0
DFB-Pokal,1/32 finale,16.08.2025,Norderstedt,St. Pauli,2° tempo,Casa,Norderstedt,2gxHH5Fd,0.12,23%,2,1,0,1,57% (54/94),1.0,,0.31,1,0,1,1,0,,5,0,2,5,44% (12/27),56% (14/25),50% (1/2),0.16,5,4,67% (6/9),22,36,10,0,0,7,1.22,1.22
DFB-Pokal,1/32 finale,16.08.2025,Norderstedt,St. Pauli,2° tempo,Ospite,St. Pauli,2gxHH5Fd,1.31,77%,13,7,2,12,88% (273/309),0.0,,1.22,4,2,7,6,1,,18,0,1,4,47% (7/15),76% (97/127),22% (5/23),1.43,12,5,86% (6/7),21,5,2,0,0,1,0.31,0.31
DFB-Pokal,1/32 finale,16.08.2025,Norderstedt,St. Pauli,Supplementari,Casa,Norderstedt,2gxHH5Fd,0.64,27%,7,2,0,2,65% (45/69),2.0,,0.69,3,2,6,1,0,,11,0,0,4,68% (13/19),56% (14/25),80% (4/5),0.21,6,3,100% (1/1),15,14,2,0,0,2,0.26,0.26
DFB-Pokal,1/32 finale,16.08.2025,Norderstedt,St. Pauli,Supplementari,Ospite,St. Pauli,2gxHH5Fd,1.01,73%,9,2,2,5,85% (168/198),0.0,,0.26,3,4,8,1,0,,24,0,0,3,35% (6/17),73% (69/95),58% (7/12),1.49,8,4,100% (3/3),11,4,3,0,0,2,0.69,0.69
DFB-Pokal,1/32 finale,16.08.2025,Illertissen,Norimberga,Totale,Casa,Illertissen,GGxahkno,0.8,22%,6,3,4,3,58% (145/251),7.0,,2.29,2,1,5,1,1,1.0,10,1,0,16,21% (17/81),42% (30/72),17% (2/12),0.56,12,26,65% (15/23),56,64,14,0,0,7,3.15,0.15
DFB-Pokal,1/32 finale,16.08.2025,Illertissen,Norimberga,Totale,Ospite,Norimberga,GGxahkno,3.72,78%,37,10,9,11,89% (800/894),2.0,,3.15,14,13,25,12,1,1.0,65,1,1,26,62% (34/55),82% (260/319),25% (13/51),3.6,35,16,68% (13/19),86,7,10,0,1,0,2.29,-0.71
DFB-Pokal,1/32 finale,16.08.2025,Illertissen,Norimberga,1° tempo,Casa,Illertissen,GGxahkno,0.53,23%,2,2,2,1,59% (63/106),,,1.64,0,0,2,0,0,,4,1,0,6,20% (6/30),52% (12/23),0% (0/6),0.24,8,3,89% (8/9),22,23,7,0,0,1,0.08,0.08
DFB-Pokal,1/32 finale,16.08.2025,Illertissen,Norimberga,1° tempo,Ospite,Norimberga,GGxahkno,0.59,77%,6,1,1,1,89% (324/366),,,0.08,3,2,5,1,0,,16,0,0,3,75% (18/24),76% (84/110),8% (1/12),0.69,18,6,63% (5/8),21,2,6,0,1,0,1.64,-0.36
DFB-Pokal,1/32 finale,16.08.2025,Illertissen,Norimberga,2° tempo,Casa,Illertissen,GGxahkno,0.13,21%,2,1,1,1,52% (49/94),3.0,,0.65,1,0,2,0,0,1.0,3,0,0,2,13% (4/32),32% (9/28),50% (1/2),0.12,2,12,50% (5/10),19,27,6,0,0,4,2.77,-0.23
DFB-Pokal,1/32 finale,16.08.2025,Illertissen,Norimberga,2° tempo,Ospite,Norimberga,GGxahkno,1.89,79%,17,7,4,6,87% (289/331),0.0,,2.77,6,4,11,6,1,1.0,29,0,0,12,37% (7/19),80% (108/135),35% (8/23),1.87,14,2,60% (3/5),34,2,3,0,0,0,0.65,-0.35
DFB-Pokal,1/32 finale,16.08.2025,Illertissen,Norimberga,Supplementari,Casa,Illertissen,GGxahkno,0.14,20%,2,0,1,1,65% (33/51),4.0,,0.0,1,1,1,1,1,,3,0,0,8,37% (7/19),43% (9/21),25% (1/4),0.2,2,11,50% (2/4),15,14,1,0,0,2,0.3,0.3
DFB-Pokal,1/32 finale,16.08.2025,Illertissen,Norimberga,Supplementari,Ospite,Norimberga,GGxahkno,1.24,80%,14,2,4,4,95% (187/197),2.0,,0.3,5,7,9,5,0,,20,1,1,11,75% (9/12),92% (68/74),25% (4/16),1.04,3,8,83% (5/6),31,3,1,0,0,0,0.0,0.0
DFB-Pokal,1/32 finale,16.08.2025,Rostock,Hoffenheim,Totale,Casa,Rostock,rq6LSVNc,0.74,34%,10,5,2,6,72% (174/243),1.0,,0.29,2,3,7,3,1,0.0,19,0,0,17,48% (22/46),51% (24/47),14% (2/14),0.15,22,12,69% (11/16),49,49,11,0,0,5,4.41,0.41
DFB-Pokal,1/32 finale,16.08.2025,Rostock,Hoffenheim,Totale,Ospite,Hoffenheim,rq6LSVNc,2.33,66%,15,9,5,6,83% (392/475),1.0,,4.41,4,2,11,4,1,1.0,36,1,6,12,49% (24/49),68% (113/165),30% (9/30),2.44,22,17,52% (11/21),51,17,12,0,0,3,0.29,0.29
DFB-Pokal,1/32 finale,16.08.2025,Rostock,Hoffenheim,1° tempo,Casa,Rostock,rq6LSVNc,0.04,28%,2,0,0,0,66% (83/125),0.0,,0.0,1,1,1,1,0,,5,0,0,11,39% (11/28),35% (8/23),0% (0/2),0.02,10,7,71% (5/7),29,31,5,0,0,2,1.13,0.13
DFB-Pokal,1/32 finale,16.08.2025,Rostock,Hoffenheim,1° tempo,Ospite,Hoffenheim,rq6LSVNc,0.46,72%,5,3,0,2,85% (268/314),1.0,,1.13,1,1,3,2,0,,17,1,3,7,60% (18/30),72% (83/116),18% (3/17),0.81,12,11,46% (6/13),31,8,8,0,0,0,0.0,0.0
DFB-Pokal,1/32 finale,16.08.2025,Rostock,Hoffenheim,2° tempo,Casa,Rostock,rq6LSVNc,0.7,43%,8,5,2,6,77% (91/118),1.0,,0.29,1,2,6,2,1,0.0,14,0,0,6,61% (11/18),67% (16/24),17% (2/12),0.13,12,5,67% (6/9),20,18,6,0,0,3,3.28,0.28
DFB-Pokal,1/32 finale,16.08.2025,Rostock,Hoffenheim,2° tempo,Ospite,Hoffenheim,rq6LSVNc,1.87,57%,10,6,5,4,77% (124/161),0.0,,3.28,3,1,8,2,1,1.0,19,0,3,5,32% (6/19),61% (30/49),46% (6/13),1.63,10,6,63% (5/8),20,9,4,0,0,3,0.29,0.29
DFB-Pokal,1/32 finale,16.08.2025,Sandhausen,RB Lipsia,Totale,Casa,Sandhausen,YZyaU3Ga,0.62,28%,7,3,3,2,70% (153/218),2.0,,1.77,4,0,6,1,0,0.0,14,0,1,8,31% (17/54),42% (18/43),20% (2/10),0.37,8,11,68% (15/22),33,34,12,0,0,3,2.09,-1.91
DFB-Pokal,1/32 finale,16.08.2025,Sandhausen,RB Lipsia,Totale,Ospite,RB Lipsia,YZyaU3Ga,2.6,72%,29,7,6,9,89% (501/560),1.0,,2.09,13,9,26,3,1,2.0,68,1,3,11,67% (16/24),81% (163/202),33% (9/27),2.69,24,8,71% (5/7),36,11,8,0,1,1,1.77,-0.23
DFB-Pokal,1/32 finale,16.08.2025,Sandhausen,RB Lipsia,1° tempo,Casa,Sandhausen,YZyaU3Ga,0.43,28%,5,2,3,0,70% (81/116),1.0,,1.7,3,0,4,1,0,0.0,11,0,0,5,32% (8/25),46% (12/26),25% (1/4),0.29,3,7,86% (6/7),13,14,8,0,0,2,1.28,-0.72
DFB-Pokal,1/32 finale,16.08.2025,Sandhausen,RB Lipsia,1° tempo,Ospite,RB Lipsia,YZyaU3Ga,0.83,72%,14,4,2,5,89% (271/304),0.0,,1.28,5,5,14,0,0,1.0,41,0,2,7,50% (3/6),80% (80/100),54% (7/13),1.3,11,5,100% (2/2),18,5,3,0,1,0,1.7,-0.3
DFB-Pokal,1/32 finale,16.08.2025,Sandhausen,RB Lipsia,2° tempo,Casa,Sandhausen,YZyaU3Ga,0.19,29%,2,1,0,2,71% (72/102),1.0,,0.07,1,0,2,0,0,0.0,3,0,1,3,31% (9/29),35% (6/17),17% (1/6),0.08,5,4,60% (9/15),20,20,4,0,0,1,0.81,-1.19
DFB-Pokal,1/32 finale,16.08.2025,Sandhausen,RB Lipsia,2° tempo,Ospite,RB Lipsia,YZyaU3Ga,1.77,71%,15,3,4,4,90% (230/256),1.0,,0.81,8,4,12,3,1,1.0,27,1,1,4,72% (13/18),81% (83/102),14% (2/14),1.39,13,3,60% (3/5),18,6,5,0,0,1,0.07,0.07
DFB-Pokal,1/32 finale,16.08.2025,VfB Lubeck,Darmstadt,Totale,Casa,VfB Lubeck,SGcGJn2s,0.69,34%,8,4,1,2,64% (192/300),3.0,,1.02,2,2,5,3,0,0.0,13,1,1,9,30% (22/73),53% (41/77),0% (0/7),0.69,33,20,74% (14/19),43,26,15,0,0,6,2.57,0.57
DFB-Pokal,1/32 finale,16.08.2025,VfB Lubeck,Darmstadt,Totale,Ospite,Darmstadt,SGcGJn2s,1.66,66%,18,8,2,4,80% (459/571),1.0,,2.57,6,4,10,8,0,1.0,29,0,0,20,58% (49/85),61% (111/181),27% (4/15),1.1,15,9,75% (15/20),74,9,19,0,0,3,1.02,0.02
DFB-Pokal,1/32 finale,16.08.2025,VfB Lubeck,Darmstadt,1° tempo,Casa,VfB Lubeck,SGcGJn2s,0.32,36%,5,1,0,2,68% (108/158),1.0,,0.06,2,2,4,1,0,,9,0,1,5,35% (12/34),66% (21/32),0% (0/3),0.22,14,4,80% (8/10),24,17,10,0,0,4,1.63,0.63
DFB-Pokal,1/32 finale,16.08.2025,VfB Lubeck,Darmstadt,1° tempo,Ospite,Darmstadt,SGcGJn2s,0.98,64%,10,5,1,3,78% (214/274),0.0,,1.63,1,4,5,5,0,,22,0,0,4,55% (21/38),64% (71/111),10% (1/10),0.7,11,5,60% (6/10),34,4,5,0,0,1,0.06,0.06
DFB-Pokal,1/32 finale,16.08.2025,VfB Lubeck,Darmstadt,2° tempo,Casa,VfB Lubeck,SGcGJn2s,0.37,32%,3,3,1,0,59% (84/142),2.0,,0.96,0,0,1,2,0,0.0,4,1,0,4,26% (10/39),44% (20/45),0% (0/4),0.47,19,16,67% (6/9),19,9,5,0,0,2,0.94,-0.06
DFB-Pokal,1/32 finale,16.08.2025,VfB Lubeck,Darmstadt,2° tempo,Ospite,Darmstadt,SGcGJn2s,0.68,68%,8,3,1,1,82% (245/297),1.0,,0.94,5,0,5,3,0,1.0,7,0,0,16,60% (28/47),57% (40/70),60% (3/5),0.4,4,4,90% (9/10),40,5,14,0,0,2,0.96,-0.04
DFB-Pokal,1/32 finale,16.08.2025,Cottbus,Hannover,Totale,Casa,Cottbus,zqn43Ffn,0.22,33%,5,2,0,4,61% (156/256),4.0,,0.88,1,2,4,1,0,,12,0,1,11,28% (21/76),49% (43/87),0% (0/10),0.2,20,18,68% (21/31),59,28,7,0,0,6,1.43,1.43
DFB-Pokal,1/32 finale,16.08.2025,Cottbus,Hannover,Totale,Ospite,Hannover,zqn43Ffn,1.49,67%,14,6,1,8,84% (431/513),3.0,,1.43,3,5,8,6,0,,37,0,5,18,52% (22/42),67% (104/155),0% (0/14),0.5,28,11,68% (13/19),62,16,8,0,0,1,0.88,-0.12
DFB-Pokal,1/32 finale,16.08.2025,Cottbus,Hannover,1° tempo,Casa,Cottbus,zqn43Ffn,0.15,39%,3,1,0,4,62% (88/141),0.0,,0.58,1,1,3,0,0,,9,0,0,5,32% (13/41),53% (28/53),0% (0/10),0.15,13,10,56% (9/16),30,7,2,0,0,2,1.07,1.07
DFB-Pokal,1/32 finale,16.08.2025,Cottbus,Hannover,1° tempo,Ospite,Hannover,zqn43Ffn,0.89,61%,2,2,1,1,82% (193/234),2.0,,1.07,0,0,2,0,0,,13,0,2,10,52% (12/23),67% (42/63),0% (0/3),0.22,14,5,56% (5/9),30,11,5,0,0,0,0.58,-0.42
DFB-Pokal,1/32 finale,16.08.2025,Cottbus,Hannover,2° tempo,Casa,Cottbus,zqn43Ffn,0.07,28%,2,1,0,0,59% (68/115),4.0,,0.3,0,1,1,1,0,,3,0,1,6,23% (8/35),44% (15/34),0% (0/0),0.05,7,8,80% (12/15),29,21,5,0,0,4,0.36,0.36
DFB-Pokal,1/32 finale,16.08.2025,Cottbus,Hannover,2° tempo,Ospite,Hannover,zqn43Ffn,0.6,72%,12,4,0,7,85% (238/279),1.0,,0.36,3,5,6,6,0,,24,0,3,8,53% (10/19),67% (62/92),0% (0/11),0.28,14,6,80% (8/10),32,5,3,0,0,1,0.3,0.3
DFB-Pokal,1/32 finale,16.08.2025,Lotte,Friburgo,Totale,Casa,Lotte,t0u7SsoC,0.05,16%,2,0,0,1,47% (65/139),5.0,,0.0,1,1,0,2,0,,8,0,0,4,21% (9/43),30% (13/44),20% (1/5),0.19,12,19,73% (11/15),27,52,9,0,0,1,1.27,-0.73
DFB-Pokal,1/32 finale,16.08.2025,Lotte,Friburgo,Totale,Ospite,Friburgo,t0u7SsoC,1.41,84%,17,3,3,2,91% (648/713),1.0,,1.27,8,6,8,9,1,,28,0,1,19,65% (42/65),80% (191/238),26% (7/27),1.2,30,4,83% (5/6),36,14,5,0,0,0,0.0,0.0
DFB-Pokal,1/32 finale,16.08.2025,Lotte,Friburgo,1° tempo,Casa,Lotte,t0u7SsoC,0.0,11%,0,0,0,0,36% (18/50),2.0,,0.0,0,0,0,0,0,,2,0,0,2,22% (5/23),13% (2/16),0% (0/2),0.01,7,6,86% (6/7),16,32,5,0,0,0,0.56,-0.44
DFB-Pokal,1/32 finale,16.08.2025,Lotte,Friburgo,1° tempo,Ospite,Friburgo,t0u7SsoC,0.95,89%,9,1,1,0,92% (370/403),1.0,,0.56,5,3,4,5,1,,15,0,1,6,66% (19/29),82% (128/156),13% (2/15),0.54,14,2,100% (2/2),12,2,2,0,0,0,0.0,0.0
DFB-Pokal,1/32 finale,16.08.2025,Lotte,Friburgo,2° tempo,Casa,Lotte,t0u7SsoC,0.05,23%,2,0,0,1,53% (47/89),3.0,,0.0,1,1,0,2,0,,6,0,0,2,20% (4/20),39% (11/28),33% (1/3),0.18,5,13,63% (5/8),11,20,4,0,0,1,0.71,-0.29
DFB-Pokal,1/32 finale,16.08.2025,Lotte,Friburgo,2° tempo,Ospite,Friburgo,t0u7SsoC,0.46,77%,8,2,2,2,90% (278/310),0.0,,0.71,3,3,4,4,0,,13,0,0,13,64% (23/36),77% (63/82),42% (5/12),0.66,16,2,75% (3/4),24,12,3,0,0,0,0.0,0.0
DFB-Pokal,1/32 finale,17.08.2025,Engers,Francoforte,Totale,Casa,Engers,lAbILZXR,0.84,17%,6,1,0,1,41% (54/131),3.0,,0.0,4,1,5,1,0,,11,0,7,7,21% (12/58),42% (16/38),25% (2/8),0.28,13,9,38% (3/8),27,50,8,0,0,5,5.05,0.05
DFB-Pokal,1/32 finale,17.08.2025,Engers,Francoforte,Totale,Ospite,Francoforte,lAbILZXR,5.63,83%,31,10,9,9,88% (584/660),3.0,,5.05,15,6,25,6,0,,65,0,1,9,63% (34/54),80% (230/289),26% (11/42),4.83,18,7,88% (7/8),37,5,7,0,0,0,0.0,0.0
DFB-Pokal,1/32 finale,17.08.2025,Engers,Francoforte,1° tempo,Casa,Engers,lAbILZXR,0.4,14%,3,1,0,0,36% (20/56),2.0,,0.0,2,0,2,1,0,,6,0,2,4,21% (5/24),31% (5/16),25% (1/4),0.15,7,7,43% (3/7),21,34,6,0,0,3,2.15,0.15
DFB-Pokal,1/32 finale,17.08.2025,Engers,Francoforte,1° tempo,Ospite,Francoforte,lAbILZXR,3.39,86%,15,5,5,6,87% (296/341),1.0,,2.15,7,3,11,4,0,,31,0,0,7,63% (17/27),79% (140/178),28% (7/25),2.51,10,4,100% (3/3),21,3,6,0,0,0,0.0,0.0
DFB-Pokal,1/32 finale,17.08.2025,Engers,Francoforte,2° tempo,Casa,Engers,lAbILZXR,0.44,19%,3,0,0,1,45% (34/75),1.0,,0.0,2,1,3,0,0,,5,0,5,3,21% (7/34),50% (11/22),25% (1/4),0.13,6,2,0% (0/1),6,16,2,0,0,2,2.9,-0.1
DFB-Pokal,1/32 finale,17.08.2025,Engers,Francoforte,2° tempo,Ospite,Francoforte,lAbILZXR,2.24,81%,16,5,4,3,90% (288/319),2.0,,2.9,8,3,14,2,0,,34,0,1,2,63% (17/27),81% (90/111),24% (4/17),2.32,8,3,80% (4/5),16,2,1,0,0,0,0.0,0.0
DFB-Pokal,1/32 finale,17.08.2025,Viktoria Koln,Paderborn,Totale,Casa,Viktoria Koln,WAuD1gPb,1.39,58%,15,4,2,2,82% (422/514),2.0,,0.94,6,5,10,5,0,0.0,26,0,2,16,43% (20/47),68% (80/118),19% (3/16),1.4,24,9,79% (11/14),53,8,12,0,1,4,3.11,0.11
DFB-Pokal,1/32 finale,17.08.2025,Viktoria Koln,Paderborn,Totale,Ospite,Paderborn,WAuD1gPb,2.39,42%,10,7,4,0,74% (273/370),3.0,,3.11,3,0,6,4,0,1.0,21,0,2,9,38% (29/77),51% (40/78),20% (1/5),0.76,24,16,67% (12/18),46,21,15,0,0,3,0.94,-0.06
DFB-Pokal,1/32 finale,17.08.2025,Viktoria Koln,Paderborn,1° tempo,Casa,Viktoria Koln,WAuD1gPb,0.68,55%,7,1,1,0,82% (206/250),,,0.02,3,3,5,2,0,0.0,9,0,2,6,55% (12/22),64% (21/33),14% (1/7),0.46,10,5,67% (4/6),19,4,5,0,1,0,2.58,-0.42
DFB-Pokal,1/32 finale,17.08.2025,Viktoria Koln,Paderborn,1° tempo,Ospite,Paderborn,WAuD1gPb,2.06,45%,5,3,3,0,78% (159/205),,,2.58,2,0,3,2,0,1.0,10,0,1,5,45% (18/40),39% (13/33),33% (1/3),0.45,12,6,83% (5/6),17,5,10,0,0,1,0.02,0.02
DFB-Pokal,1/32 finale,17.08.2025,Viktoria Koln,Paderborn,2° tempo,Casa,Viktoria Koln,WAuD1gPb,0.71,62%,8,3,1,2,82% (216/264),2.0,,0.92,3,2,5,3,0,,17,0,0,10,32% (8/25),69% (59/85),22% (2/9),0.94,14,4,88% (7/8),34,4,7,0,0,4,0.53,0.53
DFB-Pokal,1/32 finale,17.08.2025,Viktoria Koln,Paderborn,2° tempo,Ospite,Paderborn,WAuD1gPb,0.33,38%,5,4,1,0,69% (114/165),3.0,,0.53,1,0,3,2,0,,11,0,1,4,30% (11/37),60% (27/45),0% (0/2),0.31,12,10,58% (7/12),29,16,5,0,0,2,0.92,-0.08
DFB-Pokal,1/32 finale,17.08.2025,Meuselwitz,Karlsruher,Totale,Casa,Meuselwitz,YFurxeI8,0.51,43%,9,2,0,1,78% (324/414),1.0,,0.18,5,2,5,4,1,0.0,11,0,0,15,47% (32/68),49% (42/86),24% (4/17),0.32,25,15,100% (15/15),44,17,14,0,2,4,5.04,0.04
DFB-Pokal,1/32 finale,17.08.2025,Meuselwitz,Karlsruher,Totale,Ospite,Karlsruher,YFurxeI8,3.82,57%,22,9,8,7,87% (491/562),0.0,,5.04,4,9,13,9,1,2.0,25,2,0,15,67% (38/57),70% (93/132),47% (7/15),2.11,15,15,50% (6/12),45,19,11,0,0,2,0.18,0.18
DFB-Pokal,1/32 finale,17.08.2025,Meuselwitz,Karlsruher,1° tempo,Casa,Meuselwitz,YFurxeI8,0.29,34%,5,1,0,1,73% (116/160),1.0,,0.17,3,1,4,1,1,0.0,7,0,0,10,36% (12/33),41% (16/39),29% (2/7),0.1,11,6,100% (7/7),21,11,8,0,0,1,1.93,-1.07
DFB-Pokal,1/32 finale,17.08.2025,Meuselwitz,Karlsruher,1° tempo,Ospite,Karlsruher,YFurxeI8,2.05,66%,12,4,3,4,88% (276/313),0.0,,1.93,3,5,6,6,0,1.0,11,1,0,6,69% (22/32),72% (47/65),25% (2/8),0.92,8,10,67% (2/3),18,11,6,0,0,1,0.17,0.17
DFB-Pokal,1/32 finale,17.08.2025,Meuselwitz,Karlsruher,2° tempo,Casa,Meuselwitz,YFurxeI8,0.22,51%,4,1,0,0,82% (208/254),,,0.01,2,1,1,3,0,0.0,4,0,0,5,57% (20/35),55% (26/47),20% (2/10),0.22,14,9,100% (8/8),23,6,6,0,2,3,3.11,1.11
DFB-Pokal,1/32 finale,17.08.2025,Meuselwitz,Karlsruher,2° tempo,Ospite,Karlsruher,YFurxeI8,1.77,49%,10,5,5,3,86% (215/249),,,3.11,1,4,7,3,1,1.0,14,1,0,9,64% (16/25),69% (46/67),71% (5/7),1.19,7,5,44% (4/9),27,8,5,0,0,1,0.01,0.01
DFB-Pokal,1/32 finale,17.08.2025,Lokomotive Leipzig,Schalke,Totale,Casa,Lokomotive Leipzig,0jXTcBON,0.65,46%,11,4,0,8,67% (286/427),2.0,,1.55,5,2,5,6,0,,25,0,6,13,36% (41/114),47% (70/150),15% (4/27),0.62,38,11,62% (8/13),69,63,9,0,0,10,3.62,2.62
DFB-Pokal,1/32 finale,17.08.2025,Lokomotive Leipzig,Schalke,Totale,Ospite,Schalke,0jXTcBON,2.26,54%,26,11,4,9,76% (370/490),2.0,,3.62,10,5,19,7,2,,51,1,2,11,41% (28/68),64% (117/183),35% (13/37),2.12,32,13,61% (11/18),72,60,7,0,0,4,1.55,1.55
DFB-Pokal,1/32 finale,17.08.2025,Lokomotive Leipzig,Schalke,1° tempo,Casa,Lokomotive Leipzig,0jXTcBON,0.5,39%,7,4,0,3,75% (102/136),,,1.55,3,0,3,4,0,,10,0,1,4,43% (15/35),66% (25/38),30% (3/10),0.23,16,4,0% (0/1),20,36,5,0,0,3,0.38,0.38
DFB-Pokal,1/32 finale,17.08.2025,Lokomotive Leipzig,Schalke,1° tempo,Ospite,Schalke,0jXTcBON,0.61,61%,10,3,2,4,78% (163/210),,,0.38,4,3,7,3,0,,23,0,2,4,43% (9/21),62% (56/90),13% (2/15),1.24,16,4,57% (4/7),27,14,2,0,0,4,1.55,1.55
DFB-Pokal,1/32 finale,17.08.2025,Lokomotive Leipzig,Schalke,2° tempo,Casa,Lokomotive Leipzig,0jXTcBON,0.09,51%,3,0,0,4,65% (136/208),,,0.0,2,1,1,2,0,,11,0,4,3,24% (12/49),35% (25/71),10% (1/10),0.31,15,2,100% (5/5),26,18,3,0,0,1,0.42,0.42
DFB-Pokal,1/32 finale,17.08.2025,Lokomotive Leipzig,Schalke,2° tempo,Ospite,Schalke,0jXTcBON,0.25,49%,4,1,1,1,75% (147/197),,,0.42,2,1,3,1,1,,11,0,0,2,34% (11/32),61% (33/54),54% (7/13),0.43,8,3,57% (4/7),22,26,4,0,0,0,0.0,0.0
DFB-Pokal,1/32 finale,17.08.2025,Lokomotive Leipzig,Schalke,Supplementari,Casa,Lokomotive Leipzig,0jXTcBON,0.06,49%,1,0,0,1,58% (48/83),2.0,,0.0,0,1,1,0,0,,4,0,1,6,47% (14/30),49% (20/41),0% (0/7),0.08,7,5,43% (3/7),23,9,1,0,0,6,2.82,1.82
DFB-Pokal,1/32 finale,17.08.2025,Lokomotive Leipzig,Schalke,Supplementari,Ospite,Schalke,0jXTcBON,1.4,51%,12,7,1,4,72% (60/83),2.0,,2.82,4,1,9,3,1,,17,1,0,5,53% (8/15),72% (28/39),44% (4/9),0.45,8,6,75% (3/4),23,20,1,0,0,0,0.0,0.0
DFB-Pokal,1/32 finale,17.08.2025,Delmenhorst,Monchengladbach,Totale,Casa,Delmenhorst,04C2CAwH,0.35,36%,8,4,0,2,58% (162/278),5.0,,0.78,3,1,2,6,0,,11,0,2,8,39% (34/87),46% (51/111),18% (2/11),0.46,19,21,75% (9/12),45,27,5,0,0,6,2.15,-0.85
DFB-Pokal,1/32 finale,17.08.2025,Delmenhorst,Monchengladbach,Totale,Ospite,Monchengladbach,04C2CAwH,4.41,64%,26,10,12,8,76% (368/485),0.0,,2.15,13,3,21,5,3,,54,0,7,21,53% (51/97),69% (95/138),50% (12/24),2.25,25,8,63% (10/16),76,31,7,0,0,2,0.78,-1.22
DFB-Pokal,1/32 finale,17.08.2025,Delmenhorst,Monchengladbach,1° tempo,Casa,Delmenhorst,04C2CAwH,0.22,35%,4,2,0,1,61% (82/134),,,0.31,2,0,0,4,0,,6,0,1,3,58% (22/38),54% (29/54),50% (2/4),0.36,10,9,86% (6/7),20,12,4,0,0,3,1.31,-0.69
DFB-Pokal,1/32 finale,17.08.2025,Delmenhorst,Monchengladbach,1° tempo,Ospite,Monchengladbach,04C2CAwH,2.24,65%,11,6,6,4,76% (186/246),,,1.31,4,1,10,1,1,,28,0,3,9,56% (24/43),71% (39/55),55% (6/11),1.23,17,3,64% (7/11),38,13,3,0,0,0,0.31,-1.69
DFB-Pokal,1/32 finale,17.08.2025,Delmenhorst,Monchengladbach,2° tempo,Casa,Delmenhorst,04C2CAwH,0.13,37%,4,2,0,1,56% (80/144),5.0,,0.47,1,1,2,2,0,,5,0,1,5,24% (12/49),39% (22/57),0% (0/7),0.1,9,12,60% (3/5),25,15,1,0,0,3,0.84,-0.16
DFB-Pokal,1/32 finale,17.08.2025,Delmenhorst,Monchengladbach,2° tempo,Ospite,Monchengladbach,04C2CAwH,2.17,63%,15,4,6,4,76% (182/239),0.0,,0.84,9,2,11,4,2,,26,0,4,12,50% (27/54),67% (56/83),46% (6/13),1.02,8,5,60% (3/5),38,18,4,0,0,2,0.47,0.47
DFB-Pokal,1/32 finale,17.08.2025,Lohne,Furth,Totale,Casa,Lohne,4OwLaXgB,0.28,25%,6,1,0,2,58% (111/192),3.0,2.0,0.04,4,1,4,2,0,0.0,8,0,1,12,28% (16/57),56% (35/63),38% (5/13),0.42,14,22,50% (5/10),34,33,10,0,0,6,1.85,-0.15
DFB-Pokal,1/32 finale,17.08.2025,Lohne,Furth,Totale,Ospite,Furth,4OwLaXgB,2.0,75%,29,8,3,13,84% (476/565),0.0,0.0,1.85,10,11,18,11,0,1.0,42,0,2,22,52% (28/54),74% (166/223),38% (14/37),1.9,18,12,85% (11/13),60,7,7,0,0,1,0.04,0.04
DFB-Pokal,1/32 finale,17.08.2025,Lohne,Furth,1° tempo,Casa,Lohne,4OwLaXgB,0.19,24%,4,1,0,2,56% (52/93),1.0,,0.04,2,1,3,1,0,,6,0,0,7,29% (10/35),57% (25/44),30% (3/10),0.21,3,10,25% (1/4),20,19,8,0,0,4,0.43,0.43
DFB-Pokal,1/32 finale,17.08.2025,Lohne,Furth,1° tempo,Ospite,Furth,4OwLaXgB,0.87,76%,14,4,0,3,85% (258/304),0.0,,0.43,5,5,10,4,0,,23,0,0,10,55% (18/33),70% (81/115),40% (8/20),0.74,10,7,83% (5/6),31,6,2,0,0,1,0.04,0.04
DFB-Pokal,1/32 finale,17.08.2025,Lohne,Furth,2° tempo,Casa,Lohne,4OwLaXgB,0.09,27%,2,0,0,0,60% (59/99),2.0,2.0,0.0,2,0,1,1,0,0.0,2,0,1,5,27% (6/22),53% (10/19),67% (2/3),0.21,11,12,67% (4/6),14,14,2,0,0,2,1.42,-0.58
DFB-Pokal,1/32 finale,17.08.2025,Lohne,Furth,2° tempo,Ospite,Furth,4OwLaXgB,1.13,73%,15,4,3,10,84% (218/261),0.0,0.0,1.42,5,6,8,7,0,1.0,19,0,2,12,48% (10/21),79% (85/108),35% (6/17),1.16,8,5,86% (6/7),29,1,5,0,0,0,0.0,0.0
DFB-Pokal,1/32 finale,17.08.2025,RSV Eintracht,Kaiserslautern,Totale,Casa,RSV Eintracht,dCFoGhvh,0.21,25%,5,2,0,0,64% (167/262),1.0,,0.07,3,0,2,3,0,0.0,3,0,3,6,28% (20/71),29% (15/52),0% (0/4),0.08,20,15,58% (14/24),53,26,10,0,1,3,5.02,-1.98
DFB-Pokal,1/32 finale,17.08.2025,RSV Eintracht,Kaiserslautern,Totale,Ospite,Kaiserslautern,dCFoGhvh,4.06,75%,15,10,9,7,90% (695/769),2.0,,5.02,5,0,11,4,1,3.0,47,1,1,15,62% (29/47),77% (158/204),19% (5/26),3.0,8,6,81% (13/16),53,15,7,0,0,2,0.07,0.07
DFB-Pokal,1/32 finale,17.08.2025,RSV Eintracht,Kaiserslautern,1° tempo,Casa,RSV Eintracht,dCFoGhvh,0.01,29%,1,0,0,0,60% (88/146),0.0,,0.0,1,0,0,1,0,0.0,1,0,1,4,21% (8/39),22% (5/23),0% (0/2),0.01,13,7,90% (9/10),22,12,2,0,0,2,2.99,-1.01
DFB-Pokal,1/32 finale,17.08.2025,RSV Eintracht,Kaiserslautern,1° tempo,Ospite,Kaiserslautern,dCFoGhvh,1.93,71%,7,6,5,4,91% (330/362),2.0,,2.99,1,0,6,1,0,2.0,15,1,0,7,62% (13/21),79% (77/97),8% (1/12),2.08,3,4,67% (4/6),24,12,5,0,0,0,0.0,0.0
DFB-Pokal,1/32 finale,17.08.2025,RSV Eintracht,Kaiserslautern,2° tempo,Casa,RSV Eintracht,dCFoGhvh,0.2,22%,4,2,0,0,68% (79/116),1.0,,0.07,2,0,2,2,0,0.0,2,0,2,2,38% (12/32),34% (10/29),0% (0/2),0.07,7,8,36% (5/14),31,14,8,0,1,1,2.03,-0.97
DFB-Pokal,1/32 finale,17.08.2025,RSV Eintracht,Kaiserslautern,2° tempo,Ospite,Kaiserslautern,dCFoGhvh,2.13,78%,8,4,4,3,90% (365/407),0.0,,2.03,4,0,5,3,1,1.0,32,0,1,8,62% (16/26),76% (81/107),29% (4/14),0.92,5,2,90% (9/10),29,3,2,0,0,2,0.07,0.07
DFB-Pokal,1/32 finale,17.08.2025,Regensburg,Colonia,Totale,Casa,Regensburg,SfA9Ne3F,0.41,23%,7,2,0,3,54% (92/169),3.0,,0.36,4,1,2,5,0,,6,0,2,8,28% (15/54),29% (15/52),40% (2/5),0.29,21,14,64% (7/11),29,41,7,0,0,0,0.47,-1.52
DFB-Pokal,1/32 finale,17.08.2025,Regensburg,Colonia,Totale,Ospite,Colonia,SfA9Ne3F,0.97,77%,17,2,3,13,83% (465/557),2.0,,0.47,9,6,13,4,0,,30,1,1,14,57% (45/79),72% (134/186),23% (6/26),1.48,33,8,100% (6/6),43,8,7,1,0,1,0.36,-0.64
DFB-Pokal,1/32 finale,17.08.2025,Regensburg,Colonia,1° tempo,Casa,Regensburg,SfA9Ne3F,0.16,27%,3,1,0,2,60% (55/92),0.0,,0.04,1,1,1,2,0,,4,0,1,5,32% (9/28),22% (5/23),33% (1/3),0.19,11,9,100% (3/3),13,21,2,0,0,0,0.0,0.0
DFB-Pokal,1/32 finale,17.08.2025,Regensburg,Colonia,1° tempo,Ospite,Colonia,SfA9Ne3F,0.15,73%,6,0,0,7,83% (199/241),1.0,,0.0,3,3,5,1,0,,12,0,1,9,63% (24/38),73% (55/75),25% (3/12),0.35,14,5,100% (1/1),20,5,2,1,0,1,0.04,0.04
DFB-Pokal,1/32 finale,17.08.2025,Regensburg,Colonia,2° tempo,Casa,Regensburg,SfA9Ne3F,0.25,20%,4,1,0,1,48% (37/77),3.0,,0.32,3,0,1,3,0,,2,0,1,3,23% (6/26),34% (10/29),50% (1/2),0.1,10,5,50% (4/8),16,20,5,0,0,0,0.47,-1.52
DFB-Pokal,1/32 finale,17.08.2025,Regensburg,Colonia,2° tempo,Ospite,Colonia,SfA9Ne3F,0.82,80%,11,2,3,6,84% (266/316),1.0,,0.47,6,3,8,3,0,,18,1,0,5,51% (21/41),71% (79/111),21% (3/14),1.13,19,3,100% (5/5),23,3,5,0,0,0,0.32,-0.68
DFB-Pokal,1/32 finale,17.08.2025,Hallescher,Augusta,Totale,Casa,Hallescher,I1zSynOP,0.52,43%,10,2,0,9,69% (209/304),2.0,,0.34,3,5,7,3,0,0.0,16,0,2,14,33% (25/76),46% (42/91),32% (6/19),0.67,23,15,62% (8/13),40,19,7,0,0,4,1.8,-0.2
DFB-Pokal,1/32 finale,17.08.2025,Hallescher,Augusta,Totale,Ospite,Augusta,I1zSynOP,2.13,57%,16,6,2,2,80% (336/418),4.0,,1.8,9,1,13,3,0,1.0,35,0,2,15,43% (26/60),71% (96/135),42% (8/19),1.27,22,14,78% (14/18),62,24,8,0,0,2,0.34,0.34
DFB-Pokal,1/32 finale,17.08.2025,Hallescher,Augusta,1° tempo,Casa,Hallescher,I1zSynOP,0.25,34%,5,2,0,4,69% (88/128),1.0,,0.34,2,1,3,2,0,,9,0,0,7,37% (11/30),57% (27/47),20% (2/10),0.4,13,9,57% (4/7),22,13,1,0,0,2,0.41,0.41
DFB-Pokal,1/32 finale,17.08.2025,Hallescher,Augusta,1° tempo,Ospite,Augusta,I1zSynOP,0.56,66%,7,2,0,0,85% (219/259),3.0,,0.41,5,0,7,0,0,,21,0,1,9,50% (16/32),75% (64/85),50% (6/12),0.76,13,7,80% (8/10),33,14,4,0,0,2,0.34,0.34
DFB-Pokal,1/32 finale,17.08.2025,Hallescher,Augusta,2° tempo,Casa,Hallescher,I1zSynOP,0.27,53%,5,0,0,5,69% (121/176),1.0,,0.0,1,4,4,1,0,0.0,7,0,2,7,30% (14/46),34% (15/44),44% (4/9),0.27,10,6,67% (4/6),18,6,6,0,0,2,1.39,-0.61
DFB-Pokal,1/32 finale,17.08.2025,Hallescher,Augusta,2° tempo,Ospite,Augusta,I1zSynOP,1.57,47%,9,4,2,2,74% (117/159),1.0,,1.39,4,1,6,3,0,1.0,14,0,1,6,36% (10/28),64% (32/50),29% (2/7),0.51,9,7,75% (6/8),29,10,4,0,0,0,0.0,0.0
DFB-Pokal,1/32 finale,17.08.2025,Homburg,Kiel,Totale,Casa,Homburg,GxEZ4SVj,0.82,39%,13,3,0,5,72% (207/289),2.0,,0.08,7,3,7,6,0,,20,0,3,15,31% (18/58),63% (63/100),32% (6/19),0.8,20,13,58% (11/19),53,29,11,0,0,8,2.76,0.76
DFB-Pokal,1/32 finale,17.08.2025,Homburg,Kiel,Totale,Ospite,Kiel,GxEZ4SVj,2.25,61%,26,10,3,19,83% (371/445),3.0,,2.76,8,8,14,12,0,,29,0,2,13,50% (25/50),71% (93/131),15% (5/33),1.18,30,15,77% (10/13),57,29,12,0,0,3,0.08,0.08
DFB-Pokal,1/32 finale,17.08.2025,Homburg,Kiel,1° tempo,Casa,Homburg,GxEZ4SVj,0.27,29%,3,2,0,1,69% (81/117),1.0,,0.04,1,0,2,1,0,,4,0,1,8,29% (8/28),50% (14/28),50% (2/4),0.18,5,5,50% (2/4),22,22,3,0,0,3,0.81,-0.19
DFB-Pokal,1/32 finale,17.08.2025,Homburg,Kiel,1° tempo,Ospite,Kiel,GxEZ4SVj,0.86,71%,14,4,1,12,89% (237/266),1.0,,0.81,5,5,8,6,0,,20,0,2,5,57% (13/23),80% (60/75),8% (2/24),0.54,11,8,80% (4/5),24,5,6,0,0,2,0.04,0.04
DFB-Pokal,1/32 finale,17.08.2025,Homburg,Kiel,2° tempo,Casa,Homburg,GxEZ4SVj,0.55,50%,10,1,0,4,73% (126/172),1.0,,0.04,6,3,5,5,0,,16,0,2,7,33% (10/30),68% (49/72),27% (4/15),0.62,15,8,60% (9/15),31,7,8,0,0,5,1.95,0.95
DFB-Pokal,1/32 finale,17.08.2025,Homburg,Kiel,2° tempo,Ospite,Kiel,GxEZ4SVj,1.39,50%,12,6,2,7,75% (134/179),2.0,,1.95,3,3,6,6,0,,9,0,0,8,44% (12/27),59% (33/56),33% (3/9),0.64,19,7,75% (6/8),33,24,6,0,0,1,0.04,0.04
DFB-Pokal,1/32 finale,17.08.2025,Ulm,Elversberg,Totale,Casa,Ulm,KU61PHY2,0.48,42%,9,0,0,3,75% (268/358),3.0,,0.0,4,5,6,3,0,,18,0,2,7,54% (31/57),51% (45/89),24% (4/17),0.41,24,13,38% (6/16),40,21,9,0,0,4,0.92,-0.08
DFB-Pokal,1/32 finale,17.08.2025,Ulm,Elversberg,Totale,Ospite,Elversberg,KU61PHY2,1.65,58%,20,5,2,10,84% (424/502),1.0,,0.92,11,4,13,7,0,,32,0,2,13,43% (18/42),73% (90/123),48% (10/21),0.93,15,7,53% (8/15),47,28,9,0,0,0,0.0,0.0
DFB-Pokal,1/32 finale,17.08.2025,Ulm,Elversberg,1° tempo,Casa,Ulm,KU61PHY2,0.08,33%,2,0,0,0,76% (116/153),0.0,,0.0,1,1,2,0,0,,7,0,0,5,50% (12/24),45% (19/42),25% (1/4),0.15,6,4,30% (3/10),23,18,8,0,0,1,0.52,0.52
DFB-Pokal,1/32 finale,17.08.2025,Ulm,Elversberg,1° tempo,Ospite,Elversberg,KU61PHY2,0.7,67%,9,1,0,8,88% (266/302),1.0,,0.52,5,3,6,3,0,,20,0,1,4,67% (12/18),78% (71/91),47% (7/15),0.72,8,5,60% (3/5),18,8,3,0,0,0,0.0,0.0
DFB-Pokal,1/32 finale,17.08.2025,Ulm,Elversberg,2° tempo,Casa,Ulm,KU61PHY2,0.4,52%,7,0,0,3,74% (152/205),3.0,,0.0,3,4,4,3,0,,11,0,2,2,58% (19/33),55% (26/47),23% (3/13),0.26,18,9,50% (3/6),17,3,1,0,0,3,0.4,-0.6
DFB-Pokal,1/32 finale,17.08.2025,Ulm,Elversberg,2° tempo,Ospite,Elversberg,KU61PHY2,0.95,48%,11,4,2,2,79% (158/200),0.0,,0.4,6,1,7,4,0,,12,0,1,9,25% (6/24),59% (19/32),50% (3/6),0.21,7,2,50% (5/10),29,20,6,0,0,0,0.0,0.0
DFB-Pokal,1/32 finale,18.08.2025,Dresda,Magonza,Totale,Casa,Dresda,2FTFQLFO,1.66,52%,16,7,4,3,70% (275/395),2.0,,1.56,7,2,10,6,0,,23,0,0,16,37% (34/91),62% (72/116),21% (3/14),0.57,27,13,74% (20/27),72,13,10,0,0,5,2.49,1.49
DFB-Pokal,1/32 finale,18.08.2025,Dresda,Magonza,Totale,Ospite,Magonza,2FTFQLFO,1.06,48%,12,6,1,4,72% (268/370),2.0,,2.49,5,1,6,6,0,,18,0,1,13,39% (29/74),56% (72/128),36% (5/14),0.44,26,16,70% (14/20),52,19,12,0,0,7,1.56,1.56
DFB-Pokal,1/32 finale,18.08.2025,Dresda,Magonza,1° tempo,Casa,Dresda,2FTFQLFO,0.53,50%,9,5,2,3,73% (134/184),2.0,,0.8,2,2,6,3,0,,12,0,0,7,41% (16/39),61% (33/54),25% (2/8),0.29,9,7,79% (11/14),36,5,6,0,0,4,2.02,1.02
DFB-Pokal,1/32 finale,18.08.2025,Dresda,Magonza,1° tempo,Ospite,Magonza,2FTFQLFO,0.76,50%,7,5,1,4,75% (141/187),1.0,,2.02,1,1,4,3,0,,8,0,1,7,36% (12/33),55% (32/58),44% (4/9),0.28,10,7,89% (8/9),26,8,2,0,0,5,0.8,0.8
DFB-Pokal,1/32 finale,18.08.2025,Dresda,Magonza,2° tempo,Casa,Dresda,2FTFQLFO,1.13,53%,7,2,2,0,67% (141/211),0.0,,0.76,5,0,4,3,0,,11,0,0,9,35% (18/52),63% (39/62),17% (1/6),0.28,18,6,69% (9/13),36,8,4,0,0,1,0.47,0.47
DFB-Pokal,1/32 finale,18.08.2025,Dresda,Magonza,2° tempo,Ospite,Magonza,2FTFQLFO,0.3,47%,5,1,0,0,69% (127/183),1.0,,0.47,4,0,2,3,0,,10,0,0,6,41% (17/41),57% (40/70),20% (1/5),0.16,16,9,55% (6/11),26,11,10,0,0,2,0.76,0.76
DFB-Pokal,1/32 finale,18.08.2025,Munster,Hertha,Totale,Casa,Munster,2ghuErWI,1.78,70%,27,5,4,10,88% (830/939),3.0,,1.33,15,7,15,12,0,,33,1,2,21,42% (24/57),73% (130/178),29% (7/24),1.44,24,15,75% (9/12),61,40,15,0,0,5,0.68,0.68
DFB-Pokal,1/32 finale,18.08.2025,Munster,Hertha,Totale,Ospite,Hertha,2ghuErWI,1.19,30%,11,5,1,0,72% (281/389),4.0,,0.68,3,3,7,4,1,,22,0,2,15,38% (29/76),49% (47/96),17% (3/18),1.09,26,21,61% (14/23),62,30,21,0,0,5,1.33,1.33
DFB-Pokal,1/32 finale,18.08.2025,Munster,Hertha,1° tempo,Casa,Munster,2ghuErWI,1.05,70%,11,2,2,6,90% (320/356),1.0,,0.89,6,3,7,4,0,,14,0,1,4,43% (9/21),74% (49/66),10% (1/10),0.73,7,5,83% (5/6),22,14,7,0,0,3,0.39,0.39
DFB-Pokal,1/32 finale,18.08.2025,Munster,Hertha,1° tempo,Ospite,Hertha,2ghuErWI,0.16,30%,3,3,0,0,71% (109/153),0.0,,0.39,0,0,2,1,0,,9,0,1,5,48% (16/33),56% (15/27),29% (2/7),0.17,11,4,62% (8/13),29,13,7,0,0,2,0.89,0.89
DFB-Pokal,1/32 finale,18.08.2025,Munster,Hertha,2° tempo,Casa,Munster,2ghuErWI,0.64,73%,13,3,2,3,86% (293/342),0.0,,0.44,6,4,7,6,0,,15,1,1,11,39% (9/23),63% (39/62),57% (4/7),0.58,13,5,50% (2/4),24,13,6,0,0,2,0.29,0.29
DFB-Pokal,1/32 finale,18.08.2025,Munster,Hertha,2° tempo,Ospite,Hertha,2ghuErWI,0.81,27%,5,2,1,0,65% (81/125),2.0,,0.29,1,2,2,3,1,,7,0,0,5,29% (9/31),45% (21/47),0% (0/7),0.7,9,11,56% (5/9),22,10,9,0,0,3,0.44,0.44
DFB-Pokal,1/32 finale,18.08.2025,Munster,Hertha,Supplementari,Casa,Munster,2ghuErWI,0.09,68%,3,0,0,1,90% (217/241),2.0,,0.0,3,0,1,2,0,,4,0,0,6,46% (6/13),84% (42/50),29% (2/7),0.13,4,5,100% (2/2),15,13,2,0,0,0,0.0,0.0
DFB-Pokal,1/32 finale,18.08.2025,Munster,Hertha,Supplementari,Ospite,Hertha,2ghuErWI,0.22,32%,3,0,0,0,82% (91/111),2.0,,0.0,2,1,3,0,0,,6,0,1,5,33% (4/12),50% (11/22),25% (1/4),0.22,6,6,100% (1/1),11,7,5,0,0,0,0.0,0.0
DFB-Pokal,1/32 finale,18.08.2025,Schweinfurt,Dusseldorf,Totale,Casa,Schweinfurt,4xJgEW84,1.08,37%,11,4,1,2,79% (246/312),4.0,,1.07,6,1,6,5,1,,10,0,0,13,45% (24/53),59% (47/79),9% (1/11),0.17,20,15,77% (10/13),38,22,8,0,1,7,5.78,1.78
DFB-Pokal,1/32 finale,18.08.2025,Schweinfurt,Dusseldorf,Totale,Ospite,Dusseldorf,4xJgEW84,3.46,63%,25,11,4,7,87% (456/527),3.0,,5.78,9,5,16,9,0,,31,1,2,15,64% (32/50),74% (134/180),36% (8/22),1.55,20,13,69% (9/13),42,10,4,0,0,2,1.07,-0.93
DFB-Pokal,1/32 finale,18.08.2025,Schweinfurt,Dusseldorf,1° tempo,Casa,Schweinfurt,4xJgEW84,0.94,35%,5,2,1,1,79% (122/155),1.0,,0.77,2,1,5,0,0,,7,0,0,6,52% (15/29),55% (18/33),20% (1/5),0.11,7,6,80% (4/5),19,10,6,0,0,4,1.73,1.73
DFB-Pokal,1/32 finale,18.08.2025,Schweinfurt,Dusseldorf,1° tempo,Ospite,Dusseldorf,4xJgEW84,0.45,65%,8,4,0,4,88% (260/294),2.0,,1.73,3,1,5,3,0,,10,0,2,6,50% (9/18),77% (71/92),25% (3/12),0.45,9,6,89% (8/9),21,3,1,0,0,1,0.77,-0.23
DFB-Pokal,1/32 finale,18.08.2025,Schweinfurt,Dusseldorf,2° tempo,Casa,Schweinfurt,4xJgEW84,0.14,40%,6,2,0,1,79% (124/157),3.0,,0.3,4,0,1,5,1,,3,0,0,7,38% (9/24),63% (29/46),0% (0/6),0.06,13,9,75% (6/8),19,12,2,0,1,3,4.05,0.05
DFB-Pokal,1/32 finale,18.08.2025,Schweinfurt,Dusseldorf,2° tempo,Ospite,Dusseldorf,4xJgEW84,3.01,60%,17,7,4,3,84% (196/233),1.0,,4.05,6,4,11,6,0,,21,1,0,9,72% (23/32),72% (63/88),50% (5/10),1.1,11,7,25% (1/4),21,7,3,0,0,1,0.3,-0.7
DFB-Pokal,1/32 finale,18.08.2025,RW Essen,Dortmund,Totale,Casa,RW Essen,pfamGDek,0.92,33%,12,5,1,2,74% (238/322),1.0,,0.88,5,2,3,9,0,,11,1,2,9,29% (14/48),48% (35/73),30% (3/10),0.44,20,11,63% (5/8),36,23,9,0,0,3,0.53,-0.47
DFB-Pokal,1/32 finale,18.08.2025,RW Essen,Dortmund,Totale,Ospite,Dortmund,pfamGDek,0.86,67%,13,4,0,6,88% (568/644),1.0,,0.53,5,4,8,5,0,,37,0,4,11,52% (32/62),72% (133/184),50% (9/18),1.34,22,9,46% (6/13),40,26,6,0,0,5,0.88,0.88
DFB-Pokal,1/32 finale,18.08.2025,RW Essen,Dortmund,1° tempo,Casa,RW Essen,pfamGDek,0.57,33%,5,3,1,1,71% (108/152),,,0.78,2,0,1,4,0,,1,1,2,4,26% (6/23),39% (12/31),0% (0/1),0.24,15,2,50% (2/4),16,12,4,0,0,3,0.36,0.36
DFB-Pokal,1/32 finale,18.08.2025,RW Essen,Dortmund,1° tempo,Ospite,Dortmund,pfamGDek,0.52,67%,8,3,0,4,87% (265/306),,,0.36,2,3,5,3,0,,21,0,2,2,39% (11/28),64% (47/74),50% (5/10),0.65,11,4,33% (2/6),17,14,3,0,0,3,0.78,0.78
DFB-Pokal,1/32 finale,18.08.2025,RW Essen,Dortmund,2° tempo,Casa,RW Essen,pfamGDek,0.35,34%,7,2,0,1,76% (130/170),1.0,,0.1,3,2,2,5,0,,10,0,0,5,32% (8/25),55% (23/42),33% (3/9),0.2,5,9,75% (3/4),20,11,5,0,0,0,0.17,-0.83
DFB-Pokal,1/32 finale,18.08.2025,RW Essen,Dortmund,2° tempo,Ospite,Dortmund,pfamGDek,0.34,66%,5,1,0,2,90% (303/338),1.0,,0.17,3,1,3,2,0,,16,0,2,9,62% (21/34),78% (86/110),50% (4/8),0.69,11,5,57% (4/7),23,12,3,0,0,2,0.1,0.1
DFB-Pokal,1/32 finale,26.08.2025,Braunschweig,Stoccarda,Totale,Casa,Braunschweig,Uuv9JRpp,1.83,33%,24,7,1,8,75% (278/373),3.0,,1.67,8,9,13,11,1,0.0,29,0,5,21,40% (27/67),64% (89/139),29% (8/28),0.73,23,14,64% (7/11),63,38,19,0,0,4,3.17,0.17
DFB-Pokal,1/32 finale,26.08.2025,Braunschweig,Stoccarda,Totale,Ospite,Stoccarda,Uuv9JRpp,3.03,67%,21,7,5,7,84% (658/779),5.0,,3.17,8,6,18,3,0,1.0,40,0,3,14,56% (44/79),68% (136/199),35% (9/26),3.04,34,21,67% (16/24),64,25,7,0,0,3,1.67,-2.33
DFB-Pokal,1/32 finale,26.08.2025,Braunschweig,Stoccarda,1° tempo,Casa,Braunschweig,Uuv9JRpp,0.33,35%,5,2,0,1,77% (127/165),1.0,,0.12,3,0,2,3,0,0.0,5,0,4,6,42% (10/24),57% (26/46),29% (2/7),0.16,9,7,50% (1/2),18,7,9,0,0,3,1.13,0.13
DFB-Pokal,1/32 finale,26.08.2025,Braunschweig,Stoccarda,1° tempo,Ospite,Stoccarda,Uuv9JRpp,1.02,65%,8,4,3,2,82% (262/320),2.0,,1.13,3,1,7,1,0,1.0,9,0,2,7,51% (19/37),50% (21/42),71% (5/7),0.76,14,6,25% (1/4),20,5,0,0,0,1,0.12,-0.88
DFB-Pokal,1/32 finale,26.08.2025,Braunschweig,Stoccarda,2° tempo,Casa,Braunschweig,Uuv9JRpp,0.5,35%,10,3,0,3,76% (111/147),0.0,,0.69,3,4,6,4,0,,13,0,1,9,46% (13/28),75% (47/63),36% (5/14),0.37,7,3,75% (3/4),24,20,4,0,0,0,1.65,-0.35
DFB-Pokal,1/32 finale,26.08.2025,Braunschweig,Stoccarda,2° tempo,Ospite,Stoccarda,Uuv9JRpp,1.33,65%,7,2,2,0,85% (254/298),1.0,,1.65,4,1,5,2,0,,14,0,0,3,60% (18/30),68% (60/88),0% (0/5),1.48,14,9,67% (8/12),24,10,5,0,0,1,0.69,-1.31
DFB-Pokal,1/32 finale,26.08.2025,Braunschweig,Stoccarda,Supplementari,Casa,Braunschweig,Uuv9JRpp,1.0,28%,9,2,1,4,66% (40/61),2.0,,0.86,2,5,5,4,1,,11,0,0,6,27% (4/15),53% (16/30),14% (1/7),0.2,7,4,60% (3/5),21,11,6,0,0,1,0.39,0.39
DFB-Pokal,1/32 finale,26.08.2025,Braunschweig,Stoccarda,Supplementari,Ospite,Stoccarda,Uuv9JRpp,0.68,72%,6,1,0,5,88% (142/161),2.0,,0.39,1,4,6,0,0,,17,0,1,4,58% (7/12),80% (55/69),29% (4/14),0.8,6,6,88% (7/8),20,10,2,0,0,1,0.86,-0.14
DFB-Pokal,1/32 finale,27.08.2025,Wehen,Bayern,Totale,Casa,Wehen,tMhdEiQ1,1.13,21%,6,2,2,0,76% (185/244),1.0,,1.01,1,3,4,2,0,0.0,5,0,1,8,43% (23/53),30% (10/33),33% (2/6),0.12,9,12,56% (9/16),41,37,14,1,0,10,3.14,0.14
DFB-Pokal,1/32 finale,27.08.2025,Wehen,Bayern,Totale,Ospite,Bayern,tMhdEiQ1,3.87,79%,22,15,9,7,94% (847/905),1.0,,3.14,5,2,19,3,0,1.0,43,0,5,12,77% (37/48),90% (347/387),11% (2/18),2.22,23,8,75% (6/8),37,10,5,0,1,0,1.01,-0.99
DFB-Pokal,1/32 finale,27.08.2025,Wehen,Bayern,1° tempo,Casa,Wehen,tMhdEiQ1,0.15,20%,4,0,0,0,77% (96/124),,,0.0,1,3,2,2,0,,2,0,0,3,36% (8/22),33% (4/12),0% (0/3),0.01,6,6,50% (3/6),17,14,7,0,0,4,1.18,0.18
DFB-Pokal,1/32 finale,27.08.2025,Wehen,Bayern,1° tempo,Ospite,Bayern,tMhdEiQ1,1.63,80%,9,6,3,6,94% (461/491),,,1.18,2,1,8,1,0,,20,0,2,6,73% (19/26),90% (173/193),9% (1/11),1.3,13,3,83% (5/6),18,3,4,0,0,0,0.0,0.0
DFB-Pokal,1/32 finale,27.08.2025,Wehen,Bayern,2° tempo,Casa,Wehen,tMhdEiQ1,0.98,23%,2,2,2,0,74% (89/120),1.0,,1.01,0,0,2,0,0,0.0,3,0,1,5,48% (15/31),29% (6/21),67% (2/3),0.11,3,6,60% (6/10),24,23,7,1,0,6,1.96,-0.04
DFB-Pokal,1/32 finale,27.08.2025,Wehen,Bayern,2° tempo,Ospite,Bayern,tMhdEiQ1,2.24,77%,13,9,6,1,93% (386/414),1.0,,1.96,3,1,11,2,0,1.0,23,0,3,6,82% (18/22),90% (174/194),14% (1/7),0.92,10,5,50% (1/2),19,7,1,0,1,0,1.01,-0.99
DFB-Pokal,1/16 finale,28.10.2025,Francoforte,Dortmund,Totale,Casa,Francoforte,dtcud0Ms,0.82,49%,16,7,1,3,82% (526/640),1.0,,1.56,6,3,8,8,1,,22,1,4,14,49% (45/92),71% (117/165),29% (4/14),0.85,22,9,70% (21/30),64,29,15,0,0,2,0.8,-0.2
DFB-Pokal,1/16 finale,28.10.2025,Francoforte,Dortmund,Totale,Ospite,Dortmund,dtcud0Ms,1.04,51%,13,3,1,6,82% (546/662),3.0,,0.8,6,4,10,3,0,,28,0,4,9,57% (52/91),77% (129/168),27% (7/26),1.07,36,14,65% (11/17),55,27,15,0,0,6,1.56,0.56
DFB-Pokal,1/16 finale,28.10.2025,Francoforte,Dortmund,1° tempo,Casa,Francoforte,dtcud0Ms,0.31,48%,4,3,1,1,78% (187/239),0.0,,1.13,0,1,2,2,0,,7,1,2,6,41% (17/41),52% (22/42),0% (0/3),0.23,9,3,57% (8/14),24,15,6,0,0,0,0.0,0.0
DFB-Pokal,1/16 finale,28.10.2025,Francoforte,Dortmund,1° tempo,Ospite,Dortmund,dtcud0Ms,0.15,52%,3,0,0,3,80% (206/256),1.0,,0.0,2,1,2,1,0,,8,0,1,3,54% (20/37),69% (45/65),30% (3/10),0.28,20,6,71% (5/7),21,8,9,0,0,2,1.13,0.13
DFB-Pokal,1/16 finale,28.10.2025,Francoforte,Dortmund,2° tempo,Casa,Francoforte,dtcud0Ms,0.43,48%,9,3,0,2,83% (184/222),0.0,,0.34,4,2,4,5,1,,9,0,0,4,59% (19/32),79% (58/73),17% (1/6),0.35,10,5,78% (7/9),19,8,7,0,0,1,0.64,-0.36
DFB-Pokal,1/16 finale,28.10.2025,Francoforte,Dortmund,2° tempo,Ospite,Dortmund,dtcud0Ms,0.75,52%,6,2,1,2,85% (203/240),1.0,,0.64,2,2,5,1,0,,11,0,3,5,75% (24/32),83% (58/70),27% (3/11),0.7,12,4,0% (0/3),18,12,3,0,0,3,0.34,0.34
DFB-Pokal,1/16 finale,28.10.2025,Francoforte,Dortmund,Supplementari,Casa,Francoforte,dtcud0Ms,0.08,52%,3,1,0,0,87% (155/179),1.0,,0.09,2,0,2,1,0,,6,0,2,4,47% (9/19),74% (37/50),60% (3/5),0.27,3,1,86% (6/7),21,6,2,0,0,1,0.16,0.16
DFB-Pokal,1/16 finale,28.10.2025,Francoforte,Dortmund,Supplementari,Ospite,Dortmund,dtcud0Ms,0.14,48%,4,1,0,1,83% (137/166),1.0,,0.16,2,1,3,1,0,,9,0,0,1,36% (8/22),79% (26/33),20% (1/5),0.09,4,4,86% (6/7),16,7,3,0,0,1,0.09,0.09
DFB-Pokal,1/16 finale,28.10.2025,Heidenheim,Amburgo,Totale,Casa,Heidenheim,Wh8DHYlI,0.13,43%,6,1,0,4,75% (241/322),5.0,1.0,0.02,4,1,5,1,0,,15,0,0,8,55% (41/74),51% (48/95),25% (5/20),0.44,23,10,43% (10/23),49,25,7,0,0,5,1.69,0.69
DFB-Pokal,1/16 finale,28.10.2025,Heidenheim,Amburgo,Totale,Ospite,Amburgo,Wh8DHYlI,2.25,57%,17,7,3,8,86% (373/436),1.0,0.0,1.69,5,5,8,9,0,,28,0,0,10,49% (20/41),78% (125/161),13% (3/23),0.86,26,8,33% (2/6),36,22,3,0,0,1,0.02,0.02
DFB-Pokal,1/16 finale,28.10.2025,Heidenheim,Amburgo,1° tempo,Casa,Heidenheim,Wh8DHYlI,0.0,55%,0,0,0,2,81% (179/220),1.0,1.0,0.0,0,0,0,0,0,,6,0,0,5,68% (26/38),63% (31/49),13% (1/8),0.25,16,4,31% (4/13),24,7,4,0,0,1,0.75,0.75
DFB-Pokal,1/16 finale,28.10.2025,Heidenheim,Amburgo,1° tempo,Ospite,Amburgo,Wh8DHYlI,0.79,45%,5,1,1,4,82% (142/174),1.0,0.0,0.75,1,3,3,2,0,,10,0,0,4,52% (14/27),65% (34/52),10% (1/10),0.23,14,5,25% (1/4),14,11,2,0,0,0,0.0,0.0
DFB-Pokal,1/16 finale,28.10.2025,Heidenheim,Amburgo,2° tempo,Casa,Heidenheim,Wh8DHYlI,0.13,29%,6,1,0,2,61% (62/102),4.0,,0.02,4,1,5,1,0,,9,0,0,3,42% (15/36),37% (17/46),33% (4/12),0.19,7,6,60% (6/10),25,18,3,0,0,4,0.94,-0.06
DFB-Pokal,1/16 finale,28.10.2025,Heidenheim,Amburgo,2° tempo,Ospite,Amburgo,Wh8DHYlI,1.46,71%,12,6,2,4,88% (231/262),0.0,,0.94,4,2,5,7,0,,18,0,0,6,43% (6/14),83% (91/109),15% (2/13),0.63,12,3,50% (1/2),22,11,1,0,0,1,0.02,0.02
DFB-Pokal,1/16 finale,28.10.2025,Hertha,Elversberg,Totale,Casa,Hertha,AquEuux1,1.71,47%,9,4,6,3,83% (347/418),0.0,0.0,2.2,4,1,7,2,1,1.0,17,2,3,17,50% (26/52),58% (56/96),23% (3/13),1.22,26,12,63% (17/27),70,31,8,0,0,3,0.46,0.46
DFB-Pokal,1/16 finale,28.10.2025,Hertha,Elversberg,Totale,Ospite,Elversberg,AquEuux1,0.6,53%,11,2,3,4,87% (405/468),3.0,1.0,0.46,6,3,8,3,0,0.0,18,0,2,12,49% (18/37),76% (92/121),21% (3/14),0.49,21,17,65% (13/20),49,15,5,0,0,1,2.2,-0.8
DFB-Pokal,1/16 finale,28.10.2025,Hertha,Elversberg,1° tempo,Casa,Hertha,AquEuux1,0.18,47%,1,1,1,0,82% (182/223),0.0,,0.26,0,0,1,0,0,,7,1,1,7,44% (12/27),55% (31/56),0% (0/6),0.29,17,5,71% (10/14),32,9,3,0,0,2,0.43,0.43
DFB-Pokal,1/16 finale,28.10.2025,Hertha,Elversberg,1° tempo,Ospite,Elversberg,AquEuux1,0.14,53%,4,1,1,3,87% (220/252),1.0,,0.43,3,0,4,0,0,,6,0,0,5,31% (5/16),76% (29/38),14% (1/7),0.12,11,7,57% (8/14),28,8,4,0,0,0,0.26,-0.74
DFB-Pokal,1/16 finale,28.10.2025,Hertha,Elversberg,2° tempo,Casa,Hertha,AquEuux1,1.53,47%,8,3,5,3,85% (165/195),0.0,0.0,1.94,4,1,6,2,1,1.0,10,1,2,10,56% (14/25),63% (25/40),43% (3/7),0.93,9,7,54% (7/13),38,22,5,0,0,1,0.03,0.03
DFB-Pokal,1/16 finale,28.10.2025,Hertha,Elversberg,2° tempo,Ospite,Elversberg,AquEuux1,0.46,53%,7,1,2,1,86% (185/216),2.0,1.0,0.03,3,3,4,3,0,0.0,12,0,2,7,62% (13/21),76% (63/83),29% (2/7),0.37,10,10,83% (5/6),21,7,1,0,0,1,1.94,-0.06
DFB-Pokal,1/16 finale,28.10.2025,Wolfsburg,Kiel,Totale,Casa,Wolfsburg,IT63jdjJ,0.76,50%,14,2,1,5,84% (387/462),7.0,1.0,0.07,8,4,5,9,0,,20,0,4,14,57% (37/65),70% (92/131),31% (4/13),1.17,22,15,72% (13/18),55,22,8,0,0,2,0.91,-0.09
DFB-Pokal,1/16 finale,28.10.2025,Wolfsburg,Kiel,Totale,Ospite,Kiel,IT63jdjJ,1.72,50%,13,3,2,4,85% (381/448),3.0,0.0,0.91,7,3,10,3,0,,30,1,1,15,49% (20/41),76% (69/91),26% (5/19),1.78,19,14,62% (8/13),50,18,6,1,0,2,0.07,0.07
DFB-Pokal,1/16 finale,28.10.2025,Wolfsburg,Kiel,1° tempo,Casa,Wolfsburg,IT63jdjJ,0.24,49%,5,1,0,0,88% (198/226),5.0,1.0,0.03,3,1,3,2,0,,5,0,1,5,72% (28/39),78% (47/60),0% (0/5),0.35,6,9,70% (7/10),25,12,3,0,0,1,0.77,-0.23
DFB-Pokal,1/16 finale,28.10.2025,Wolfsburg,Kiel,1° tempo,Ospite,Kiel,IT63jdjJ,1.5,51%,10,2,1,2,88% (200/227),2.0,0.0,0.77,6,2,8,2,0,,19,1,1,9,47% (9/19),75% (33/44),45% (5/11),1.34,12,5,50% (2/4),25,5,4,0,0,1,0.03,0.03
DFB-Pokal,1/16 finale,28.10.2025,Wolfsburg,Kiel,2° tempo,Casa,Wolfsburg,IT63jdjJ,0.52,52%,9,1,1,5,80% (189/236),2.0,,0.04,5,3,2,7,0,,15,0,3,9,35% (9/26),63% (45/71),50% (4/8),0.82,16,6,75% (6/8),30,10,5,0,0,1,0.14,0.14
DFB-Pokal,1/16 finale,28.10.2025,Wolfsburg,Kiel,2° tempo,Ospite,Kiel,IT63jdjJ,0.22,48%,3,1,1,2,82% (181/221),1.0,,0.14,1,1,2,1,0,,11,0,0,6,50% (11/22),77% (36/47),0% (0/8),0.44,7,9,67% (6/9),25,13,2,1,0,1,0.04,0.04
DFB-Pokal,1/16 finale,28.10.2025,Augusta,Bochum,Totale,Casa,Augusta,xdG81MbK,1.22,61%,15,2,1,7,83% (434/520),1.0,,1.29,6,7,11,4,2,,36,0,0,8,49% (28/57),64% (94/146),26% (8/31),1.13,22,8,69% (11/16),36,23,8,0,0,3,1.82,0.82
DFB-Pokal,1/16 finale,28.10.2025,Augusta,Bochum,Totale,Ospite,Bochum,xdG81MbK,1.78,39%,16,4,2,5,75% (252/336),3.0,,1.82,8,4,9,7,0,,20,1,1,8,38% (27/72),63% (53/84),21% (3/14),0.85,27,8,60% (9/15),40,36,10,1,0,2,1.29,1.29
DFB-Pokal,1/16 finale,28.10.2025,Augusta,Bochum,1° tempo,Casa,Augusta,xdG81MbK,0.65,62%,8,0,1,1,83% (217/261),,,0.0,5,3,7,1,2,,15,0,0,2,45% (14/31),54% (29/54),22% (2/9),0.36,12,4,75% (6/8),16,14,3,0,0,1,0.77,-0.23
DFB-Pokal,1/16 finale,28.10.2025,Augusta,Bochum,1° tempo,Ospite,Bochum,xdG81MbK,0.61,38%,9,2,0,4,73% (116/158),,,0.77,5,2,7,2,0,,14,0,1,4,36% (13/36),64% (32/50),29% (2/7),0.32,12,2,100% (4/4),15,12,4,1,0,0,0.0,0.0
DFB-Pokal,1/16 finale,28.10.2025,Augusta,Bochum,2° tempo,Casa,Augusta,xdG81MbK,0.57,60%,7,2,0,6,84% (217/259),1.0,,1.29,1,4,4,3,0,,21,0,0,6,54% (14/26),71% (65/92),27% (6/22),0.77,10,4,63% (5/8),20,9,5,0,0,2,1.05,1.05
DFB-Pokal,1/16 finale,28.10.2025,Augusta,Bochum,2° tempo,Ospite,Bochum,xdG81MbK,1.17,40%,7,2,2,1,76% (136/178),3.0,,1.05,3,2,2,5,0,,6,1,0,4,39% (14/36),62% (21/34),14% (1/7),0.53,15,6,45% (5/11),25,24,6,0,0,2,1.29,1.29
DFB-Pokal,1/16 finale,28.10.2025,Monchengladbach,Karlsruher,Totale,Casa,Monchengladbach,WbTMwJ6D,3.15,50%,26,10,6,10,84% (379/453),1.0,,3.07,9,7,15,11,0,1.0,32,0,1,12,54% (27/50),66% (70/106),35% (7/20),1.51,15,10,86% (6/7),29,21,5,1,0,4,1.3,0.3
DFB-Pokal,1/16 finale,28.10.2025,Monchengladbach,Karlsruher,Totale,Ospite,Karlsruher,WbTMwJ6D,1.63,50%,12,5,3,4,82% (376/456),2.0,,1.3,4,3,8,4,0,0.0,18,0,1,10,52% (35/67),71% (77/109),23% (3/13),0.54,22,12,71% (5/7),24,24,6,0,0,6,3.07,0.07
DFB-Pokal,1/16 finale,28.10.2025,Monchengladbach,Karlsruher,1° tempo,Casa,Monchengladbach,WbTMwJ6D,1.06,53%,13,4,1,5,83% (231/279),0.0,,0.91,4,5,6,7,0,,15,0,1,6,53% (19/36),66% (52/79),30% (3/10),0.84,6,5,67% (2/3),16,5,5,1,0,2,0.29,0.29
DFB-Pokal,1/16 finale,28.10.2025,Monchengladbach,Karlsruher,1° tempo,Ospite,Karlsruher,WbTMwJ6D,0.54,47%,6,2,1,1,80% (202/251),1.0,,0.29,1,3,4,2,0,,6,0,0,5,54% (19/35),63% (33/52),33% (1/3),0.21,12,6,67% (4/6),14,16,2,0,0,3,0.91,-0.09
DFB-Pokal,1/16 finale,28.10.2025,Monchengladbach,Karlsruher,2° tempo,Casa,Monchengladbach,WbTMwJ6D,2.09,46%,13,6,5,5,85% (148/174),1.0,,2.16,5,2,9,4,0,1.0,17,0,0,6,57% (8/14),67% (18/27),40% (4/10),0.67,9,5,100% (4/4),13,16,0,0,0,2,1.01,0.01
DFB-Pokal,1/16 finale,28.10.2025,Monchengladbach,Karlsruher,2° tempo,Ospite,Karlsruher,WbTMwJ6D,1.09,54%,6,3,2,3,85% (174/205),1.0,,1.01,3,0,4,2,0,0.0,12,0,1,5,50% (16/32),77% (44/57),20% (2/10),0.33,10,6,100% (1/1),10,8,4,0,0,3,2.16,0.16
DFB-Pokal,1/16 finale,28.10.2025,St. Pauli,Hoffenheim,Totale,Casa,St. Pauli,8ENmNxLt,1.48,41%,19,5,1,8,71% (342/482),5.0,,1.78,7,7,9,10,0,0.0,30,1,2,18,32% (28/88),60% (104/172),15% (3/20),0.85,26,15,69% (9/13),49,40,6,0,0,2,2.37,0.37
DFB-Pokal,1/16 finale,28.10.2025,St. Pauli,Hoffenheim,Totale,Ospite,Hoffenheim,8ENmNxLt,1.74,59%,8,4,3,7,84% (581/689),4.0,,2.37,3,1,8,0,1,1.0,27,0,8,15,36% (25/69),58% (96/166),26% (6/23),1.05,32,18,76% (16/21),57,44,15,1,0,2,1.78,-0.22
DFB-Pokal,1/16 finale,28.10.2025,St. Pauli,Hoffenheim,1° tempo,Casa,St. Pauli,8ENmNxLt,0.84,48%,12,3,0,2,72% (152/210),1.0,,1.04,5,4,6,6,0,,16,1,0,10,33% (11/33),57% (40/70),50% (3/6),0.49,12,4,60% (3/5),24,17,1,0,0,1,0.31,0.31
DFB-Pokal,1/16 finale,28.10.2025,St. Pauli,Hoffenheim,1° tempo,Ospite,Hoffenheim,8ENmNxLt,0.3,52%,3,1,0,3,80% (176/219),1.0,,0.31,2,0,3,0,0,,11,0,2,4,40% (10/25),59% (35/59),11% (1/9),0.29,16,10,75% (3/4),18,19,10,1,0,2,1.04,0.04
DFB-Pokal,1/16 finale,28.10.2025,St. Pauli,Hoffenheim,2° tempo,Casa,St. Pauli,8ENmNxLt,0.34,26%,5,1,0,3,63% (75/119),3.0,,0.0,2,2,2,3,0,0.0,6,0,2,6,36% (10/28),57% (17/30),0% (0/3),0.18,7,4,80% (4/5),17,17,4,0,0,1,1.18,0.18
DFB-Pokal,1/16 finale,28.10.2025,St. Pauli,Hoffenheim,2° tempo,Ospite,Hoffenheim,8ENmNxLt,0.36,74%,3,2,1,4,88% (304/346),2.0,,1.18,0,1,3,0,0,1.0,12,0,5,4,30% (8/27),55% (37/67),43% (3/7),0.41,12,6,83% (10/12),21,9,1,0,0,0,0.0,0.0
DFB-Pokal,1/16 finale,28.10.2025,St. Pauli,Hoffenheim,Supplementari,Casa,St. Pauli,8ENmNxLt,0.3,55%,2,1,1,3,75% (115/153),1.0,,0.74,0,1,1,1,0,,8,0,0,2,26% (7/27),65% (47/72),0% (0/11),0.18,7,7,67% (2/3),8,6,1,0,0,0,0.88,-0.12
DFB-Pokal,1/16 finale,28.10.2025,St. Pauli,Hoffenheim,Supplementari,Ospite,Hoffenheim,8ENmNxLt,1.08,45%,2,1,2,0,81% (101/124),1.0,,0.88,1,0,2,0,1,,4,0,1,7,41% (7/17),60% (24/40),29% (2/7),0.35,4,2,60% (3/5),18,16,4,0,0,0,0.74,-0.26
DFB-Pokal,1/16 finale,28.10.2025,Cottbus,RB Lipsia,Totale,Casa,Cottbus,U7zM8w6m,0.86,39%,16,8,0,6,81% (286/351),1.0,,0.85,2,6,9,7,0,0.0,25,0,1,11,61% (34/56),70% (66/94),17% (3/18),0.69,23,8,58% (11/19),40,19,6,0,0,4,2.26,-1.74
DFB-Pokal,1/16 finale,28.10.2025,Cottbus,RB Lipsia,Totale,Ospite,RB Lipsia,U7zM8w6m,1.75,61%,17,8,4,6,89% (502/566),3.0,,2.26,4,5,14,3,0,1.0,35,0,0,8,64% (34/53),78% (105/135),44% (7/16),1.5,20,11,65% (22/34),64,26,10,0,1,7,0.85,-0.15
DFB-Pokal,1/16 finale,28.10.2025,Cottbus,RB Lipsia,1° tempo,Casa,Cottbus,U7zM8w6m,0.33,35%,7,4,0,2,78% (133/170),1.0,,0.71,0,3,4,3,0,0.0,7,0,0,3,58% (19/33),66% (27/41),20% (1/5),0.19,9,5,75% (6/8),15,9,5,0,0,1,1.25,-1.75
DFB-Pokal,1/16 finale,28.10.2025,Cottbus,RB Lipsia,1° tempo,Ospite,RB Lipsia,U7zM8w6m,1.04,65%,7,4,2,4,90% (276/306),0.0,,1.25,0,3,7,0,0,1.0,16,0,0,5,67% (22/33),80% (53/66),33% (3/9),0.37,10,3,58% (11/19),31,9,5,0,0,4,0.71,0.71
DFB-Pokal,1/16 finale,28.10.2025,Cottbus,RB Lipsia,2° tempo,Casa,Cottbus,U7zM8w6m,0.53,42%,9,4,0,4,85% (153/181),0.0,,0.14,2,3,5,4,0,,18,0,1,8,65% (15/23),74% (39/53),15% (2/13),0.5,14,3,45% (5/11),25,10,1,0,0,3,1.01,0.01
DFB-Pokal,1/16 finale,28.10.2025,Cottbus,RB Lipsia,2° tempo,Ospite,RB Lipsia,U7zM8w6m,0.71,58%,10,4,2,2,87% (226/260),3.0,,1.01,4,2,7,3,0,,19,0,0,3,60% (12/20),75% (52/69),57% (4/7),1.13,10,8,73% (11/15),33,17,5,0,1,3,0.14,-0.86
DFB-Pokal,1/16 finale,29.10.2025,Furth,Kaiserslautern,Totale,Casa,Furth,xfF4JfK5,0.96,52%,11,6,0,6,83% (316/383),5.0,1.0,0.73,4,1,7,4,0,,24,1,1,14,45% (21/47),70% (71/102),17% (3/18),1.52,26,16,63% (12/19),49,41,7,2,1,2,1.77,0.77
DFB-Pokal,1/16 finale,29.10.2025,Furth,Kaiserslautern,Totale,Ospite,Kaiserslautern,xfF4JfK5,1.25,48%,10,3,3,8,72% (247/341),6.0,0.0,1.77,2,5,7,3,0,,22,0,5,16,42% (28/67),60% (54/90),24% (5/21),0.34,21,14,53% (8/15),44,14,11,0,0,6,0.73,0.73
DFB-Pokal,1/16 finale,29.10.2025,Furth,Kaiserslautern,1° tempo,Casa,Furth,xfF4JfK5,0.44,47%,5,3,0,2,85% (158/186),2.0,,0.15,2,0,3,2,0,,6,0,0,5,48% (10/21),71% (36/51),0% (0/7),0.59,10,9,43% (3/7),20,23,0,2,1,2,1.77,0.77
DFB-Pokal,1/16 finale,29.10.2025,Furth,Kaiserslautern,1° tempo,Ospite,Kaiserslautern,xfF4JfK5,0.99,53%,8,3,3,6,78% (156/199),3.0,,1.77,2,3,5,3,0,,15,0,2,9,41% (14/34),62% (28/45),25% (4/16),0.25,10,5,25% (2/8),25,5,7,0,0,3,0.15,0.15
DFB-Pokal,1/16 finale,29.10.2025,Furth,Kaiserslautern,2° tempo,Casa,Furth,xfF4JfK5,0.52,58%,6,3,0,4,80% (158/197),3.0,1.0,0.58,2,1,4,2,0,,18,1,1,9,42% (11/26),69% (35/51),27% (3/11),0.93,16,7,75% (9/12),29,18,7,0,0,0,0.0,0.0
DFB-Pokal,1/16 finale,29.10.2025,Furth,Kaiserslautern,2° tempo,Ospite,Kaiserslautern,xfF4JfK5,0.26,42%,2,0,0,2,64% (91/142),3.0,0.0,0.0,0,2,2,0,0,,7,0,3,7,42% (14/33),58% (26/45),20% (1/5),0.09,11,9,86% (6/7),19,9,4,0,0,3,0.58,0.58
DFB-Pokal,1/16 finale,29.10.2025,Magonza,Stoccarda,Totale,Casa,Magonza,QLldhIL6,0.65,52%,10,2,0,2,75% (321/427),5.0,,0.26,3,5,7,3,0,0.0,28,0,2,10,37% (25/67),62% (89/143),11% (2/19),0.78,22,14,75% (12/16),47,18,10,0,0,4,2.16,0.16
DFB-Pokal,1/16 finale,29.10.2025,Magonza,Stoccarda,Totale,Ospite,Stoccarda,QLldhIL6,2.06,48%,17,6,3,4,73% (287/394),3.0,,2.16,4,7,12,5,0,1.0,31,1,1,14,33% (23/70),64% (64/100),23% (3/13),1.49,26,10,60% (9/15),50,24,7,0,0,2,0.26,0.26
DFB-Pokal,1/16 finale,29.10.2025,Magonza,Stoccarda,1° tempo,Casa,Magonza,QLldhIL6,0.17,45%,4,1,0,0,70% (137/195),2.0,,0.01,2,1,1,3,0,0.0,7,0,1,3,34% (12/35),45% (18/40),0% (0/4),0.1,8,10,90% (9/10),23,11,7,0,0,1,0.97,-0.03
DFB-Pokal,1/16 finale,29.10.2025,Magonza,Stoccarda,1° tempo,Ospite,Stoccarda,QLldhIL6,0.98,55%,8,2,1,2,77% (183/238),0.0,,0.97,2,4,5,3,0,1.0,15,0,1,10,38% (13/34),66% (35/53),25% (2/8),0.82,11,3,71% (5/7),26,6,4,0,0,1,0.01,0.01
DFB-Pokal,1/16 finale,29.10.2025,Magonza,Stoccarda,2° tempo,Casa,Magonza,QLldhIL6,0.48,61%,6,1,0,2,79% (184/232),3.0,,0.25,1,4,6,0,0,,21,0,1,7,41% (13/32),69% (71/103),13% (2/15),0.68,14,4,50% (3/6),24,7,3,0,0,3,1.19,0.19
DFB-Pokal,1/16 finale,29.10.2025,Magonza,Stoccarda,2° tempo,Ospite,Stoccarda,QLldhIL6,1.08,39%,9,4,2,2,67% (104/156),3.0,,1.19,2,3,7,2,0,,16,1,0,4,28% (10/36),62% (29/47),20% (1/5),0.67,15,7,50% (4/8),24,18,3,0,0,1,0.25,0.25
DFB-Pokal,1/16 finale,29.10.2025,Paderborn,Leverkusen,Totale,Casa,Paderborn,Ikrv3ZZO,1.42,36%,18,5,0,6,77% (354/458),3.0,1.0,1.17,9,4,12,6,0,1.0,26,0,0,12,43% (33/76),56% (64/114),35% (7/20),0.88,19,18,88% (23/26),61,24,14,0,0,10,5.29,1.29
DFB-Pokal,1/16 finale,29.10.2025,Paderborn,Leverkusen,Totale,Ospite,Leverkusen,Ikrv3ZZO,3.68,64%,29,14,8,6,89% (727/820),2.0,0.0,5.29,10,5,18,11,0,0.0,39,1,4,18,57% (29/51),79% (154/195),46% (12/26),4.44,28,12,58% (11/19),67,40,9,0,0,2,1.17,-0.83
DFB-Pokal,1/16 finale,29.10.2025,Paderborn,Leverkusen,1° tempo,Casa,Paderborn,Ikrv3ZZO,0.57,36%,8,0,0,1,81% (155/192),0.0,,0.0,7,1,4,4,0,,11,0,0,4,40% (10/25),65% (30/46),43% (3/7),0.43,6,8,83% (10/12),23,11,8,0,0,0,0.0,0.0
DFB-Pokal,1/16 finale,29.10.2025,Paderborn,Leverkusen,1° tempo,Ospite,Leverkusen,Ikrv3ZZO,0.1,64%,2,0,0,1,90% (305/340),1.0,,0.0,1,1,1,1,0,,3,0,2,8,65% (15/23),67% (22/33),17% (1/6),0.94,13,4,20% (1/5),21,17,2,0,0,0,0.0,0.0
DFB-Pokal,1/16 finale,29.10.2025,Paderborn,Leverkusen,2° tempo,Casa,Paderborn,Ikrv3ZZO,0.48,46%,7,3,0,5,80% (158/197),0.0,1.0,0.64,2,2,5,2,0,1.0,6,0,0,4,55% (16/29),53% (23/43),31% (4/13),0.33,6,6,100% (8/8),20,3,4,0,0,2,0.7,-0.3
DFB-Pokal,1/16 finale,29.10.2025,Paderborn,Leverkusen,2° tempo,Ospite,Leverkusen,Ikrv3ZZO,1.32,54%,11,3,2,3,85% (202/237),1.0,0.0,0.7,6,2,6,5,0,0.0,13,1,2,6,35% (6/17),68% (32/47),71% (5/7),1.13,7,4,86% (6/7),24,15,5,0,0,1,0.64,-0.36
DFB-Pokal,1/16 finale,29.10.2025,Paderborn,Leverkusen,Supplementari,Casa,Paderborn,Ikrv3ZZO,0.37,21%,3,2,0,0,59% (41/69),3.0,,0.53,0,1,3,0,0,,9,0,0,4,32% (7/22),44% (11/25),0% (0/0),0.12,7,4,83% (5/6),18,10,2,0,0,8,4.59,1.59
DFB-Pokal,1/16 finale,29.10.2025,Paderborn,Leverkusen,Supplementari,Ospite,Leverkusen,Ikrv3ZZO,2.26,79%,16,11,6,2,91% (220/243),0.0,,4.59,3,2,11,5,0,,23,0,0,4,73% (8/11),87% (100/115),46% (6/13),2.37,8,4,57% (4/7),22,8,2,0,0,1,0.53,-0.47
DFB-Pokal,1/16 finale,29.10.2025,Illertissen,Magdeburg,Totale,Casa,Illertissen,bPqjEarQ,0.41,26%,7,1,0,2,58% (134/233),1.0,,0.02,4,2,3,4,0,0.0,7,0,0,8,25% (13/51),44% (27/61),43% (3/7),0.27,16,8,76% (19/25),52,30,14,0,0,7,2.59,-0.41
DFB-Pokal,1/16 finale,29.10.2025,Illertissen,Magdeburg,Totale,Ospite,Magdeburg,bPqjEarQ,2.81,74%,22,10,6,6,87% (607/699),2.0,,2.59,8,4,16,6,2,1.0,44,0,4,8,59% (33/56),73% (147/201),13% (2/16),1.85,21,8,60% (9/15),46,12,14,0,0,1,0.02,0.02
DFB-Pokal,1/16 finale,29.10.2025,Illertissen,Magdeburg,1° tempo,Casa,Illertissen,bPqjEarQ,0.16,25%,3,1,0,0,54% (59/110),0.0,,0.02,2,0,1,2,0,0.0,2,0,0,5,24% (7/29),48% (10/21),100% (2/2),0.21,11,3,69% (9/13),28,19,4,0,0,4,1.45,-0.55
DFB-Pokal,1/16 finale,29.10.2025,Illertissen,Magdeburg,1° tempo,Ospite,Magdeburg,bPqjEarQ,1.43,75%,11,6,3,3,87% (297/341),1.0,,1.45,1,4,7,4,0,1.0,20,0,2,3,50% (17/34),70% (60/86),11% (1/9),0.56,12,5,57% (4/7),24,4,7,0,0,1,0.02,0.02
DFB-Pokal,1/16 finale,29.10.2025,Illertissen,Magdeburg,2° tempo,Casa,Illertissen,bPqjEarQ,0.25,26%,4,0,0,2,61% (75/123),1.0,,0.0,2,2,2,2,0,,5,0,0,3,27% (6/22),43% (17/40),20% (1/5),0.06,5,5,83% (10/12),24,11,10,0,0,3,1.14,0.14
DFB-Pokal,1/16 finale,29.10.2025,Illertissen,Magdeburg,2° tempo,Ospite,Magdeburg,bPqjEarQ,1.38,74%,11,4,3,3,87% (310/358),1.0,,1.14,7,0,9,2,2,,24,0,2,5,73% (16/22),76% (87/115),14% (1/7),1.29,9,3,63% (5/8),22,8,7,0,0,0,0.0,0.0
DFB-Pokal,1/16 finale,29.10.2025,Colonia,Bayern,Totale,Casa,Colonia,UTBdLGkg,1.51,40%,13,7,0,6,74% (248/336),1.0,,1.66,3,3,11,2,1,1.0,26,0,1,14,44% (27/61),60% (61/102),44% (8/18),1.84,22,12,22% (2/9),49,20,7,0,0,5,5.08,1.08
DFB-Pokal,1/16 finale,29.10.2025,Colonia,Bayern,Totale,Ospite,Bayern,UTBdLGkg,4.15,60%,16,9,7,5,85% (447/525),2.0,,5.08,5,2,15,1,0,1.0,33,0,2,12,45% (18/40),76% (103/136),29% (2/7),1.98,10,14,65% (11/17),50,25,6,1,0,6,1.66,0.66
DFB-Pokal,1/16 finale,29.10.2025,Colonia,Bayern,1° tempo,Casa,Colonia,UTBdLGkg,1.11,34%,8,6,0,5,68% (93/137),1.0,,1.45,0,2,7,1,0,1.0,17,0,1,5,48% (16/33),47% (22/47),45% (5/11),1.06,10,4,17% (1/6),28,12,5,0,0,4,3.63,1.63
DFB-Pokal,1/16 finale,29.10.2025,Colonia,Bayern,1° tempo,Ospite,Bayern,UTBdLGkg,2.46,66%,10,6,4,3,86% (243/284),1.0,,3.63,4,0,9,1,0,0.0,15,0,1,4,36% (9/25),75% (56/75),20% (1/5),1.18,4,5,75% (6/8),24,17,3,0,0,5,1.45,0.45
DFB-Pokal,1/16 finale,29.10.2025,Colonia,Bayern,2° tempo,Casa,Colonia,UTBdLGkg,0.4,46%,5,1,0,1,78% (155/199),0.0,,0.21,3,1,4,1,1,0.0,9,0,0,9,39% (11/28),71% (39/55),43% (3/7),0.78,12,8,33% (1/3),21,8,2,0,0,1,1.45,-0.55
DFB-Pokal,1/16 finale,29.10.2025,Colonia,Bayern,2° tempo,Ospite,Bayern,UTBdLGkg,1.69,54%,6,3,3,2,85% (204/241),1.0,,1.45,1,2,6,0,0,1.0,18,0,1,8,60% (9/15),77% (47/61),50% (1/2),0.8,6,9,56% (5/9),26,8,3,1,0,1,0.21,0.21
DFB-Pokal,1/16 finale,29.10.2025,Darmstadt,Schalke,Totale,Casa,Darmstadt,QZTU6Hz0,2.66,51%,15,8,4,6,81% (355/440),1.0,,3.44,3,4,11,4,0,1.0,25,2,3,14,47% (37/79),60% (53/89),21% (3/14),0.92,19,15,43% (6/14),53,22,12,0,0,1,0.66,0.66
DFB-Pokal,1/16 finale,29.10.2025,Darmstadt,Schalke,Totale,Ospite,Schalke,QZTU6Hz0,1.32,49%,7,1,4,3,80% (334/420),1.0,,0.66,5,1,6,1,0,0.0,24,0,0,15,48% (27/56),56% (66/117),7% (1/15),0.7,16,14,64% (7/11),43,15,11,2,1,3,3.44,-0.56
DFB-Pokal,1/16 finale,29.10.2025,Darmstadt,Schalke,1° tempo,Casa,Darmstadt,QZTU6Hz0,1.57,54%,11,5,2,4,79% (174/220),,,1.53,3,3,9,2,0,1.0,21,0,3,10,46% (19/41),62% (41/66),33% (3/9),0.54,9,8,29% (2/7),35,14,5,0,0,1,0.66,0.66
DFB-Pokal,1/16 finale,29.10.2025,Darmstadt,Schalke,1° tempo,Ospite,Schalke,QZTU6Hz0,0.45,46%,2,1,1,1,74% (139/187),,,0.66,1,0,1,1,0,0.0,5,0,0,8,48% (15/31),48% (23/48),0% (0/5),0.11,7,10,67% (4/6),23,10,4,2,0,2,1.53,-0.47
DFB-Pokal,1/16 finale,29.10.2025,Darmstadt,Schalke,2° tempo,Casa,Darmstadt,QZTU6Hz0,1.09,49%,4,3,2,2,82% (181/220),1.0,,1.91,0,1,2,2,0,,4,2,0,4,47% (18/38),52% (12/23),0% (0/5),0.38,10,7,57% (4/7),18,8,7,0,0,0,0.0,0.0
DFB-Pokal,1/16 finale,29.10.2025,Darmstadt,Schalke,2° tempo,Ospite,Schalke,QZTU6Hz0,0.87,51%,5,0,3,2,84% (195/233),1.0,,0.0,4,1,5,0,0,,19,0,0,7,48% (12/25),62% (43/69),10% (1/10),0.59,9,4,60% (3/5),20,5,7,0,1,1,1.91,-0.09
DFB-Pokal,1/16 finale,29.10.2025,Union Berlino,Bielefeld,Totale,Casa,Union Berlino,bmSx5e5C,2.15,54%,29,11,1,11,80% (466/583),3.0,,2.62,10,8,21,8,0,1.0,46,0,6,10,51% (46/90),67% (127/190),28% (14/50),2.1,27,17,61% (14/23),70,20,14,0,0,6,1.89,0.89
DFB-Pokal,1/16 finale,29.10.2025,Union Berlino,Bielefeld,Totale,Ospite,Bielefeld,bmSx5e5C,2.51,46%,20,7,3,4,75% (393/523),2.0,,1.89,9,4,13,7,1,1.0,32,0,2,17,23% (17/75),55% (71/129),26% (5/19),1.45,25,10,83% (10/12),56,41,14,0,0,9,2.62,0.62
DFB-Pokal,1/16 finale,29.10.2025,Union Berlino,Bielefeld,1° tempo,Casa,Union Berlino,bmSx5e5C,0.69,50%,12,2,1,4,80% (152/191),1.0,,0.84,5,5,9,3,0,1.0,16,0,1,5,42% (13/31),63% (39/62),29% (5/17),0.3,9,4,89% (8/9),25,6,5,0,0,4,1.11,0.11
DFB-Pokal,1/16 finale,29.10.2025,Union Berlino,Bielefeld,1° tempo,Ospite,Bielefeld,bmSx5e5C,1.12,50%,9,5,2,1,82% (165/201),0.0,,1.11,3,1,5,4,0,1.0,6,0,0,4,39% (7/18),60% (21/35),20% (1/5),0.22,12,5,100% (4/4),16,10,5,0,0,1,0.84,-0.16
DFB-Pokal,1/16 finale,29.10.2025,Union Berlino,Bielefeld,2° tempo,Casa,Union Berlino,bmSx5e5C,0.47,52%,8,5,0,4,77% (172/223),1.0,,0.8,3,0,6,2,0,,12,0,4,2,46% (17/37),63% (46/73),13% (2/16),0.92,14,8,50% (3/6),22,8,5,0,0,1,0.47,0.47
DFB-Pokal,1/16 finale,29.10.2025,Union Berlino,Bielefeld,2° tempo,Ospite,Bielefeld,bmSx5e5C,1.04,48%,5,1,1,2,72% (154/213),1.0,,0.47,3,1,4,1,1,,12,0,2,8,21% (7/34),52% (24/46),29% (2/7),0.75,6,2,71% (5/7),26,23,7,0,0,5,0.8,0.8
DFB-Pokal,1/16 finale,29.10.2025,Union Berlino,Bielefeld,Supplementari,Casa,Union Berlino,bmSx5e5C,0.99,62%,9,4,0,3,84% (142/169),1.0,,0.98,2,3,6,3,0,,18,0,1,3,73% (16/22),76% (42/55),41% (7/17),0.88,4,5,38% (3/8),23,6,4,0,0,1,0.31,0.31
DFB-Pokal,1/16 finale,29.10.2025,Union Berlino,Bielefeld,Supplementari,Ospite,Bielefeld,bmSx5e5C,0.35,38%,6,1,0,1,68% (74/109),1.0,,0.31,3,2,4,2,0,,14,0,0,5,13% (3/23),54% (26/48),29% (2/7),0.48,7,3,100% (1/1),14,8,2,0,0,3,0.98,-0.02
DFB-Pokal,1/16 finale,29.10.2025,Dusseldorf,Friburgo,Totale,Casa,Dusseldorf,Ugemfvif,1.65,61%,19,4,2,8,82% (414/504),2.0,,1.13,6,9,12,7,1,,27,0,4,8,49% (26/53),67% (115/172),14% (3/21),1.34,19,20,82% (9/11),42,16,9,0,0,4,2.83,-0.17
DFB-Pokal,1/16 finale,29.10.2025,Dusseldorf,Friburgo,Totale,Ospite,Friburgo,Ugemfvif,1.78,39%,19,7,3,3,73% (243/332),4.0,,2.83,6,6,12,7,0,,33,0,1,20,50% (39/78),61% (57/94),38% (5/13),1.24,12,8,82% (14/17),61,15,12,0,0,3,1.13,0.13
DFB-Pokal,1/16 finale,29.10.2025,Dusseldorf,Friburgo,1° tempo,Casa,Dusseldorf,Ugemfvif,0.7,50%,5,1,1,4,81% (176/217),1.0,,0.95,2,2,4,1,0,,7,0,3,3,38% (10/26),66% (35/53),17% (1/6),0.7,12,10,60% (3/5),19,6,6,0,0,1,1.57,-0.43
DFB-Pokal,1/16 finale,29.10.2025,Dusseldorf,Friburgo,1° tempo,Ospite,Friburgo,Ugemfvif,1.25,50%,12,3,2,1,77% (168/217),1.0,,1.57,4,5,9,3,0,,16,0,0,10,53% (21/40),66% (39/59),38% (3/8),0.97,5,3,78% (7/9),31,4,1,0,0,0,0.95,-0.05
DFB-Pokal,1/16 finale,29.10.2025,Dusseldorf,Friburgo,2° tempo,Casa,Dusseldorf,Ugemfvif,0.95,71%,14,3,1,4,83% (238/287),1.0,,0.18,4,7,8,6,1,,20,0,1,5,59% (16/27),67% (80/119),13% (2/15),0.64,7,10,100% (6/6),23,10,3,0,0,3,1.26,0.26
DFB-Pokal,1/16 finale,29.10.2025,Dusseldorf,Friburgo,2° tempo,Ospite,Friburgo,Ugemfvif,0.53,29%,7,4,1,2,65% (75/115),3.0,,1.26,2,1,3,4,0,,17,0,1,10,47% (18/38),51% (18/35),40% (2/5),0.27,7,5,88% (7/8),30,11,11,0,0,3,0.18,0.18
DFB-Pokal,1/8 finale,02.12.2025,Hertha,Kaiserslautern,Totale,Casa,Hertha,nFwMgQXR,3.4,43%,15,8,6,3,79% (298/377),1.0,,3.94,5,2,13,2,3,,27,0,0,13,44% (27/62),62% (48/77),8% (1/13),0.37,17,11,69% (9/13),55,31,8,3,0,2,0.8,-0.2
DFB-Pokal,1/8 finale,02.12.2025,Hertha,Kaiserslautern,Totale,Ospite,Kaiserslautern,nFwMgQXR,0.91,57%,12,3,1,2,83% (419/505),3.0,,0.8,6,3,6,6,0,,22,0,0,11,51% (25/49),69% (96/139),16% (3/19),1.03,21,13,68% (13/19),46,23,11,1,2,2,3.94,-2.06
DFB-Pokal,1/8 finale,02.12.2025,Hertha,Kaiserslautern,1° tempo,Casa,Hertha,nFwMgQXR,2.19,46%,9,5,4,2,75% (136/181),1.0,,2.48,3,1,7,2,3,,15,0,0,10,47% (17/36),51% (19/37),14% (1/7),0.1,12,5,57% (4/7),32,9,4,3,0,1,0.53,-0.47
DFB-Pokal,1/8 finale,02.12.2025,Hertha,Kaiserslautern,1° tempo,Ospite,Kaiserslautern,nFwMgQXR,0.64,54%,8,2,1,0,78% (169/217),2.0,,0.53,5,1,4,4,0,,12,0,0,5,50% (13/26),72% (46/64),14% (1/7),0.71,10,10,67% (8/12),26,15,7,1,1,2,2.48,-0.52
DFB-Pokal,1/8 finale,02.12.2025,Hertha,Kaiserslautern,2° tempo,Casa,Hertha,nFwMgQXR,1.21,40%,6,3,2,1,83% (162/196),0.0,,1.46,2,1,6,0,0,,12,0,0,3,38% (10/26),73% (29/40),0% (0/6),0.27,5,6,83% (5/6),23,22,4,0,0,1,0.27,0.27
DFB-Pokal,1/8 finale,02.12.2025,Hertha,Kaiserslautern,2° tempo,Ospite,Kaiserslautern,nFwMgQXR,0.27,60%,4,1,0,2,87% (250/288),1.0,,0.27,1,2,2,2,0,,10,0,0,6,52% (12/23),67% (50/75),17% (2/12),0.32,11,3,71% (5/7),20,8,4,0,1,0,1.46,-1.54
DFB-Pokal,1/8 finale,02.12.2025,Monchengladbach,St. Pauli,Totale,Casa,Monchengladbach,dlPil4ek,1.8,48%,13,6,3,2,85% (486/571),1.0,,1.51,4,3,8,5,0,1.0,22,0,3,7,45% (25/55),65% (69/106),30% (6/20),1.22,28,8,80% (4/5),27,16,7,0,1,3,1.56,-0.44
DFB-Pokal,1/8 finale,02.12.2025,Monchengladbach,St. Pauli,Totale,Ospite,St. Pauli,dlPil4ek,0.66,52%,11,5,3,0,84% (537/637),2.0,,1.56,4,2,7,4,0,0.0,16,3,2,8,39% (17/44),69% (93/135),11% (1/9),0.92,12,7,53% (9/17),46,34,8,1,0,5,1.51,0.51
DFB-Pokal,1/8 finale,02.12.2025,Monchengladbach,St. Pauli,1° tempo,Casa,Monchengladbach,dlPil4ek,0.55,46%,6,2,1,2,86% (233/271),0.0,,0.45,2,2,4,2,0,,10,0,1,3,52% (13/25),69% (36/52),25% (2/8),0.44,15,2,100% (2/2),9,8,3,0,1,1,0.52,-0.48
DFB-Pokal,1/8 finale,02.12.2025,Monchengladbach,St. Pauli,1° tempo,Ospite,St. Pauli,dlPil4ek,0.31,54%,4,2,1,0,85% (273/320),1.0,,0.52,1,1,3,1,0,,4,3,2,2,32% (6/19),76% (47/62),0% (0/5),0.63,8,3,56% (5/9),18,14,4,1,0,2,0.45,0.45
DFB-Pokal,1/8 finale,02.12.2025,Monchengladbach,St. Pauli,2° tempo,Casa,Monchengladbach,dlPil4ek,1.25,50%,7,4,2,0,84% (253/300),1.0,,1.06,2,1,4,3,0,1.0,12,0,2,4,40% (12/30),61% (33/54),33% (4/12),0.78,13,6,67% (2/3),18,8,4,0,0,2,1.04,0.04
DFB-Pokal,1/8 finale,02.12.2025,Monchengladbach,St. Pauli,2° tempo,Ospite,St. Pauli,dlPil4ek,0.35,50%,7,3,2,0,83% (264/317),1.0,,1.04,3,1,4,3,0,0.0,12,0,0,6,44% (11/25),63% (46/73),25% (1/4),0.29,4,4,50% (4/8),28,20,4,0,0,3,1.06,0.06
DFB-Pokal,1/8 finale,02.12.2025,RB Lipsia,Magdeburg,Totale,Casa,RB Lipsia,txae8PnL,1.79,50%,16,10,5,2,87% (425/491),1.0,,2.59,3,3,11,5,0,,26,0,2,11,67% (30/45),77% (96/125),36% (4/11),0.92,17,7,80% (8/10),42,21,9,0,0,2,1.22,0.22
DFB-Pokal,1/8 finale,02.12.2025,RB Lipsia,Magdeburg,Totale,Ospite,Magdeburg,txae8PnL,1.4,50%,11,3,1,8,85% (420/497),3.0,,1.22,3,5,7,4,0,,20,1,1,7,58% (33/57),69% (83/121),14% (2/14),0.66,15,11,68% (15/22),37,19,9,2,0,6,2.59,-0.41
DFB-Pokal,1/8 finale,02.12.2025,RB Lipsia,Magdeburg,1° tempo,Casa,RB Lipsia,txae8PnL,0.94,41%,7,3,3,0,86% (173/201),1.0,,1.53,3,1,4,3,0,,11,0,1,3,71% (12/17),75% (40/53),50% (1/2),0.48,10,5,75% (3/4),17,12,6,0,0,2,1.22,0.22
DFB-Pokal,1/8 finale,02.12.2025,RB Lipsia,Magdeburg,1° tempo,Ospite,Magdeburg,txae8PnL,1.21,59%,6,3,1,5,88% (253/289),3.0,,1.22,1,2,5,1,0,,10,0,0,5,63% (25/40),62% (32/52),11% (1/9),0.31,9,3,69% (9/13),21,5,2,2,0,1,1.53,-0.47
DFB-Pokal,1/8 finale,02.12.2025,RB Lipsia,Magdeburg,2° tempo,Casa,RB Lipsia,txae8PnL,0.85,58%,9,7,2,2,87% (252/290),,,1.06,0,2,7,2,0,,15,0,1,8,64% (18/28),78% (56/72),33% (3/9),0.44,7,2,83% (5/6),25,9,3,0,0,0,0.0,0.0
DFB-Pokal,1/8 finale,02.12.2025,RB Lipsia,Magdeburg,2° tempo,Ospite,Magdeburg,txae8PnL,0.19,42%,5,0,0,3,80% (167/208),,,0.0,2,3,2,3,0,,10,1,1,2,47% (8/17),74% (51/69),20% (1/5),0.35,6,8,67% (6/9),16,14,7,0,0,5,1.06,0.06
DFB-Pokal,1/8 finale,02.12.2025,Dortmund,Leverkusen,Totale,Casa,Dortmund,IHhZ0sue,1.31,58%,20,4,3,11,86% (462/539),3.0,,0.7,12,4,11,9,0,,47,0,1,8,65% (31/48),80% (169/210),27% (12/45),1.6,28,5,50% (7/14),53,7,2,0,0,1,0.59,-0.41
DFB-Pokal,1/8 finale,02.12.2025,Dortmund,Leverkusen,Totale,Ospite,Leverkusen,IHhZ0sue,0.33,42%,6,2,2,0,82% (347/424),2.0,,0.59,4,0,5,1,0,,10,0,4,5,39% (21/54),55% (37/67),100% (1/1),0.15,13,8,52% (12/23),49,56,4,1,0,4,0.7,0.7
DFB-Pokal,1/8 finale,02.12.2025,Dortmund,Leverkusen,1° tempo,Casa,Dortmund,IHhZ0sue,0.73,49%,10,0,1,4,84% (212/252),,,0.0,7,3,4,6,0,,22,0,0,3,57% (17/30),78% (60/77),31% (5/16),0.67,7,1,0% (0/5),30,4,1,0,0,0,0.46,-0.54
DFB-Pokal,1/8 finale,02.12.2025,Dortmund,Leverkusen,1° tempo,Ospite,Leverkusen,IHhZ0sue,0.3,51%,5,1,1,0,84% (232/276),,,0.46,4,0,4,1,0,,8,0,1,1,33% (8/24),63% (26/41),0% (0/0),0.07,3,3,50% (6/12),24,19,1,1,0,0,0.0,0.0
DFB-Pokal,1/8 finale,02.12.2025,Dortmund,Leverkusen,2° tempo,Casa,Dortmund,IHhZ0sue,0.58,68%,10,4,2,7,87% (250/287),3.0,,0.7,5,1,7,3,0,,25,0,1,5,78% (14/18),82% (109/133),24% (7/29),0.93,21,4,78% (7/9),23,3,1,0,0,1,0.13,0.13
DFB-Pokal,1/8 finale,02.12.2025,Dortmund,Leverkusen,2° tempo,Ospite,Leverkusen,IHhZ0sue,0.03,32%,1,1,1,0,78% (115/148),2.0,,0.13,0,0,1,0,0,,2,0,3,4,43% (13/30),42% (11/26),100% (1/1),0.08,10,5,55% (6/11),25,37,3,0,0,4,0.7,0.7
DFB-Pokal,1/8 finale,03.12.2025,Bochum,Stoccarda,Totale,Casa,Bochum,QakDen3F,0.92,24%,13,3,2,4,65% (146/224),,1.0,0.47,6,4,8,5,0,0.0,12,0,2,5,24% (13/55),60% (29/48),8% (1/12),0.2,17,11,62% (8/13),38,33,8,0,0,3,1.94,0.94
DFB-Pokal,1/8 finale,03.12.2025,Bochum,Stoccarda,Totale,Ospite,Stoccarda,QakDen3F,0.99,76%,10,4,1,4,88% (641/725),,0.0,1.94,4,2,6,4,0,1.0,26,0,7,11,59% (24/41),77% (194/251),20% (5/25),1.51,18,5,67% (8/12),46,18,5,2,0,3,0.47,0.47
DFB-Pokal,1/8 finale,03.12.2025,Bochum,Stoccarda,1° tempo,Casa,Bochum,QakDen3F,0.86,24%,11,3,2,1,63% (64/102),,1.0,0.47,5,3,7,4,0,,8,0,0,3,12% (3/26),52% (13/25),20% (1/5),0.14,8,7,67% (4/6),22,19,4,0,0,1,0.11,0.11
DFB-Pokal,1/8 finale,03.12.2025,Bochum,Stoccarda,1° tempo,Ospite,Stoccarda,QakDen3F,0.17,76%,3,1,0,0,87% (287/331),,0.0,0.11,1,1,2,1,0,,11,0,3,7,58% (14/24),67% (62/93),20% (2/10),0.28,9,3,33% (1/3),24,12,2,2,0,3,0.47,0.47
DFB-Pokal,1/8 finale,03.12.2025,Bochum,Stoccarda,2° tempo,Casa,Bochum,QakDen3F,0.06,24%,2,0,0,3,67% (82/122),,,0.0,1,1,1,1,0,0.0,4,0,2,2,34% (10/29),70% (16/23),0% (0/7),0.06,9,4,57% (4/7),16,14,4,0,0,2,1.83,0.83
DFB-Pokal,1/8 finale,03.12.2025,Bochum,Stoccarda,2° tempo,Ospite,Stoccarda,QakDen3F,0.82,76%,7,3,1,4,90% (354/394),,,1.83,3,1,4,3,0,1.0,15,0,4,4,59% (10/17),84% (132/158),20% (3/15),1.23,9,2,78% (7/9),22,6,3,0,0,0,0.0,0.0
DFB-Pokal,1/8 finale,03.12.2025,Friburgo,Darmstadt,Totale,Casa,Friburgo,d24Q23Ar,3.0,52%,11,4,4,3,86% (392/454),0.0,0.0,2.58,5,2,6,5,1,,23,1,2,7,41% (15/37),75% (95/127),16% (3/19),1.0,17,6,70% (14/20),45,22,7,0,0,6,1.29,1.29
DFB-Pokal,1/8 finale,03.12.2025,Friburgo,Darmstadt,Totale,Ospite,Darmstadt,d24Q23Ar,0.48,48%,11,6,0,9,86% (363/423),2.0,1.0,1.29,4,1,7,4,0,,13,0,1,6,45% (29/64),70% (60/86),33% (6/18),0.47,21,7,56% (5/9),34,30,9,2,0,2,2.58,0.58
DFB-Pokal,1/8 finale,03.12.2025,Friburgo,Darmstadt,1° tempo,Casa,Friburgo,d24Q23Ar,1.5,69%,7,2,2,3,88% (278/317),,,1.73,3,2,3,4,0,,15,0,0,3,44% (11/25),76% (68/90),8% (1/13),0.46,9,5,38% (3/8),19,6,1,0,0,3,0.76,0.76
DFB-Pokal,1/8 finale,03.12.2025,Friburgo,Darmstadt,1° tempo,Ospite,Darmstadt,d24Q23Ar,0.2,31%,5,3,0,2,79% (114/145),,,0.76,2,0,4,1,0,,7,0,0,5,44% (15/34),63% (12/19),25% (1/4),0.13,10,3,67% (4/6),20,24,5,1,0,1,1.73,0.73
DFB-Pokal,1/8 finale,03.12.2025,Friburgo,Darmstadt,2° tempo,Casa,Friburgo,d24Q23Ar,1.5,33%,4,2,2,0,83% (114/137),0.0,0.0,0.85,2,0,3,1,1,,8,1,2,4,33% (4/12),73% (27/37),33% (2/6),0.54,8,1,92% (11/12),26,16,6,0,0,3,0.53,0.53
DFB-Pokal,1/8 finale,03.12.2025,Friburgo,Darmstadt,2° tempo,Ospite,Darmstadt,d24Q23Ar,0.28,67%,6,3,0,7,90% (249/278),2.0,1.0,0.53,2,1,3,3,0,,6,0,1,1,47% (14/30),72% (48/67),36% (5/14),0.34,11,4,33% (1/3),14,6,4,1,0,1,0.85,-0.15
DFB-Pokal,1/8 finale,03.12.2025,Union Berlino,Bayern,Totale,Casa,Union Berlino,hGI0nrQ1,2.99,40%,18,7,4,2,64% (187/291),3.0,,2.19,8,3,12,6,1,0.0,21,0,2,11,45% (31/69),55% (72/131),28% (7/25),0.77,27,14,58% (11/19),48,25,26,0,0,4,1.36,0.36
DFB-Pokal,1/8 finale,03.12.2025,Union Berlino,Bayern,Totale,Ospite,Bayern,hGI0nrQ1,0.85,60%,6,6,2,4,74% (333/452),3.0,,1.36,0,0,3,3,0,1.0,13,0,2,14,45% (29/65),61% (64/105),10% (1/10),0.51,19,11,65% (13/20),62,33,7,2,0,5,2.19,0.19
DFB-Pokal,1/8 finale,03.12.2025,Union Berlino,Bayern,1° tempo,Casa,Union Berlino,hGI0nrQ1,1.3,32%,9,3,1,1,67% (87/130),,,1.21,4,2,7,2,0,0.0,10,0,1,4,45% (13/29),60% (25/42),20% (2/10),0.27,10,4,40% (4/10),17,16,12,0,0,3,1.08,0.08
DFB-Pokal,1/8 finale,03.12.2025,Union Berlino,Bayern,1° tempo,Ospite,Bayern,hGI0nrQ1,0.58,68%,4,4,1,3,81% (237/293),,,1.08,0,0,2,2,0,1.0,9,0,0,4,53% (16/30),71% (51/72),17% (1/6),0.46,10,4,63% (5/8),28,10,0,1,0,2,1.21,0.21
DFB-Pokal,1/8 finale,03.12.2025,Union Berlino,Bayern,2° tempo,Casa,Union Berlino,hGI0nrQ1,1.69,51%,9,4,3,1,62% (100/161),3.0,,0.98,4,1,5,4,1,,11,0,1,7,45% (18/40),53% (47/89),33% (5/15),0.5,17,10,78% (7/9),31,9,14,0,0,1,0.28,0.28
DFB-Pokal,1/8 finale,03.12.2025,Union Berlino,Bayern,2° tempo,Ospite,Bayern,hGI0nrQ1,0.27,49%,2,2,1,1,60% (96/159),3.0,,0.28,0,0,1,1,0,,4,0,2,10,37% (13/35),39% (13/33),0% (0/4),0.05,9,7,67% (8/12),34,23,7,1,0,3,0.98,-0.02
DFB-Pokal,1/8 finale,03.12.2025,Amburgo,Kiel,Totale,Casa,Amburgo,pA5nAoI8,1.75,56%,19,7,1,4,84% (485/577),3.0,,1.81,8,4,12,7,1,,34,2,1,15,37% (25/67),73% (133/183),17% (4/24),1.42,35,14,65% (13/20),57,20,8,0,0,3,1.19,0.19
DFB-Pokal,1/8 finale,03.12.2025,Amburgo,Kiel,Totale,Ospite,Kiel,pA5nAoI8,2.86,44%,19,4,3,8,78% (345/444),6.0,,1.19,10,5,10,9,0,,19,2,1,14,30% (19/63),53% (29/55),32% (6/19),1.78,32,15,48% (14/29),60,31,10,0,0,6,1.81,0.81
DFB-Pokal,1/8 finale,03.12.2025,Amburgo,Kiel,1° tempo,Casa,Amburgo,pA5nAoI8,0.23,46%,4,1,0,2,79% (145/184),1.0,,0.01,1,2,2,2,0,,10,1,0,4,24% (7/29),67% (36/54),0% (0/6),0.2,10,3,56% (5/9),21,11,4,0,0,1,0.47,0.47
DFB-Pokal,1/8 finale,03.12.2025,Amburgo,Kiel,1° tempo,Ospite,Kiel,pA5nAoI8,1.46,54%,6,1,2,5,80% (163/204),2.0,,0.47,4,1,3,3,0,,5,1,1,3,27% (6/22),52% (12/23),25% (3/12),1.02,16,4,53% (10/19),31,13,4,0,0,1,0.01,0.01
DFB-Pokal,1/8 finale,03.12.2025,Amburgo,Kiel,2° tempo,Casa,Amburgo,pA5nAoI8,0.76,73%,10,3,0,0,88% (235/266),1.0,,0.66,5,2,6,4,1,,14,1,1,6,61% (17/28),75% (57/76),20% (2/10),0.78,16,5,86% (6/7),22,3,2,0,0,2,0.26,0.26
DFB-Pokal,1/8 finale,03.12.2025,Amburgo,Kiel,2° tempo,Ospite,Kiel,pA5nAoI8,1.31,27%,11,2,1,2,68% (67/98),4.0,,0.26,6,3,7,4,0,,11,0,0,5,32% (7/22),55% (6/11),75% (3/4),0.55,8,6,33% (3/9),20,12,4,0,0,3,0.66,0.66
DFB-Pokal,1/8 finale,03.12.2025,Amburgo,Kiel,Supplementari,Casa,Amburgo,pA5nAoI8,0.76,48%,5,3,1,2,83% (105/127),1.0,,1.14,2,0,4,1,0,,10,0,0,5,10% (1/10),75% (40/53),25% (2/8),0.44,9,6,50% (2/4),14,6,2,0,0,0,0.46,-0.54
DFB-Pokal,1/8 finale,03.12.2025,Amburgo,Kiel,Supplementari,Ospite,Kiel,pA5nAoI8,0.09,52%,2,1,0,1,81% (115/142),0.0,,0.46,0,1,0,2,0,,3,1,0,6,32% (6/19),52% (11/21),0% (0/3),0.21,8,5,100% (1/1),9,6,2,0,0,2,1.14,0.14
DFB-Pokal,Quarti di finale,03.02.2026,Leverkusen,St. Pauli,Totale,Casa,Leverkusen,b1w0jTWN,1.28,61%,8,4,3,4,91% (724/798),1.0,,1.15,2,2,6,2,1,,17,0,2,14,51% (23/45),69% (56/81),33% (3/9),1.22,12,6,92% (11/12),40,18,15,1,0,0,0.0,0.0
DFB-Pokal,Quarti di finale,03.02.2026,Leverkusen,St. Pauli,Totale,Ospite,St. Pauli,b1w0jTWN,0.94,39%,10,1,3,5,82% (414/505),2.0,,0.0,3,6,7,3,0,,28,0,2,6,39% (19/49),63% (72/114),22% (2/9),2.07,15,14,57% (16/28),47,15,9,2,0,0,1.15,-1.85
DFB-Pokal,Quarti di finale,03.02.2026,Leverkusen,St. Pauli,1° tempo,Casa,Leverkusen,b1w0jTWN,0.91,57%,4,2,1,1,89% (334/376),1.0,,0.38,0,2,4,0,0,,12,0,0,8,44% (12/27),60% (21/35),50% (1/2),0.52,8,4,88% (7/8),22,9,12,0,0,0,0.0,0.0
DFB-Pokal,Quarti di finale,03.02.2026,Leverkusen,St. Pauli,1° tempo,Ospite,St. Pauli,b1w0jTWN,0.87,43%,8,1,3,2,81% (232/287),1.0,,0.0,3,4,6,2,0,,24,0,1,4,44% (11/25),70% (53/76),33% (1/3),1.98,12,8,67% (8/12),25,9,3,1,0,0,0.38,-0.62
DFB-Pokal,Quarti di finale,03.02.2026,Leverkusen,St. Pauli,2° tempo,Casa,Leverkusen,b1w0jTWN,0.37,66%,4,2,2,3,92% (390/422),0.0,,0.77,2,0,2,2,1,,5,0,2,6,61% (11/18),76% (35/46),29% (2/7),0.7,4,2,100% (4/4),18,9,3,1,0,0,0.0,0.0
DFB-Pokal,Quarti di finale,03.02.2026,Leverkusen,St. Pauli,2° tempo,Ospite,St. Pauli,b1w0jTWN,0.07,34%,2,0,0,3,83% (182/218),1.0,,0.0,0,2,1,1,0,,4,0,1,2,33% (8/24),50% (19/38),17% (1/6),0.09,3,6,50% (8/16),22,6,6,1,0,0,0.77,-1.23
DFB-Pokal,Quarti di finale,04.02.2026,Kiel,Stoccarda,Totale,Casa,Kiel,2Zqihk2B,0.88,41%,11,3,2,4,81% (319/393),0.0,,0.34,5,3,6,5,0,,14,0,1,14,52% (29/56),58% (31/53),13% (1/8),0.16,11,10,67% (10/15),41,34,12,2,0,2,2.97,-0.03
DFB-Pokal,Quarti di finale,04.02.2026,Kiel,Stoccarda,Totale,Ospite,Stoccarda,2Zqihk2B,2.82,59%,16,5,4,5,85% (481/567),1.0,,2.97,7,4,13,3,0,,34,3,2,10,47% (23/49),75% (138/184),22% (5/23),2.33,20,14,33% (6/18),45,14,14,0,0,3,0.34,0.34
DFB-Pokal,Quarti di finale,04.02.2026,Kiel,Stoccarda,1° tempo,Casa,Kiel,2Zqihk2B,0.43,32%,6,1,1,2,74% (122/164),0.0,,0.25,4,1,4,2,0,,6,0,0,7,47% (14/30),50% (13/26),33% (1/3),0.07,7,5,57% (4/7),21,17,10,1,0,0,0.0,0.0
DFB-Pokal,Quarti di finale,04.02.2026,Kiel,Stoccarda,1° tempo,Ospite,Stoccarda,2Zqihk2B,0.56,68%,7,0,1,2,85% (296/347),1.0,,0.0,5,2,5,2,0,,16,0,0,5,36% (10/28),77% (87/113),25% (3/12),1.05,11,7,20% (1/5),16,3,7,0,0,1,0.25,0.25
DFB-Pokal,Quarti di finale,04.02.2026,Kiel,Stoccarda,2° tempo,Casa,Kiel,2Zqihk2B,0.45,50%,5,2,1,2,86% (197/229),,,0.09,1,2,2,3,0,,8,0,1,7,58% (15/26),67% (18/27),0% (0/5),0.09,4,5,75% (6/8),20,17,2,1,0,2,2.97,-0.03
DFB-Pokal,Quarti di finale,04.02.2026,Kiel,Stoccarda,2° tempo,Ospite,Stoccarda,2Zqihk2B,2.26,50%,9,5,3,3,84% (185/220),,,2.97,2,2,8,1,0,,18,3,2,5,62% (13/21),72% (51/71),18% (2/11),1.28,9,7,38% (5/13),29,11,7,0,0,2,0.09,0.09
DFB-Pokal,Quarti di finale,10.02.2026,Hertha,Friburgo,Totale,Casa,Hertha,GIoqfBXb,0.69,52%,11,4,1,6,79% (440/560),3.0,,1.49,6,1,8,3,0,,29,1,2,9,44% (31/70),61% (72/118),29% (6/21),0.9,24,14,68% (17/25),73,34,10,2,1,7,1.54,0.54
DFB-Pokal,Quarti di finale,10.02.2026,Hertha,Friburgo,Totale,Ospite,Friburgo,GIoqfBXb,1.05,48%,18,8,3,5,82% (431/524),1.0,,1.54,7,3,13,5,0,,34,1,1,14,26% (13/50),63% (71/113),11% (2/18),1.15,26,9,61% (14/23),67,37,7,1,1,3,1.49,0.49
DFB-Pokal,Quarti di finale,10.02.2026,Hertha,Friburgo,1° tempo,Casa,Hertha,GIoqfBXb,0.19,52%,4,1,1,1,80% (181/226),,,0.12,3,0,4,0,0,,8,0,2,4,48% (12/25),66% (27/41),40% (2/5),0.21,7,3,77% (10/13),27,7,4,1,0,6,0.71,0.71
DFB-Pokal,Quarti di finale,10.02.2026,Hertha,Friburgo,1° tempo,Ospite,Friburgo,GIoqfBXb,0.55,48%,11,6,1,2,84% (178/213),,,0.71,4,1,7,4,0,,12,1,0,3,29% (4/14),60% (24/40),17% (1/6),0.75,9,4,75% (6/8),21,13,3,1,0,1,0.12,0.12
DFB-Pokal,Quarti di finale,10.02.2026,Hertha,Friburgo,2° tempo,Casa,Hertha,GIoqfBXb,0.24,41%,3,0,0,4,74% (117/159),1.0,,0.0,2,1,2,1,0,,9,0,0,3,50% (11/22),48% (13/27),25% (3/12),0.34,7,9,78% (7/9),27,16,6,1,0,0,0.0,0.0
DFB-Pokal,Quarti di finale,10.02.2026,Hertha,Friburgo,2° tempo,Ospite,Friburgo,GIoqfBXb,0.37,59%,5,0,1,3,84% (201/238),1.0,,0.0,3,2,4,1,0,,18,0,0,9,27% (6/22),70% (42/60),11% (1/9),0.39,10,3,60% (3/5),26,10,3,0,0,0,0.0,0.0
DFB-Pokal,Quarti di finale,10.02.2026,Hertha,Friburgo,Supplementari,Casa,Hertha,GIoqfBXb,0.26,70%,4,3,0,1,81% (142/175),2.0,,1.37,1,0,2,2,0,,12,1,0,2,35% (8/23),64% (32/50),25% (1/4),0.35,10,2,0% (0/3),19,11,0,0,1,1,0.83,-0.17
DFB-Pokal,Quarti di finale,10.02.2026,Hertha,Friburgo,Supplementari,Ospite,Friburgo,GIoqfBXb,0.13,30%,2,2,1,0,71% (52/73),0.0,,0.83,0,0,2,0,0,,4,0,1,2,21% (3/14),38% (5/13),0% (0/3),0.01,7,2,50% (5/10),20,14,1,0,1,2,1.37,0.37
DFB-Pokal,Quarti di finale,11.02.2026,Bayern,RB Lipsia,Totale,Casa,Bayern,f3czdX2n,3.11,59%,12,7,6,4,90% (525/584),3.0,,1.87,4,1,10,2,1,,32,1,3,14,66% (33/50),83% (150/181),44% (7/16),1.47,17,11,57% (8/14),37,13,6,0,0,1,0.61,0.61
DFB-Pokal,Quarti di finale,11.02.2026,Bayern,RB Lipsia,Totale,Ospite,RB Lipsia,f3czdX2n,0.46,41%,7,1,2,6,85% (338/399),4.0,,0.61,3,3,5,2,1,,17,0,1,11,41% (20/49),69% (69/100),36% (5/14),0.56,14,14,63% (12/19),46,29,11,0,0,4,1.87,-0.13
DFB-Pokal,Quarti di finale,11.02.2026,Bayern,RB Lipsia,1° tempo,Casa,Bayern,f3czdX2n,0.7,66%,6,4,2,2,90% (322/358),,,0.48,2,0,5,1,1,,19,0,2,5,63% (20/32),81% (83/102),44% (4/9),0.75,10,5,38% (3/8),17,2,2,0,0,1,0.61,0.61
DFB-Pokal,Quarti di finale,11.02.2026,Bayern,RB Lipsia,1° tempo,Ospite,RB Lipsia,f3czdX2n,0.19,34%,4,1,1,2,84% (156/185),,,0.61,1,2,3,1,0,,11,0,1,5,36% (8/22),65% (31/48),67% (2/3),0.17,3,5,70% (7/10),23,21,7,0,0,3,0.48,0.48
DFB-Pokal,Quarti di finale,11.02.2026,Bayern,RB Lipsia,2° tempo,Casa,Bayern,f3czdX2n,2.41,51%,6,3,4,2,90% (203/226),3.0,,1.39,2,1,5,1,0,,13,1,1,9,72% (13/18),85% (67/79),43% (3/7),0.72,7,6,83% (5/6),20,11,4,0,0,0,0.0,0.0
DFB-Pokal,Quarti di finale,11.02.2026,Bayern,RB Lipsia,2° tempo,Ospite,RB Lipsia,f3czdX2n,0.27,49%,3,0,1,4,85% (182/214),4.0,,0.0,2,1,2,1,1,,6,0,0,6,44% (12/27),73% (38/52),27% (3/11),0.39,11,9,56% (5/9),23,8,4,0,0,1,1.39,-0.61
DFB-Pokal,Semi finali,22.04.2026,Leverkusen,Bayern,Totale,Casa,Leverkusen,l4zH1xXP,0.24,47%,4,1,0,4,86% (436/508),2.0,,0.56,1,2,4,0,1,,16,0,0,18,52% (22/42),66% (52/79),23% (3/13),0.62,16,11,77% (10/13),43,20,10,1,0,8,3.91,1.91
DFB-Pokal,Semi finali,22.04.2026,Leverkusen,Bayern,Totale,Ospite,Bayern,l4zH1xXP,3.13,53%,20,11,8,6,89% (515/580),1.0,,3.91,5,4,15,5,0,,44,4,3,11,54% (20/37),79% (168/213),23% (3/13),2.1,21,18,88% (15/17),41,18,10,0,0,1,0.56,0.56
DFB-Pokal,Semi finali,22.04.2026,Leverkusen,Bayern,1° tempo,Casa,Leverkusen,l4zH1xXP,0.0,39%,0,0,0,1,81% (170/211),1.0,,0.0,0,0,0,0,0,,2,0,0,8,32% (7/22),31% (5/16),33% (1/3),0.05,10,6,71% (5/7),20,10,5,0,0,4,1.37,0.37
DFB-Pokal,Semi finali,22.04.2026,Leverkusen,Bayern,1° tempo,Ospite,Bayern,l4zH1xXP,1.09,61%,10,5,3,3,90% (296/330),1.0,,1.37,2,3,7,3,0,,22,2,1,6,61% (11/18),78% (87/112),20% (1/5),1.29,12,8,80% (4/5),16,4,6,0,0,0,0.0,0.0
DFB-Pokal,Semi finali,22.04.2026,Leverkusen,Bayern,2° tempo,Casa,Leverkusen,l4zH1xXP,0.24,54%,4,1,0,3,90% (266/297),1.0,,0.56,1,2,4,0,1,,14,0,0,10,75% (15/20),75% (47/63),20% (2/10),0.57,6,5,83% (5/6),23,10,5,1,0,4,2.54,1.54
DFB-Pokal,Semi finali,22.04.2026,Leverkusen,Bayern,2° tempo,Ospite,Bayern,l4zH1xXP,2.04,46%,10,6,5,3,88% (219/250),0.0,,2.54,3,1,8,2,0,,22,2,2,5,47% (9/19),80% (81/101),25% (2/8),0.81,9,10,92% (11/12),25,14,4,0,0,1,0.56,0.56
DFB-Pokal,Semi finali,23.04.2026,Stoccarda,Friburgo,Totale,Casa,Stoccarda,dAmVwZvJ,4.16,66%,29,9,6,9,82% (572/697),4.0,,3.53,15,5,21,8,2,,53,0,3,17,39% (28/72),76% (167/220),37% (13/35),3.44,18,20,55% (12/22),77,35,9,0,0,3,1.21,0.21
DFB-Pokal,Semi finali,23.04.2026,Stoccarda,Friburgo,Totale,Ospite,Friburgo,dAmVwZvJ,2.45,34%,18,5,4,4,69% (253/365),5.0,,1.21,4,9,15,3,0,,40,0,2,20,31% (26/83),62% (83/134),21% (3/14),1.11,20,17,56% (9/16),77,54,14,2,0,8,3.53,1.53
DFB-Pokal,Semi finali,23.04.2026,Stoccarda,Friburgo,1° tempo,Casa,Stoccarda,dAmVwZvJ,0.89,67%,6,0,0,3,80% (221/275),2.0,,0.0,5,1,5,1,0,,15,0,0,7,39% (12/31),73% (62/85),42% (5/12),0.96,8,7,63% (5/8),34,7,2,0,0,2,1.11,0.11
DFB-Pokal,Semi finali,23.04.2026,Stoccarda,Friburgo,1° tempo,Ospite,Friburgo,dAmVwZvJ,1.33,33%,5,3,2,3,73% (99/135),2.0,,1.11,1,1,5,0,0,,13,0,1,7,41% (13/32),69% (31/45),20% (1/5),0.31,9,7,67% (6/9),31,17,5,1,0,0,0.0,0.0
DFB-Pokal,Semi finali,23.04.2026,Stoccarda,Friburgo,2° tempo,Casa,Stoccarda,dAmVwZvJ,1.67,58%,13,5,3,2,78% (174/222),0.0,,1.66,6,2,9,4,1,,21,0,2,4,43% (13/30),71% (52/73),25% (3/12),0.74,8,9,56% (5/9),20,18,5,0,0,0,0.0,0.0
DFB-Pokal,Semi finali,23.04.2026,Stoccarda,Friburgo,2° tempo,Ospite,Friburgo,dAmVwZvJ,0.79,42%,8,1,2,0,73% (121/165),2.0,,0.0,3,4,5,3,0,,20,0,1,9,27% (9/33),69% (40/58),0% (0/4),0.59,8,4,40% (2/5),30,23,6,1,0,5,1.66,0.66
DFB-Pokal,Semi finali,23.04.2026,Stoccarda,Friburgo,Supplementari,Casa,Stoccarda,dAmVwZvJ,1.6,75%,10,4,3,4,89% (177/200),2.0,,1.87,4,2,7,3,1,,17,0,1,6,27% (3/11),85% (53/62),45% (5/11),1.74,2,4,40% (2/5),23,10,2,0,0,1,0.1,0.1
DFB-Pokal,Semi finali,23.04.2026,Stoccarda,Friburgo,Supplementari,Ospite,Friburgo,dAmVwZvJ,0.33,25%,5,1,0,1,51% (33/65),1.0,,0.1,0,4,5,0,0,,7,0,0,4,22% (4/18),39% (12/31),40% (2/5),0.21,3,6,50% (1/2),16,14,3,0,0,3,1.87,0.87
DFB-Pokal,Finale,23.05.2026,Bayern,Stoccarda,Totale,Casa,Bayern,2VWWP3Cc,2.35,65%,11,6,3,0,84% (472/565),0.0,,2.51,3,2,7,4,1,1.0,24,0,1,13,39% (27/70),70% (76/109),20% (1/5),0.75,23,5,58% (7/12),37,11,5,1,0,3,0.2,0.2
DFB-Pokal,Finale,23.05.2026,Bayern,Stoccarda,Totale,Ospite,Stoccarda,2VWWP3Cc,0.36,35%,8,3,0,3,71% (211/297),2.0,,0.2,3,2,5,3,0,0.0,11,0,0,5,32% (19/60),60% (54/90),29% (4/14),0.52,12,13,53% (18/34),59,19,9,0,0,3,2.51,-0.49
DFB-Pokal,Finale,23.05.2026,Bayern,Stoccarda,1° tempo,Casa,Bayern,2VWWP3Cc,0.14,69%,3,2,0,0,83% (256/309),,,0.05,0,1,2,1,0,,9,0,1,7,37% (14/38),63% (33/52),33% (1/3),0.26,8,1,60% (3/5),16,4,4,1,0,3,0.2,0.2
DFB-Pokal,Finale,23.05.2026,Bayern,Stoccarda,1° tempo,Ospite,Stoccarda,2VWWP3Cc,0.32,31%,7,3,0,3,67% (89/133),,,0.2,2,2,4,3,0,,9,0,0,1,21% (6/28),59% (24/41),38% (3/8),0.37,6,7,41% (7/17),27,15,3,0,0,2,0.05,0.05
DFB-Pokal,Finale,23.05.2026,Bayern,Stoccarda,2° tempo,Casa,Bayern,2VWWP3Cc,2.21,60%,8,4,3,0,84% (216/256),0.0,,2.46,3,1,5,3,1,1.0,15,0,0,6,41% (13/32),75% (43/57),0% (0/2),0.49,15,4,57% (4/7),21,7,1,0,0,0,0.0,0.0
DFB-Pokal,Finale,23.05.2026,Bayern,Stoccarda,2° tempo,Ospite,Stoccarda,2VWWP3Cc,0.04,40%,1,0,0,0,74% (122/164),2.0,,0.0,1,0,1,0,0,0.0,2,0,0,4,41% (13/32),61% (30/49),17% (1/6),0.15,6,6,65% (11/17),32,4,6,0,0,1,2.46,-0.54
