competizione,paese,turno,data,casa,ospite,gol_casa_finale,gol_ospite_finale,rigori_casa,rigori_ospite,divisione_casa,divisione_ospite,gia_abbiamo_formazioni
Copa del Rey,ES,First Round,2025-10-28,Atlético Tordesillas,Burgos CF,1,2,,,3.0,2.0,True
Copa del Rey,ES,First Round,2025-10-28,CD Extremadura 1924,UD Las Palmas,3,1,,,3.0,2.0,True
Copa del Rey,ES,First Round,2025-10-28,CD Guadalajara,CP Cacereño,2,1,,,3.0,3.0,True
Copa del Rey,ES,First Round,2025-10-28,CD Roda,Granada CF,1,5,,,3.0,2.0,True
Copa del Rey,ES,First Round,2025-10-28,CD Toledo,Sevilla FC,1,4,,,3.0,1.0,True
Copa del Rey,ES,First Round,2025-10-28,CD Tropezón,Cultural Leonesa,1,3,,,3.0,2.0,True
Copa del Rey,ES,First Round,2025-10-28,CE Constància,Girona FC,2,3,,,3.0,1.0,True
Copa del Rey,ES,First Round,2025-10-28,CF Inter de Valdemoro,Getafe CF,0,11,,,3.0,1.0,True
Copa del Rey,ES,First Round,2025-10-28,CF Rayo Majadahonda,CF Talavera de la Reina,1,4,,,3.0,3.0,True
Copa del Rey,ES,First Round,2025-10-28,Ourense CF,Real Oviedo,4,2,,,3.0,1.0,True
Copa del Rey,ES,First Round,2025-10-28,RSD Alcalá,CD Tenerife,0,4,,,3.0,3.0,True
Copa del Rey,ES,First Round,2025-10-28,SD Logroñés,Racing Santander,0,4,,,3.0,2.0,True
Copa del Rey,ES,First Round,2025-10-28,SD Negreira,Real Sociedad,0,3,,,3.0,1.0,True
Copa del Rey,ES,First Round,2025-10-28,UCAM Murcia CF,Cádiz CF,1,3,,,3.0,2.0,True
Copa del Rey,ES,First Round,2025-10-28,UD Maracena,Valencia CF,0,5,,,3.0,1.0,True
Copa del Rey,ES,First Round,2025-10-28,UD San Fernando,Albacete Balompié,0,3,,,3.0,2.0,True
Copa del Rey,ES,First Round,2025-10-28,UP Langreo,Racing Ferrol,0,0,3.0,4.0,3.0,3.0,True
Copa del Rey,ES,First Round,2025-10-28,Utebo FC,SD Huesca,0,3,,,3.0,2.0,True
Copa del Rey,ES,First Round,2025-10-29,Atlètic Sant Just,RCD Mallorca,0,2,,,3.0,1.0,True
Copa del Rey,ES,First Round,2025-10-29,Atlético Astorga,CD Mirandés,1,1,3.0,4.0,3.0,2.0,True
Copa del Rey,ES,First Round,2025-10-29,CD Azuaga,CD Leganés,1,4,,,3.0,2.0,True
Copa del Rey,ES,First Round,2025-10-29,CD Cieza,Córdoba CF,1,0,,,3.0,2.0,True
Copa del Rey,ES,First Round,2025-10-29,CD Ebro,SD Tarazona,1,1,4.0,3.0,3.0,3.0,True
Copa del Rey,ES,First Round,2025-10-29,CD Numancia,Arenas Club,3,0,,,3.0,3.0,True
Copa del Rey,ES,First Round,2025-10-29,CD Quintanar del Rey,UD Ibiza,1,1,4.0,3.0,3.0,3.0,True
Copa del Rey,ES,First Round,2025-10-29,CD Sant Jordi,CA Osasuna,0,5,,,3.0,1.0,True
Copa del Rey,ES,First Round,2025-10-29,CD Unión Malacitano,AD Ceuta FC,0,2,,,3.0,2.0,True
Copa del Rey,ES,First Round,2025-10-29,CD Yuncos,Rayo Vallecano,1,6,,,3.0,1.0,True
Copa del Rey,ES,First Round,2025-10-29,CDA Navalcarnero,Mérida AD,2,1,,,3.0,3.0,True
Copa del Rey,ES,First Round,2025-10-29,CF Lorca Deportiva,UD Almería,0,2,,,3.0,2.0,True
Copa del Rey,ES,First Round,2025-10-29,Caudal Deportivo,Sporting Gijón,0,1,,,3.0,2.0,True
Copa del Rey,ES,First Round,2025-10-29,Ciudad Lucena,Villarreal CF,0,6,,,3.0,1.0,True
Copa del Rey,ES,First Round,2025-10-29,Club Portugalete,Real Valladolid CF,1,0,,,3.0,2.0,True
Copa del Rey,ES,First Round,2025-10-29,Náxara CD,SD Eibar,2,4,,,3.0,2.0,True
Copa del Rey,ES,First Round,2025-10-29,Real Jaén CF,CD Eldense,1,3,,,3.0,3.0,True
Copa del Rey,ES,First Round,2025-10-29,Reus FC Reddis,CE Europa,2,2,4.0,3.0,3.0,3.0,True
Copa del Rey,ES,First Round,2025-10-29,Salerm Puente Genil FC,FC Cartagena,0,1,,,3.0,3.0,True
Copa del Rey,ES,First Round,2025-10-29,Torrent CF,Juventud Torremolinos CF,3,1,,,3.0,3.0,True
Copa del Rey,ES,First Round,2025-10-29,UD Los Garres,Elche CF,0,4,,,3.0,1.0,True
Copa del Rey,ES,First Round,2025-10-29,UD Mutilvera,Real Zaragoza,1,3,,,3.0,2.0,True
Copa del Rey,ES,First Round,2025-10-29,UD Ourense,Pontevedra CF,1,1,0.0,3.0,3.0,3.0,True
Copa del Rey,ES,First Round,2025-10-29,UD Poblense,CE Sabadell FC,1,2,,,3.0,3.0,True
Copa del Rey,ES,First Round,2025-10-29,UE Sant Andreu,CD Teruel,2,1,,,3.0,3.0,True
Copa del Rey,ES,First Round,2025-10-30,Atlético Palma del Río CF,Real Betis Balompié,1,7,,,3.0,1.0,True
Copa del Rey,ES,First Round,2025-10-30,CD Atlético Baleares,Gimnàstic de Tarragona,2,0,,,3.0,3.0,True
Copa del Rey,ES,First Round,2025-10-30,CD Estepona FS,Málaga CF,1,3,,,3.0,2.0,True
Copa del Rey,ES,First Round,2025-10-30,CD Getxo,Deportivo Alavés,0,7,,,3.0,1.0,True
Copa del Rey,ES,First Round,2025-10-30,CD Valle de Egüés,FC Andorra,1,5,,,3.0,2.0,True
Copa del Rey,ES,First Round,2025-10-30,CE Atlètic Lleida,RCD Espanyol Barcelona,1,2,,,3.0,3.0,True
Copa del Rey,ES,First Round,2025-10-30,Club Atlético Antoniano,CD Castellón,1,0,,,3.0,2.0,True
Copa del Rey,ES,First Round,2025-10-30,Orihuela CF,Levante UD,3,4,,,3.0,1.0,True
Copa del Rey,ES,First Round,2025-10-30,Puerto de Vega CF,Celta de Vigo,0,2,,,3.0,1.0,True
Copa del Rey,ES,First Round,2025-10-30,Real Murcia CF,Antequera CF,1,1,2.0,1.0,3.0,3.0,True
Copa del Rey,ES,First Round,2025-10-30,Real Ávila CF,Real Avilés CF,1,0,,,3.0,3.0,True
Copa del Rey,ES,First Round,2025-10-30,UD Logroñés,SD Ponferradina,1,3,,,3.0,3.0,True
Copa del Rey,ES,First Round,2025-10-30,UD Sámano,Deportivo de La Coruña,1,5,,,3.0,2.0,True
Copa del Rey,ES,Second Round,2025-12-02,CD Ebro,CA Osasuna,3,5,,,3.0,1.0,True
Copa del Rey,ES,Second Round,2025-12-02,CD Guadalajara,AD Ceuta FC,1,0,,,3.0,2.0,True
Copa del Rey,ES,Second Round,2025-12-02,CD Numancia,RCD Mallorca,2,3,,,3.0,1.0,True
Copa del Rey,ES,Second Round,2025-12-02,CDA Navalcarnero,Getafe CF,2,3,,,3.0,1.0,True
Copa del Rey,ES,Second Round,2025-12-02,Club Portugalete,Deportivo Alavés,0,3,,,3.0,1.0,True
Copa del Rey,ES,Second Round,2025-12-02,Racing Ferrol,SD Huesca,0,2,,,3.0,2.0,True
Copa del Rey,ES,Second Round,2025-12-03,CD Cieza,Levante UD,0,1,,,3.0,1.0,True
Copa del Rey,ES,Second Round,2025-12-03,CD Eldense,UD Almería,2,1,,,3.0,2.0,True
Copa del Rey,ES,Second Round,2025-12-03,CD Mirandés,Sporting Gijón,0,2,,,2.0,2.0,True
Copa del Rey,ES,Second Round,2025-12-03,CD Quintanar del Rey,Elche CF,1,2,,,3.0,1.0,True
Copa del Rey,ES,Second Round,2025-12-03,CF Talavera de la Reina,Málaga CF,2,1,,,3.0,2.0,True
Copa del Rey,ES,Second Round,2025-12-03,Club Atlético Antoniano,Villarreal CF,1,1,3.0,5.0,3.0,1.0,True
Copa del Rey,ES,Second Round,2025-12-03,Cultural Leonesa,FC Andorra,4,2,,,2.0,2.0,True
Copa del Rey,ES,Second Round,2025-12-03,Ourense CF,Girona FC,2,1,,,3.0,1.0,True
Copa del Rey,ES,Second Round,2025-12-03,Pontevedra CF,SD Eibar,0,3,,,3.0,2.0,True
Copa del Rey,ES,Second Round,2025-12-03,Real Murcia CF,Cádiz CF,3,2,,,3.0,2.0,True
Copa del Rey,ES,Second Round,2025-12-03,Reus FC Reddis,Real Sociedad,0,2,,,3.0,1.0,True
Copa del Rey,ES,Second Round,2025-12-03,Torrent CF,Real Betis Balompié,1,4,,,3.0,1.0,True
Copa del Rey,ES,Second Round,2025-12-04,CD Atlético Baleares,RCD Espanyol Barcelona,1,0,,,3.0,3.0,True
Copa del Rey,ES,Second Round,2025-12-04,CD Extremadura 1924,Sevilla FC,1,2,,,3.0,1.0,True
Copa del Rey,ES,Second Round,2025-12-04,CD Leganés,Albacete Balompié,1,2,,,2.0,2.0,True
Copa del Rey,ES,Second Round,2025-12-04,CD Tenerife,Granada CF,0,1,,,3.0,2.0,True
Copa del Rey,ES,Second Round,2025-12-04,CE Sabadell FC,Deportivo de La Coruña,0,2,,,3.0,2.0,True
Copa del Rey,ES,Second Round,2025-12-04,FC Cartagena,Valencia CF,1,2,,,3.0,1.0,True
Copa del Rey,ES,Second Round,2025-12-04,Real Zaragoza,Burgos CF,0,1,,,2.0,2.0,True
Copa del Rey,ES,Second Round,2025-12-04,Real Ávila CF,Rayo Vallecano,1,2,,,3.0,1.0,True
Copa del Rey,ES,Second Round,2025-12-04,SD Ponferradina,Racing Santander,1,2,,,3.0,2.0,True
Copa del Rey,ES,Second Round,2025-12-04,UE Sant Andreu,Celta de Vigo,1,1,6.0,7.0,3.0,1.0,True
Copa del Rey,ES,Round of 32,2025-12-16,CD Eldense,Real Sociedad,1,2,,,3.0,1.0,True
Copa del Rey,ES,Round of 32,2025-12-16,CD Guadalajara,FC Barcelona,0,2,,,3.0,1.0,True
Copa del Rey,ES,Round of 32,2025-12-16,Deportivo de La Coruña,RCD Mallorca,1,0,,,2.0,1.0,True
Copa del Rey,ES,Round of 32,2025-12-16,SD Eibar,Elche CF,0,1,,,2.0,1.0,True
Copa del Rey,ES,Round of 32,2025-12-16,Sporting Gijón,Valencia CF,0,2,,,2.0,1.0,True
Copa del Rey,ES,Round of 32,2025-12-17,Albacete Balompié,Celta de Vigo,2,2,3.0,0.0,2.0,1.0,True
Copa del Rey,ES,Round of 32,2025-12-17,CD Atlético Baleares,Atlético de Madrid,2,3,,,3.0,1.0,True
Copa del Rey,ES,Round of 32,2025-12-17,CF Talavera de la Reina,Real Madrid,2,3,,,3.0,1.0,True
Copa del Rey,ES,Round of 32,2025-12-17,Cultural Leonesa,Levante UD,1,0,,,2.0,1.0,True
Copa del Rey,ES,Round of 32,2025-12-17,Deportivo Alavés,Sevilla FC,1,0,,,1.0,1.0,True
Copa del Rey,ES,Round of 32,2025-12-17,Racing Santander,Villarreal CF,2,1,,,2.0,1.0,True
Copa del Rey,ES,Round of 32,2025-12-17,SD Huesca,CA Osasuna,2,4,,,2.0,1.0,True
Copa del Rey,ES,Round of 32,2025-12-18,Burgos CF,Getafe CF,3,1,,,2.0,1.0,True
Copa del Rey,ES,Round of 32,2025-12-18,Ourense CF,Athletic Bilbao,0,1,,,3.0,1.0,True
Copa del Rey,ES,Round of 32,2025-12-18,Real Murcia CF,Real Betis Balompié,0,2,,,3.0,1.0,True
Copa del Rey,ES,Round of 32,2026-01-06,Granada CF,Rayo Vallecano,1,3,,,2.0,1.0,True
Copa del Rey,ES,Round of 16,2026-01-13,Cultural Leonesa,Athletic Bilbao,3,4,,,2.0,1.0,True
Copa del Rey,ES,Round of 16,2026-01-13,Deportivo de La Coruña,Atlético de Madrid,0,1,,,2.0,1.0,True
Copa del Rey,ES,Round of 16,2026-01-13,Real Sociedad,CA Osasuna,2,2,4.0,3.0,1.0,1.0,True
Copa del Rey,ES,Round of 16,2026-01-14,Albacete Balompié,Real Madrid,3,2,,,2.0,1.0,True
Copa del Rey,ES,Round of 16,2026-01-14,Deportivo Alavés,Rayo Vallecano,2,0,,,1.0,1.0,True
Copa del Rey,ES,Round of 16,2026-01-14,Real Betis Balompié,Elche CF,2,1,,,1.0,1.0,True
Copa del Rey,ES,Round of 16,2026-01-15,Burgos CF,Valencia CF,0,2,,,2.0,1.0,True
Copa del Rey,ES,Round of 16,2026-01-15,Racing Santander,FC Barcelona,0,2,,,2.0,1.0,True
Copa del Rey,ES,Quarter-Finals,2026-02-03,Albacete Balompié,FC Barcelona,1,2,,,2.0,1.0,True
Copa del Rey,ES,Quarter-Finals,2026-02-04,Deportivo Alavés,Real Sociedad,2,3,,,1.0,1.0,True
Copa del Rey,ES,Quarter-Finals,2026-02-04,Valencia CF,Athletic Bilbao,1,2,,,1.0,1.0,True
Copa del Rey,ES,Quarter-Finals,2026-02-05,Real Betis Balompié,Atlético de Madrid,0,5,,,1.0,1.0,True
Copa del Rey,ES,Semi-Finals 1st Leg,2026-02-11,Athletic Bilbao,Real Sociedad,0,1,,,1.0,1.0,True
Copa del Rey,ES,Semi-Finals 1st Leg,2026-02-12,Atlético de Madrid,FC Barcelona,4,0,,,1.0,1.0,True
Copa del Rey,ES,Semi-Finals 2nd Leg,2026-03-03,FC Barcelona,Atlético de Madrid,3,0,,,1.0,1.0,True
Copa del Rey,ES,Semi-Finals 2nd Leg,2026-03-04,Real Sociedad,Athletic Bilbao,1,0,,,1.0,1.0,True
Copa del Rey,ES,Final,2026-04-18,Atlético de Madrid,Real Sociedad,2,2,3.0,4.0,1.0,1.0,True
Coppa Italia,IT,Qualifying Round,2025-08-09,Virtus Entella,Ternana Calcio,4,0,,,2.0,3.0,True
Coppa Italia,IT,Qualifying Round,2025-08-10,Audace Cerignola,AS Avellino 1912,1,0,,,3.0,2.0,True
Coppa Italia,IT,Qualifying Round,2025-08-10,Calcio Padova,LR Vicenza,0,2,,,2.0,3.0,True
Coppa Italia,IT,Qualifying Round,2025-08-10,Delfino Pescara 1936,Rimini FC,1,0,,,2.0,3.0,True
Coppa Italia,IT,First Round,2025-08-15,FC Empoli,AC Reggiana 1919,1,1,3.0,0.0,2.0,2.0,True
Coppa Italia,IT,First Round,2025-08-15,Genoa CFC,LR Vicenza,3,0,,,1.0,3.0,True
Coppa Italia,IT,First Round,2025-08-15,US Lecce,SS Juve Stabia ,2,0,,,1.0,2.0,True
Coppa Italia,IT,First Round,2025-08-15,US Sassuolo,US Catanzaro,1,0,,,1.0,2.0,True
Coppa Italia,IT,First Round,2025-08-16,Cagliari Calcio,Virtus Entella,1,1,5.0,4.0,1.0,2.0,True
Coppa Italia,IT,First Round,2025-08-16,Como 1907,FC Südtirol,3,1,,,1.0,2.0,True
Coppa Italia,IT,First Round,2025-08-16,US Cremonese,Palermo FC,0,0,4.0,5.0,1.0,2.0,True
Coppa Italia,IT,First Round,2025-08-16,Venezia FC,Mantova 1911,4,0,,,2.0,2.0,True
Coppa Italia,IT,First Round,2025-08-17,AC Milan,AS Bari,2,0,,,1.0,2.0,True
Coppa Italia,IT,First Round,2025-08-17,AC Monza,Frosinone Calcio,0,1,,,2.0,2.0,True
Coppa Italia,IT,First Round,2025-08-17,Cesena FC,Pisa Sporting Club,0,0,1.0,2.0,2.0,1.0,True
Coppa Italia,IT,First Round,2025-08-17,Parma Calcio 1913,Delfino Pescara 1936,2,0,,,1.0,2.0,True
Coppa Italia,IT,First Round,2025-08-18,Audace Cerignola,Hellas Verona,1,1,2.0,4.0,3.0,1.0,True
Coppa Italia,IT,First Round,2025-08-18,Spezia Calcio,UC Sampdoria,1,1,4.0,2.0,2.0,2.0,True
Coppa Italia,IT,First Round,2025-08-18,Torino FC,Modena FC,1,0,,,1.0,2.0,True
Coppa Italia,IT,First Round,2025-08-18,Udinese Calcio,Carrarese Calcio 1908,2,0,,,1.0,2.0,True
Coppa Italia,IT,Second Round,2025-09-23,AC Milan,US Lecce,3,0,,,1.0,1.0,True
Coppa Italia,IT,Second Round,2025-09-23,Cagliari Calcio,Frosinone Calcio,4,1,,,1.0,2.0,True
Coppa Italia,IT,Second Round,2025-09-23,Udinese Calcio,Palermo FC,2,1,,,1.0,2.0,True
Coppa Italia,IT,Second Round,2025-09-24,Como 1907,US Sassuolo,3,0,,,1.0,1.0,True
Coppa Italia,IT,Second Round,2025-09-24,Hellas Verona,Venezia FC,0,0,4.0,5.0,1.0,2.0,True
Coppa Italia,IT,Second Round,2025-09-24,Parma Calcio 1913,Spezia Calcio,2,2,4.0,3.0,1.0,2.0,True
Coppa Italia,IT,Second Round,2025-09-25,Genoa CFC,FC Empoli,3,1,,,1.0,2.0,True
Coppa Italia,IT,Second Round,2025-09-25,Torino FC,Pisa Sporting Club,1,0,,,1.0,1.0,True
Coppa Italia,IT,Round of 16,2025-12-02,Juventus FC,Udinese Calcio,2,0,,,1.0,1.0,True
Coppa Italia,IT,Round of 16,2025-12-03,Atalanta BC,Genoa CFC,4,0,,,1.0,1.0,True
Coppa Italia,IT,Round of 16,2025-12-03,Inter Milan,Venezia FC,5,1,,,1.0,2.0,True
Coppa Italia,IT,Round of 16,2025-12-03,SSC Napoli,Cagliari Calcio,1,1,9.0,8.0,1.0,1.0,True
Coppa Italia,IT,Round of 16,2025-12-04,Bologna Football Club 1909,Parma Calcio 1913,2,1,,,1.0,1.0,True
Coppa Italia,IT,Round of 16,2025-12-04,Società Sportiva Lazio S.p.A.,AC Milan,1,0,,,1.0,1.0,True
Coppa Italia,IT,Round of 16,2026-01-13,Associazione Sportiva Roma,Torino FC,2,3,,,1.0,1.0,True
Coppa Italia,IT,Round of 16,2026-01-27,ACF Fiorentina,Como 1907,1,3,,,1.0,1.0,True
Coppa Italia,IT,Quarter-Finals,2026-02-04,Inter Milan,Torino FC,2,1,,,1.0,1.0,True
Coppa Italia,IT,Quarter-Finals,2026-02-05,Atalanta BC,Juventus FC,3,0,,,1.0,1.0,True
Coppa Italia,IT,Quarter-Finals,2026-02-10,SSC Napoli,Como 1907,1,1,6.0,7.0,1.0,1.0,True
Coppa Italia,IT,Quarter-Finals,2026-02-11,Bologna Football Club 1909,Società Sportiva Lazio S.p.A.,1,1,1.0,4.0,1.0,1.0,True
Coppa Italia,IT,Semi-Finals 1st Leg,2026-03-03,Como 1907,Inter Milan,0,0,,,1.0,1.0,True
Coppa Italia,IT,Semi-Finals 1st Leg,2026-03-04,Società Sportiva Lazio S.p.A.,Atalanta BC,2,2,,,1.0,1.0,True
Coppa Italia,IT,Semi-Finals 2nd Leg,2026-04-21,Inter Milan,Como 1907,3,2,,,1.0,1.0,True
Coppa Italia,IT,Semi-Finals 2nd Leg,2026-04-22,Atalanta BC,Società Sportiva Lazio S.p.A.,1,1,1.0,2.0,1.0,1.0,True
Coppa Italia,IT,Final,2026-05-13,Lazio,Internazionale,0,2,,,1.0,1.0,False
Coupe de France,FR,7° turno,2025-11-14,AS Cannes,FC Annecy,1,2,,,4.0,2.0,False
Coupe de France,FR,7° turno,2025-11-14,Olympique de Villefontaine,Grenoble Foot 38,0,3,,,7.0,2.0,False
Coupe de France,FR,7° turno,2025-11-15,AA Lapalisse,Stade poitevin FC,1,2,,,7.0,4.0,False
Coupe de France,FR,7° turno,2025-11-15,AC Cambrai,Entente Feignies Aulnoye,0,4,,,6.0,4.0,False
Coupe de France,FR,7° turno,2025-11-15,AC Seyssinet,SC Aubagne Air-Bel,0,0,4.0,3.0,5.0,3.0,False
Coupe de France,FR,7° turno,2025-11-15,AF Biars-Bretenoux,LB Châteauroux,0,2,,,6.0,3.0,False
Coupe de France,FR,7° turno,2025-11-15,APM Metz FC,FC Fleury 91,2,2,5.0,4.0,6.0,3.0,False
Coupe de France,FR,7° turno,2025-11-15,AS Gouzon,US Chauvigny,1,5,,,7.0,5.0,False
Coupe de France,FR,7° turno,2025-11-15,AS Magenta,FC Mulhouse,0,3,,,,5.0,False
Coupe de France,FR,7° turno,2025-11-15,AS Montréal-la Cluse,FC Chalon,0,3,,,8.0,5.0,False
Coupe de France,FR,7° turno,2025-11-15,AS Quetigny,AS Saint-Étienne,1,3,,,7.0,2.0,False
Coupe de France,FR,7° turno,2025-11-15,AS Steenvoorde,FC Chambly,1,1,4.0,2.0,6.0,4.0,False
Coupe de France,FR,7° turno,2025-11-15,ASPTT Dijon,Le Puy Foot 43,0,1,,,5.0,3.0,False
Coupe de France,FR,7° turno,2025-11-15,Andrézieux-Bouthéon FC,Hauts Lyonnais,1,1,3.0,4.0,4.0,5.0,False
Coupe de France,FR,7° turno,2025-11-15,Auch Football,Canet Roussillon FC,1,4,,,7.0,5.0,False
Coupe de France,FR,7° turno,2025-11-15,Bayeux FC,SM Caen,3,2,,,6.0,3.0,False
Coupe de France,FR,7° turno,2025-11-15,CA Pontarlier,FC Sochaux-Montbéliard,2,2,5.0,6.0,5.0,3.0,False
Coupe de France,FR,7° turno,2025-11-15,CMS Oissel,Quevilly Rouen Métropole,2,2,5.0,4.0,5.0,3.0,False
Coupe de France,FR,7° turno,2025-11-15,CS moulien,AS Le Gosier,2,3,,,6.0,6.0,False
Coupe de France,FR,7° turno,2025-11-15,Carnoux FC,AS Pirae,5,1,,,5.0,,False
Coupe de France,FR,7° turno,2025-11-15,Espoir de Sainte-Luce,Eveil des Trois-Ilets,0,0,5.0,4.0,6.0,7.0,False
Coupe de France,FR,7° turno,2025-11-15,FC 2 Rives 82,AS Mazères-Uzos-Rontignon,0,1,,,6.0,6.0,False
Coupe de France,FR,7° turno,2025-11-15,FC Challans,GSI Pontivy,0,2,,,5.0,5.0,False
Coupe de France,FR,7° turno,2025-11-15,FC Loon-Plage,Stade béthunois FC,1,1,5.0,6.0,7.0,6.0,False
Coupe de France,FR,7° turno,2025-11-15,FC Montceau Bourgogne,L'Etrat La Tour Sportif,2,1,,,6.0,7.0,False
Coupe de France,FR,7° turno,2025-11-15,FC Rhone Vallées,RC Pays de Grasse,1,1,4.0,3.0,6.0,4.0,False
Coupe de France,FR,7° turno,2025-11-15,FC Villars l'Isle SMB,US Sarre-Union,1,1,3.0,4.0,7.0,6.0,False
Coupe de France,FR,7° turno,2025-11-15,France d’Aizenay,ESTAC Troyes,0,3,,,6.0,2.0,False
Coupe de France,FR,7° turno,2025-11-15,IC Croix,Racing CFF,2,2,7.0,6.0,5.0,5.0,False
Coupe de France,FR,7° turno,2025-11-15,Lavaur FC,Rodez AF,1,3,,,7.0,2.0,False
Coupe de France,FR,7° turno,2025-11-15,Le Cellier Mauves FC,Stade lavallois,0,6,,,8.0,2.0,False
Coupe de France,FR,7° turno,2025-11-15,Les Bleuets Football,US Concarneau,0,3,,,8.0,3.0,False
Coupe de France,FR,7° turno,2025-11-15,L’Union Saint-Jean FC,Angoulême Charente FC,1,0,,,6.0,4.0,False
Coupe de France,FR,7° turno,2025-11-15,Montpellier Atlas Paillade,Bourg-Péronnas 01,0,2,,,6.0,3.0,False
Coupe de France,FR,7° turno,2025-11-15,Montreuil FC,Bandrélé FC,1,0,,,6.0,,False
Coupe de France,FR,7° turno,2025-11-15,Olympique CPAM,Stade de Reims,0,1,,,5.0,2.0,False
Coupe de France,FR,7° turno,2025-11-15,Orvault SF,VHF Les Herbiers,1,3,,,6.0,4.0,False
Coupe de France,FR,7° turno,2025-11-15,Racing Besançon,US Thionville Lusitanos,4,0,,,5.0,4.0,False
Coupe de France,FR,7° turno,2025-11-15,SC Locminé,EA Guingamp,1,2,,,4.0,2.0,False
Coupe de France,FR,7° turno,2025-11-15,SS Allinges,Istres FC,1,2,,,9.0,4.0,False
Coupe de France,FR,7° turno,2025-11-15,Sablé FC,US Saint-Malo,0,0,2.0,4.0,6.0,4.0,False
Coupe de France,FR,7° turno,2025-11-15,Sarreguemines FC,AS Furiani-Agliani,5,3,,,6.0,4.0,False
Coupe de France,FR,7° turno,2025-11-15,Seignosse CS FC,FC Marmande 47,2,3,,,7.0,6.0,False
Coupe de France,FR,7° turno,2025-11-15,Stade Quimperlois,Ancienne Château-Gontier,0,9,,,8.0,6.0,False
Coupe de France,FR,7° turno,2025-11-15,Strasbourg FCOSK,ASC Biesheim,2,3,,,6.0,4.0,False
Coupe de France,FR,7° turno,2025-11-15,Trélissac APFC,Pau FC,0,2,,,6.0,2.0,False
Coupe de France,FR,7° turno,2025-11-15,UES Montmorillon,SC Beaucouzé,0,1,,,7.0,6.0,False
Coupe de France,FR,7° turno,2025-11-15,US Auby,Amiens SC,0,3,,,9.0,2.0,False
Coupe de France,FR,7° turno,2025-11-15,US Avranches,Paris 13 Atletico,0,0,5.0,3.0,4.0,3.0,False
Coupe de France,FR,7° turno,2025-11-15,US Château-Malo,SC Bastia,0,6,,,8.0,2.0,False
Coupe de France,FR,7° turno,2025-11-15,US Granville,Dinan Léhon FC,3,1,,,4.0,4.0,False
Coupe de France,FR,7° turno,2025-11-15,US Ivry Football,Le Mans FC,1,1,2.0,4.0,5.0,2.0,False
Coupe de France,FR,7° turno,2025-11-15,US Orléans,Aviron bayonnais FC,3,0,,,3.0,4.0,False
Coupe de France,FR,7° turno,2025-11-15,US Prémontré Saint-Gobain,US Chantilly,0,3,,,8.0,4.0,False
Coupe de France,FR,7° turno,2025-11-15,Vendée Fontenay Foot,FC Chamalières,0,0,4.0,3.0,5.0,5.0,False
Coupe de France,FR,7° turno,2025-11-15,Yvetot AC,ASPTT Caen,2,1,,,6.0,6.0,False
Coupe de France,FR,7° turno,2025-11-15,Étoile de Matoury,Le Geldar de Kourou,1,1,2.0,3.0,6.0,6.0,False
Coupe de France,FR,7° turno,2025-11-16,AS Nancy-Lorraine,GSA Tomblaine,5,0,,,2.0,8.0,False
Coupe de France,FR,7° turno,2025-11-16,AS Saint-Brice Courcelles,FC Bogny-sur-Meuse,1,1,2.0,3.0,7.0,6.0,False
Coupe de France,FR,7° turno,2025-11-16,AS Savigneux Montbrison,US Feurs,3,5,,,8.0,5.0,False
Coupe de France,FR,7° turno,2025-11-16,AS Vitré,AG Plouvorn,1,1,2.0,4.0,5.0,6.0,False
Coupe de France,FR,7° turno,2025-11-16,Association Still Mutzig,US Raon-l'Étape,0,3,,,6.0,6.0,False
Coupe de France,FR,7° turno,2025-11-16,Atom Sports Pierrelatte,Lyon-La Duchère,0,2,,,8.0,5.0,False
Coupe de France,FR,7° turno,2025-11-16,Beaumont SA,FCM Aubervilliers,4,7,,,7.0,5.0,False
Coupe de France,FR,7° turno,2025-11-16,Blois Football 41,Clermont Foot 63,1,1,7.0,6.0,4.0,2.0,False
Coupe de France,FR,7° turno,2025-11-16,CS Avion,US Torcy,0,2,,,7.0,5.0,False
Coupe de France,FR,7° turno,2025-11-16,CS Plédran,Stade plabennécois,0,2,,,8.0,6.0,False
Coupe de France,FR,7° turno,2025-11-16,Cormontreuil FC,FCP Portugais Amiens,5,2,,,6.0,7.0,False
Coupe de France,FR,7° turno,2025-11-16,EA Saint-Renan,Stade briochin,0,4,,,6.0,3.0,False
Coupe de France,FR,7° turno,2025-11-16,ES Capelle Grande,SC Abbeville,2,3,,,9.0,7.0,False
Coupe de France,FR,7° turno,2025-11-16,Entente Boé Bon-Encontre,FC Girondins de Bordeaux,0,1,,,6.0,4.0,False
Coupe de France,FR,7° turno,2025-11-16,Entente Nord Lozère,US Écotay-Moingt,4,4,3.0,4.0,7.0,8.0,False
Coupe de France,FR,7° turno,2025-11-16,Etoile de Bobigny,Amicale Villeneuve-Garenne,1,1,4.0,5.0,9.0,7.0,False
Coupe de France,FR,7° turno,2025-11-16,FC Bassin Arcachon,Blagnac FC,4,1,,,5.0,5.0,False
Coupe de France,FR,7° turno,2025-11-16,FC Pen Hir Camaret,Les Sables VF,1,1,7.0,8.0,8.0,5.0,False
Coupe de France,FR,7° turno,2025-11-16,FC Saint-Cyr Collonges,Thonon Évian GG FC,0,0,4.0,2.0,6.0,5.0,False
Coupe de France,FR,7° turno,2025-11-16,FC Saint-Meziéry,FC Périgny,1,1,2.0,4.0,6.0,6.0,False
Coupe de France,FR,7° turno,2025-11-16,JA Drancy,AS Beauvais Oise,0,0,3.0,4.0,5.0,4.0,False
Coupe de France,FR,7° turno,2025-11-16,JS Longuenesse,FC Bondues,1,2,,,7.0,6.0,False
Coupe de France,FR,7° turno,2025-11-16,Olympique marcquois,OS Aire-sur-la-Lys,5,0,,,6.0,7.0,False
Coupe de France,FR,7° turno,2025-11-16,RCO Agde,Montpellier HSC,0,2,,,5.0,2.0,False
Coupe de France,FR,7° turno,2025-11-16,Reims Sainte-Anne,GFC Ajaccio,2,1,,,7.0,5.0,False
Coupe de France,FR,7° turno,2025-11-16,SA Mérignac,US Colomiers,0,0,6.0,5.0,6.0,5.0,False
Coupe de France,FR,7° turno,2025-11-16,Saint-Amand FC,FC Dieppe,0,3,,,6.0,4.0,False
Coupe de France,FR,7° turno,2025-11-16,Saint-Pauloise FC,ES Dominicaine,1,0,,,6.0,6.0,False
Coupe de France,FR,7° turno,2025-11-16,UF Touraine,RC Epernay,1,1,4.0,3.0,5.0,6.0,False
Coupe de France,FR,7° turno,2025-11-16,US Boulogne Côte d'Opale,USL Dunkerque,2,2,3.0,5.0,2.0,2.0,False
Coupe de France,FR,7° turno,2025-11-16,US Camon,US Lusitanos Saint-Maur,0,7,,,6.0,4.0,False
Coupe de France,FR,7° turno,2025-11-16,US Forbach,Red Star FC,0,2,,,6.0,2.0,False
Coupe de France,FR,7° turno,2025-11-16,US Le Poinçonnet,SO Romorantin,0,2,,,8.0,5.0,False
Coupe de France,FR,7° turno,2025-11-16,US Mauguio Carnon,Is-Selongey Football,0,0,2.0,4.0,8.0,6.0,False
Coupe de France,FR,7° turno,2025-11-16,US Wittenheim,FC Freyming,2,2,2.0,3.0,7.0,7.0,False
Coupe de France,FR,8° turno,2025-11-28,FC Annecy,Grenoble Foot 38,1,2,,,2.0,2.0,False
Coupe de France,FR,8° turno,2025-11-28,Sarreguemines FC,AS Nancy-Lorraine,3,4,,,6.0,2.0,False
Coupe de France,FR,8° turno,2025-11-28,US Concarneau,Stade briochin,1,0,,,3.0,3.0,False
Coupe de France,FR,8° turno,2025-11-29,AC Seyssinet,Istres FC,0,2,,,5.0,4.0,False
Coupe de France,FR,8° turno,2025-11-29,APM Metz FC,Entente Feignies Aulnoye,0,2,,,6.0,4.0,False
Coupe de France,FR,8° turno,2025-11-29,AS Beauvais Oise,FC Dieppe,1,2,,,4.0,4.0,False
Coupe de France,FR,8° turno,2025-11-29,AS Le Gosier,CMS Oissel,2,2,4.0,2.0,,5.0,False
Coupe de France,FR,8° turno,2025-11-29,AS Mazères-Uzos-Rontignon,FC Girondins de Bordeaux,3,4,,,6.0,4.0,False
Coupe de France,FR,8° turno,2025-11-29,AS Saint-Étienne,US Écotay-Moingt,11,1,,,2.0,8.0,False
Coupe de France,FR,8° turno,2025-11-29,AS Steenvoorde,Stade béthunois FC,0,0,20.0,21.0,6.0,6.0,False
Coupe de France,FR,8° turno,2025-11-29,ASC Biesheim,Red Star FC,1,1,9.0,8.0,4.0,2.0,False
Coupe de France,FR,8° turno,2025-11-29,Amicale Villeneuve-Garenne,Le Mans FC,2,2,2.0,4.0,7.0,2.0,False
Coupe de France,FR,8° turno,2025-11-29,Ancienne de Château-Gontier,EA Guingamp,0,4,,,6.0,2.0,False
Coupe de France,FR,8° turno,2025-11-29,Canet Roussillon FC,Rodez AF,1,0,,,5.0,2.0,False
Coupe de France,FR,8° turno,2025-11-29,Espoir de Sainte-Luce,GSI Pontivy,0,4,,,,5.0,False
Coupe de France,FR,8° turno,2025-11-29,FC Bogny-sur-Meuse,US Lusitanos Saint-Maur,0,3,,,6.0,4.0,False
Coupe de France,FR,8° turno,2025-11-29,FC Chalon,Le Puy Foot 43,0,1,,,5.0,3.0,False
Coupe de France,FR,8° turno,2025-11-29,FC Freyming,Racing Besançon,1,0,,,7.0,5.0,False
Coupe de France,FR,8° turno,2025-11-29,FC Marmande 47,FC Bassin Arcachon,0,0,1.0,4.0,6.0,5.0,False
Coupe de France,FR,8° turno,2025-11-29,FC Montceau Bourgogne,Montpellier HSC,0,2,,,6.0,2.0,False
Coupe de France,FR,8° turno,2025-11-29,FC Périgny,SC Beaucouzé,3,1,,,6.0,6.0,False
Coupe de France,FR,8° turno,2025-11-29,Hauts Lyonnais,US Feurs,1,1,4.0,2.0,5.0,5.0,False
Coupe de France,FR,8° turno,2025-11-29,IC Croix,Le Geldar de Kourou,2,1,,,5.0,,False
Coupe de France,FR,8° turno,2025-11-29,Is-Selongey Football,Bourg-Péronnas 01,2,3,,,6.0,3.0,False
Coupe de France,FR,8° turno,2025-11-29,Lyon-La Duchère,Carnoux FC,3,1,,,5.0,5.0,False
Coupe de France,FR,8° turno,2025-11-29,L’Union Saint-Jean FC,US Orléans,1,2,,,6.0,3.0,False
Coupe de France,FR,8° turno,2025-11-29,Montreuil FC,US Granville,1,1,4.0,3.0,6.0,4.0,False
Coupe de France,FR,8° turno,2025-11-29,Olympique marcquois,FC Bondues,2,0,,,6.0,6.0,False
Coupe de France,FR,8° turno,2025-11-29,Reims Sainte-Anne,Amiens SC,0,4,,,7.0,2.0,False
Coupe de France,FR,8° turno,2025-11-29,SA Mérignac,Pau FC,1,0,,,6.0,2.0,False
Coupe de France,FR,8° turno,2025-11-29,SC Abbeville,USL Dunkerque,0,5,,,7.0,2.0,False
Coupe de France,FR,8° turno,2025-11-29,SO Romorantin,Blois Football 41,2,2,6.0,7.0,5.0,4.0,False
Coupe de France,FR,8° turno,2025-11-29,Stade lavallois,Saint-Pauloise FC,6,0,,,2.0,,False
Coupe de France,FR,8° turno,2025-11-29,Stade plabennécois,VHF Les Herbiers,1,2,,,6.0,4.0,False
Coupe de France,FR,8° turno,2025-11-29,US Chauvigny,Stade poitevin FC,3,3,10.0,9.0,5.0,4.0,False
Coupe de France,FR,8° turno,2025-11-29,US Raon-l'Étape,FC Mulhouse,2,2,4.0,1.0,6.0,5.0,False
Coupe de France,FR,8° turno,2025-11-29,US Saint-Malo,SC Bastia,0,0,4.0,5.0,4.0,2.0,False
Coupe de France,FR,8° turno,2025-11-29,US Sarre-Union,FC Sochaux-Montbéliard,0,6,,,6.0,3.0,False
Coupe de France,FR,8° turno,2025-11-29,US Torcy,Stade de Reims,1,5,,,5.0,2.0,False
Coupe de France,FR,8° turno,2025-11-29,Vendée Fontenay Foot,LB Châteauroux,4,1,,,5.0,3.0,False
Coupe de France,FR,8° turno,2025-11-29,Yvetot AC,Bayeux FC,0,1,,,6.0,6.0,False
Coupe de France,FR,8° turno,2025-11-30,Cormontreuil FC,US Chantilly,1,2,,,6.0,4.0,False
Coupe de France,FR,8° turno,2025-11-30,FC Saint-Cyr Collonges,FC Rhône Vallées,0,0,5.0,4.0,6.0,6.0,False
Coupe de France,FR,8° turno,2025-11-30,Les Sables VF,AG Plouvorn,2,1,,,5.0,6.0,False
Coupe de France,FR,8° turno,2025-11-30,UF Touraine,ESTAC Troyes,0,2,,,5.0,2.0,False
Coupe de France,FR,8° turno,2025-11-30,US Avranches,FCM Aubervilliers,1,1,2.0,0.0,4.0,5.0,False
Coupe de France,FR,32esimi,2025-12-19,Canet Roussillon FC,Montpellier HSC,0,1,,,5.0,2.0,False
Coupe de France,FR,32esimi,2025-12-19,EA Guingamp,Stade lavallois,0,1,,,2.0,2.0,False
Coupe de France,FR,32esimi,2025-12-19,FC Périgny,Le Mans FC,1,2,,,6.0,2.0,False
Coupe de France,FR,32esimi,2025-12-19,IC Croix,Stade de Reims,0,4,,,5.0,2.0,False
Coupe de France,FR,32esimi,2025-12-19,RC Lens,Entente Feignies Aulnoye,3,1,,,1.0,4.0,False
Coupe de France,FR,32esimi,2025-12-19,US Avranches,Stade brestois 29,1,1,5.0,4.0,4.0,1.0,False
Coupe de France,FR,32esimi,2025-12-19,VHF Les Herbiers,Angers SCO,0,0,5.0,6.0,4.0,1.0,False
Coupe de France,FR,32esimi,2025-12-20,AS Le Gosier,FC Lorient,0,7,,,,1.0,False
Coupe de France,FR,32esimi,2025-12-20,ASC Biesheim,FC Metz,0,3,,,4.0,1.0,False
Coupe de France,FR,32esimi,2025-12-20,Bayeux FC,Blois Football 41,2,1,,,6.0,4.0,False
Coupe de France,FR,32esimi,2025-12-20,FC Freyming,US Chantilly,0,3,,,7.0,4.0,False
Coupe de France,FR,32esimi,2025-12-20,GSI Pontivy,SC Bastia,0,1,,,5.0,2.0,False
Coupe de France,FR,32esimi,2025-12-20,Grenoble Foot 38,AS Nancy-Lorraine,1,1,3.0,5.0,2.0,2.0,False
Coupe de France,FR,32esimi,2025-12-20,Lyon-La Duchère,Toulouse FC,1,2,,,5.0,1.0,False
Coupe de France,FR,32esimi,2025-12-20,Olympique marcquois,ESTAC Troyes,1,3,,,6.0,2.0,False
Coupe de France,FR,32esimi,2025-12-20,SA Mérignac,Istres FC,0,0,5.0,6.0,6.0,4.0,False
Coupe de France,FR,32esimi,2025-12-20,Stade béthunois FC,FC Sochaux-Montbéliard,2,4,,,6.0,3.0,False
Coupe de France,FR,32esimi,2025-12-20,US Lusitanos Saint-Maur,LOSC Lille,0,1,,,4.0,1.0,False
Coupe de France,FR,32esimi,2025-12-20,US Raon-l'Étape,Paris FC,0,3,,,6.0,1.0,False
Coupe de France,FR,32esimi,2025-12-20,Vendée Fontenay Foot,Paris Saint-Germain,0,4,,,5.0,1.0,False
Coupe de France,FR,32esimi,2025-12-21,AJ Auxerre,AS Monaco,1,2,,,1.0,1.0,False
Coupe de France,FR,32esimi,2025-12-21,Bourg-Péronnas 01,Olympique de Marseille,0,6,,,3.0,1.0,False
Coupe de France,FR,32esimi,2025-12-21,FC Bassin Arcachon,Hauts Lyonnais,0,1,,,5.0,5.0,False
Coupe de France,FR,32esimi,2025-12-21,Le Havre AC,Amiens SC,0,2,,,1.0,2.0,False
Coupe de France,FR,32esimi,2025-12-21,Le Puy Foot 43,FC Girondins de Bordeaux,1,0,,,3.0,4.0,False
Coupe de France,FR,32esimi,2025-12-21,Montreuil FC,US Chauvigny,2,1,,,6.0,5.0,False
Coupe de France,FR,32esimi,2025-12-21,OGC Nice,AS Saint-Étienne,2,1,,,1.0,2.0,False
Coupe de France,FR,32esimi,2025-12-21,Olympique lyonnais,FC Saint-Cyr Collonges,3,0,,,1.0,6.0,False
Coupe de France,FR,32esimi,2025-12-21,RC Strasbourg,USL Dunkerque,2,1,,,1.0,2.0,False
Coupe de France,FR,32esimi,2025-12-21,Stade rennais FC,Les Sables VF,3,0,,,1.0,5.0,False
Coupe de France,FR,32esimi,2025-12-21,US Concarneau,FC Nantes,3,5,,,3.0,1.0,False
Coupe de France,FR,32esimi,2025-12-21,US Orléans,FC Dieppe,3,0,,,3.0,4.0,False
Coupe de France,FR,16esimi,2026-01-10,Angers SCO,Toulouse FC,1,1,5.0,6.0,1.0,1.0,False
Coupe de France,FR,16esimi,2026-01-10,Hauts Lyonnais,FC Lorient,1,3,,,5.0,1.0,False
Coupe de France,FR,16esimi,2026-01-10,Istres FC,Stade lavallois,0,2,,,4.0,2.0,False
Coupe de France,FR,16esimi,2026-01-10,Le Puy Foot 43,Stade de Reims,0,0,0.0,3.0,3.0,2.0,False
Coupe de France,FR,16esimi,2026-01-10,Montreuil FC,Amiens SC,2,4,,,6.0,2.0,False
Coupe de France,FR,16esimi,2026-01-10,SC Bastia,ESTAC Troyes,0,2,,,2.0,2.0,False
Coupe de France,FR,16esimi,2026-01-10,US Avranches,RC Strasbourg,0,6,,,4.0,1.0,False
Coupe de France,FR,16esimi,2026-01-10,US Orléans,AS Monaco,1,3,,,3.0,1.0,False
Coupe de France,FR,16esimi,2026-01-11,FC Metz,Montpellier HSC,0,4,,,1.0,2.0,False
Coupe de France,FR,16esimi,2026-01-11,FC Nantes,OGC Nice,1,1,3.0,5.0,1.0,1.0,False
Coupe de France,FR,16esimi,2026-01-11,FC Sochaux-Montbéliard,RC Lens,0,3,,,3.0,1.0,False
Coupe de France,FR,16esimi,2026-01-11,LOSC Lille,Olympique lyonnais,1,2,,,1.0,1.0,False
Coupe de France,FR,16esimi,2026-01-11,Le Mans FC,AS Nancy-Lorraine,0,0,4.0,1.0,2.0,2.0,False
Coupe de France,FR,16esimi,2026-01-11,US Chantilly,Stade rennais FC,1,3,,,4.0,1.0,False
Coupe de France,FR,16esimi,2026-01-12,Paris Saint-Germain,Paris FC,0,1,,,1.0,1.0,False
Coupe de France,FR,16esimi,2026-01-13,Bayeux FC,Olympique de Marseille,0,9,,,6.0,1.0,False
Coupe de France,FR,Ottavi,2026-02-03,Olympique de Marseille,Stade rennais FC,3,0,,,1.0,1.0,False
Coupe de France,FR,Ottavi,2026-02-03,Stade de Reims,Le Mans FC,3,0,,,2.0,2.0,False
Coupe de France,FR,Ottavi,2026-02-04,ESTAC Troyes,RC Lens,2,4,,,2.0,1.0,False
Coupe de France,FR,Ottavi,2026-02-04,FC Lorient,Paris FC,2,0,,,1.0,1.0,False
Coupe de France,FR,Ottavi,2026-02-04,OGC Nice,Montpellier HSC,3,2,,,1.0,2.0,False
Coupe de France,FR,Ottavi,2026-02-04,Olympique lyonnais,Stade lavallois,2,0,,,1.0,2.0,False
Coupe de France,FR,Ottavi,2026-02-04,Toulouse FC,Amiens SC,1,0,,,1.0,2.0,False
Coupe de France,FR,Ottavi,2026-02-05,RC Strasbourg,AS Monaco,3,1,,,1.0,1.0,False
Coupe de France,FR,Quarti,2026-03-03,RC Strasbourg,Stade de Reims,2,1,,,1.0,2.0,False
Coupe de France,FR,Quarti,2026-03-04,FC Lorient,OGC Nice,0,0,5.0,6.0,1.0,1.0,False
Coupe de France,FR,Quarti,2026-03-04,Olympique de Marseille,Toulouse FC,2,2,3.0,4.0,1.0,1.0,False
Coupe de France,FR,Quarti,2026-03-05,Olympique lyonnais,RC Lens,2,2,4.0,5.0,1.0,1.0,False
Coupe de France,FR,Semifinali,2026-04-21,RC Lens,Toulouse FC,4,1,,,1.0,1.0,False
Coupe de France,FR,Semifinali,2026-04-22,RC Strasbourg,OGC Nice,0,2,,,1.0,1.0,False
Coupe de France,FR,Finale,2026-05-22,RC Lens,OGC Nice,3,1,,,1.0,1.0,False
DFB-Pokal,DE,First Round,2025-08-15,1.FC Saarbrücken,1.FC Magdeburg,1,3,,,3.0,2.0,True
DFB-Pokal,DE,First Round,2025-08-15,Arminia Bielefeld,SV Werder Bremen,1,0,,,2.0,1.0,True
DFB-Pokal,DE,First Round,2025-08-15,FC Gütersloh,1.FC Union Berlin,0,5,,,3.0,1.0,True
DFB-Pokal,DE,First Round,2025-08-15,SG Sonnenhof Großaspach,Bayer 04 Leverkusen,0,4,,,3.0,1.0,True
DFB-Pokal,DE,First Round,2025-08-16,BFC Dynamo,VfL Bochum,1,3,,,3.0,2.0,True
DFB-Pokal,DE,First Round,2025-08-16,Bahlinger SC,1. Fußballclub Heidenheim 1846,0,5,,,3.0,1.0,True
DFB-Pokal,DE,First Round,2025-08-16,Eintracht Norderstedt,FC St. Pauli,0,0,2.0,3.0,3.0,1.0,True
DFB-Pokal,DE,First Round,2025-08-16,FC Energie Cottbus,Hannover 96,1,0,,,3.0,2.0,True
DFB-Pokal,DE,First Round,2025-08-16,FC Hansa Rostock,TSG 1899 Hoffenheim,0,4,,,3.0,1.0,True
DFB-Pokal,DE,First Round,2025-08-16,FK Pirmasens,Hamburger SV,1,2,,,3.0,1.0,True
DFB-Pokal,DE,First Round,2025-08-16,FV Illertissen,1.FC Nuremberg,3,3,6.0,5.0,3.0,2.0,True
DFB-Pokal,DE,First Round,2025-08-16,SV Hemelingen,VfL Wolfsburg,0,9,,,3.0,1.0,True
DFB-Pokal,DE,First Round,2025-08-16,SV Sandhausen,RB Leipzig,2,4,,,3.0,1.0,True
DFB-Pokal,DE,First Round,2025-08-16,Sportfreunde Lotte,SC Freiburg,0,2,,,3.0,1.0,True
DFB-Pokal,DE,First Round,2025-08-16,VfB Lübeck,SV Darmstadt 98,1,2,,,3.0,2.0,True
DFB-Pokal,DE,First Round,2025-08-17,1.FC Lokomotive Leipzig,FC Schalke 04,0,1,,,3.0,2.0,True
DFB-Pokal,DE,First Round,2025-08-17,Blau-Weiß Lohne,SpVgg Greuther Fürth,0,2,,,3.0,2.0,True
DFB-Pokal,DE,First Round,2025-08-17,FC 08 Homburg,Holstein Kiel,0,2,,,3.0,2.0,True
DFB-Pokal,DE,First Round,2025-08-17,FC Viktoria Köln,SC Paderborn 07,1,3,,,3.0,2.0,True
DFB-Pokal,DE,First Round,2025-08-17,FV Engers 07,Eintracht Frankfurt,0,5,,,3.0,1.0,True
DFB-Pokal,DE,First Round,2025-08-17,Hallescher FC,FC Augsburg,0,2,,,3.0,1.0,True
DFB-Pokal,DE,First Round,2025-08-17,RSV Eintracht 1949,1.FC Kaiserslautern,0,7,,,3.0,2.0,True
DFB-Pokal,DE,First Round,2025-08-17,SSV Jahn Regensburg,1.FC Köln,1,2,,,3.0,1.0,True
DFB-Pokal,DE,First Round,2025-08-17,SSV Ulm 1846,SV 07 Elversberg,0,1,,,3.0,2.0,True
DFB-Pokal,DE,First Round,2025-08-17,SV Atlas Delmenhorst,Borussia Mönchengladbach,2,3,,,3.0,1.0,True
DFB-Pokal,DE,First Round,2025-08-17,ZFC Meuselwitz,Karlsruher SC,0,5,,,3.0,2.0,True
DFB-Pokal,DE,First Round,2025-08-18,1.FC Schweinfurt 05,Fortuna Düsseldorf,2,4,,,3.0,2.0,True
DFB-Pokal,DE,First Round,2025-08-18,Preußen Münster,Hertha BSC,0,0,3.0,5.0,2.0,2.0,True
DFB-Pokal,DE,First Round,2025-08-18,Rot-Weiss Essen,Borussia Dortmund,0,1,,,3.0,1.0,True
DFB-Pokal,DE,First Round,2025-08-18,SG Dynamo Dresden,1.FSV Mainz 05,0,1,,,2.0,1.0,True
DFB-Pokal,DE,First Round,2025-08-26,Eintracht Braunschweig,VfB Stuttgart,4,4,7.0,8.0,2.0,1.0,True
DFB-Pokal,DE,First Round,2025-08-27,SV Wehen Wiesbaden,Bayern Munich,2,3,,,3.0,1.0,True
DFB-Pokal,DE,Second Round,2025-10-28,1. Fußballclub Heidenheim 1846,Hamburger SV,0,1,,,1.0,1.0,True
DFB-Pokal,DE,Second Round,2025-10-28,Borussia Mönchengladbach,Karlsruher SC,3,1,,,1.0,2.0,True
DFB-Pokal,DE,Second Round,2025-10-28,Eintracht Frankfurt,Borussia Dortmund,1,1,2.0,4.0,1.0,1.0,True
DFB-Pokal,DE,Second Round,2025-10-28,FC Augsburg,VfL Bochum,0,1,,,1.0,2.0,True
DFB-Pokal,DE,Second Round,2025-10-28,FC Energie Cottbus,RB Leipzig,1,4,,,3.0,1.0,True
DFB-Pokal,DE,Second Round,2025-10-28,FC St. Pauli,TSG 1899 Hoffenheim,2,2,8.0,7.0,1.0,1.0,True
DFB-Pokal,DE,Second Round,2025-10-28,Hertha BSC,SV 07 Elversberg,3,0,,,2.0,2.0,True
DFB-Pokal,DE,Second Round,2025-10-28,VfL Wolfsburg,Holstein Kiel,0,1,,,1.0,2.0,True
DFB-Pokal,DE,Second Round,2025-10-29,1.FC Köln,Bayern Munich,1,4,,,1.0,1.0,True
DFB-Pokal,DE,Second Round,2025-10-29,1.FC Union Berlin,Arminia Bielefeld,2,1,,,1.0,2.0,True
DFB-Pokal,DE,Second Round,2025-10-29,1.FSV Mainz 05,VfB Stuttgart,0,2,,,1.0,1.0,True
DFB-Pokal,DE,Second Round,2025-10-29,FV Illertissen,1.FC Magdeburg,0,3,,,3.0,2.0,True
DFB-Pokal,DE,Second Round,2025-10-29,Fortuna Düsseldorf,SC Freiburg,1,3,,,2.0,1.0,True
DFB-Pokal,DE,Second Round,2025-10-29,SC Paderborn 07,Bayer 04 Leverkusen,2,4,,,2.0,1.0,True
DFB-Pokal,DE,Second Round,2025-10-29,SV Darmstadt 98,FC Schalke 04,4,0,,,2.0,2.0,True
DFB-Pokal,DE,Second Round,2025-10-29,SpVgg Greuther Fürth,1.FC Kaiserslautern,0,1,,,2.0,2.0,True
DFB-Pokal,DE,Round of 16,2025-12-02,Borussia Dortmund,Bayer 04 Leverkusen,0,1,,,1.0,1.0,True
DFB-Pokal,DE,Round of 16,2025-12-02,Borussia Mönchengladbach,FC St. Pauli,1,2,,,1.0,1.0,True
DFB-Pokal,DE,Round of 16,2025-12-02,Hertha BSC,1.FC Kaiserslautern,6,1,,,2.0,2.0,True
DFB-Pokal,DE,Round of 16,2025-12-02,RB Leipzig,1.FC Magdeburg,3,1,,,1.0,2.0,True
DFB-Pokal,DE,Round of 16,2025-12-03,1.FC Union Berlin,Bayern Munich,2,3,,,1.0,1.0,True
DFB-Pokal,DE,Round of 16,2025-12-03,Hamburger SV,Holstein Kiel,1,1,2.0,4.0,1.0,2.0,True
DFB-Pokal,DE,Round of 16,2025-12-03,SC Freiburg,SV Darmstadt 98,2,0,,,1.0,2.0,True
DFB-Pokal,DE,Round of 16,2025-12-03,VfL Bochum,VfB Stuttgart,0,2,,,2.0,1.0,True
DFB-Pokal,DE,Quarter-Finals,2026-02-03,Bayer 04 Leverkusen,FC St. Pauli,3,0,,,1.0,1.0,True
DFB-Pokal,DE,Quarter-Finals,2026-02-04,Holstein Kiel,VfB Stuttgart,0,3,,,2.0,1.0,True
DFB-Pokal,DE,Quarter-Finals,2026-02-10,Hertha BSC,SC Freiburg,1,1,4.0,5.0,2.0,1.0,True
DFB-Pokal,DE,Quarter-Finals,2026-02-11,Bayern Munich,RB Leipzig,2,0,,,1.0,1.0,True
DFB-Pokal,DE,Semi-Finals,2026-04-22,Bayer 04 Leverkusen,Bayern Munich,0,2,,,1.0,1.0,True
DFB-Pokal,DE,Semi-Finals,2026-04-23,VfB Stuttgart,SC Freiburg,2,1,,,1.0,1.0,True
DFB-Pokal,DE,Final,2026-05-23,Bayern Munich,VfB Stuttgart,3,0,,,1.0,1.0,False
EFL Cup,EN,First Round,2025-08-12,Accrington Stanley,Peterborough United,2,1,,,3.0,3.0,True
EFL Cup,EN,First Round,2025-08-12,Barrow AFC,Preston North End,0,1,,,3.0,2.0,True
EFL Cup,EN,First Round,2025-08-12,Blackburn Rovers,Bradford City,1,2,,,2.0,3.0,True
EFL Cup,EN,First Round,2025-08-12,Blackpool FC,Port Vale FC,0,1,,,3.0,3.0,True
EFL Cup,EN,First Round,2025-08-12,Bristol City,Milton Keynes Dons,2,0,,,2.0,3.0,True
EFL Cup,EN,First Round,2025-08-12,Bristol Rovers,Cambridge United,0,2,,,3.0,3.0,True
EFL Cup,EN,First Round,2025-08-12,Bromley FC,Ipswich Town,1,1,5.0,4.0,3.0,2.0,True
EFL Cup,EN,First Round,2025-08-12,Cardiff City,Swindon Town,2,1,,,3.0,3.0,True
EFL Cup,EN,First Round,2025-08-12,Charlton Athletic,Stevenage FC,3,1,,,2.0,3.0,True
EFL Cup,EN,First Round,2025-08-12,Chesterfield FC,Mansfield Town,0,2,,,3.0,3.0,True
EFL Cup,EN,First Round,2025-08-12,Coventry City,Luton Town,1,0,,,2.0,3.0,True
EFL Cup,EN,First Round,2025-08-12,Gillingham FC,AFC Wimbledon,1,1,2.0,4.0,3.0,3.0,True
EFL Cup,EN,First Round,2025-08-12,Grimsby Town,Shrewsbury Town,3,1,,,3.0,3.0,True
EFL Cup,EN,First Round,2025-08-12,Harrogate Town,Lincoln City,1,3,,,3.0,3.0,True
EFL Cup,EN,First Round,2025-08-12,Leyton Orient,Wycombe Wanderers,0,1,,,3.0,3.0,True
EFL Cup,EN,First Round,2025-08-12,Middlesbrough FC,Doncaster Rovers,0,4,,,2.0,3.0,True
EFL Cup,EN,First Round,2025-08-12,Newport County,Millwall FC,0,1,,,3.0,2.0,True
EFL Cup,EN,First Round,2025-08-12,Northampton Town,Southampton FC,0,1,,,3.0,2.0,True
EFL Cup,EN,First Round,2025-08-12,Oxford United,Colchester United,1,0,,,2.0,3.0,True
EFL Cup,EN,First Round,2025-08-12,Plymouth Argyle,Queens Park Rangers,3,2,,,3.0,2.0,True
EFL Cup,EN,First Round,2025-08-12,Portsmouth FC,Reading FC,1,2,,,2.0,3.0,True
EFL Cup,EN,First Round,2025-08-12,Salford City,Rotherham United,0,0,2.0,3.0,3.0,3.0,True
EFL Cup,EN,First Round,2025-08-12,Stockport County,Crewe Alexandra,3,1,,,3.0,3.0,True
EFL Cup,EN,First Round,2025-08-12,Stoke City,Walsall FC,0,0,4.0,3.0,2.0,3.0,True
EFL Cup,EN,First Round,2025-08-12,Swansea City,Crawley Town,3,1,,,2.0,3.0,True
EFL Cup,EN,First Round,2025-08-12,Tranmere Rovers,Burton Albion,1,1,,,3.0,3.0,True
EFL Cup,EN,First Round,2025-08-12,Watford FC,Norwich City,1,2,,,2.0,2.0,True
EFL Cup,EN,First Round,2025-08-12,West Bromwich Albion,Derby County,1,1,2.0,3.0,2.0,2.0,True
EFL Cup,EN,First Round,2025-08-12,Wigan Athletic,Notts County,1,0,,,3.0,3.0,True
EFL Cup,EN,First Round,2025-08-12,Wrexham AFC,Hull City,3,3,5.0,3.0,2.0,2.0,True
EFL Cup,EN,First Round,2025-08-13,Barnsley FC,Fleetwood Town,2,2,5.0,4.0,3.0,3.0,True
EFL Cup,EN,First Round,2025-08-13,Birmingham City,Sheffield United,2,1,,,2.0,2.0,True
EFL Cup,EN,First Round,2025-08-13,Bolton Wanderers,Sheffield Wednesday,3,3,2.0,4.0,3.0,2.0,True
EFL Cup,EN,First Round,2025-08-13,Cheltenham Town,Exeter City,2,0,,,3.0,3.0,True
EFL Cup,EN,First Round,2025-08-13,Huddersfield Town,Leicester City,2,2,3.0,2.0,3.0,2.0,True
EFL Cup,EN,Second Round,2025-08-26,AFC Bournemouth,Brentford FC,0,2,,,1.0,1.0,True
EFL Cup,EN,Second Round,2025-08-26,Accrington Stanley,Doncaster Rovers,0,2,,,3.0,3.0,True
EFL Cup,EN,Second Round,2025-08-26,Barnsley FC,Rotherham United,2,1,,,3.0,3.0,True
EFL Cup,EN,Second Round,2025-08-26,Birmingham City,Port Vale FC,0,1,,,2.0,3.0,True
EFL Cup,EN,Second Round,2025-08-26,Bromley FC,Wycombe Wanderers,1,1,4.0,5.0,3.0,3.0,True
EFL Cup,EN,Second Round,2025-08-26,Burnley FC,Derby County,2,1,,,1.0,2.0,True
EFL Cup,EN,Second Round,2025-08-26,Burton Albion,Lincoln City,0,1,,,3.0,3.0,True
EFL Cup,EN,Second Round,2025-08-26,Cambridge United,Charlton Athletic,3,1,,,3.0,2.0,True
EFL Cup,EN,Second Round,2025-08-26,Cardiff City,Cheltenham Town,3,0,,,3.0,3.0,True
EFL Cup,EN,Second Round,2025-08-26,Millwall FC,Coventry City,2,1,,,2.0,2.0,True
EFL Cup,EN,Second Round,2025-08-26,Norwich City,Southampton FC,0,3,,,2.0,2.0,True
EFL Cup,EN,Second Round,2025-08-26,Preston North End,Wrexham AFC,2,3,,,2.0,2.0,True
EFL Cup,EN,Second Round,2025-08-26,Reading FC,AFC Wimbledon,2,1,,,3.0,3.0,True
EFL Cup,EN,Second Round,2025-08-26,Sheffield Wednesday,Leeds United,1,1,3.0,0.0,2.0,1.0,True
EFL Cup,EN,Second Round,2025-08-26,Stoke City,Bradford City,0,3,,,2.0,3.0,True
EFL Cup,EN,Second Round,2025-08-26,Sunderland AFC,Huddersfield Town,1,1,5.0,6.0,1.0,3.0,True
EFL Cup,EN,Second Round,2025-08-26,Swansea City,Plymouth Argyle,1,1,5.0,3.0,2.0,3.0,True
EFL Cup,EN,Second Round,2025-08-26,Wigan Athletic,Stockport County,1,0,,,3.0,3.0,True
EFL Cup,EN,Second Round,2025-08-26,Wolverhampton Wanderers,West Ham United,3,2,,,1.0,1.0,True
EFL Cup,EN,Second Round,2025-08-27,Everton FC,Mansfield Town,2,0,,,1.0,3.0,True
EFL Cup,EN,Second Round,2025-08-27,Fulham FC,Bristol City,2,0,,,1.0,2.0,True
EFL Cup,EN,Second Round,2025-08-27,Grimsby Town,Manchester United,2,2,12.0,11.0,3.0,1.0,True
EFL Cup,EN,Second Round,2025-08-27,Oxford United,Brighton & Hove Albion,0,6,,,2.0,1.0,True
EFL Cup,EN,Third Round,2025-09-16,Brentford FC,Aston Villa,1,1,4.0,2.0,1.0,1.0,True
EFL Cup,EN,Third Round,2025-09-16,Crystal Palace,Millwall FC,1,1,4.0,2.0,1.0,2.0,True
EFL Cup,EN,Third Round,2025-09-16,Sheffield Wednesday,Grimsby Town,0,1,,,2.0,3.0,True
EFL Cup,EN,Third Round,2025-09-17,Swansea City,Nottingham Forest,3,2,,,2.0,1.0,True
EFL Cup,EN,Third Round,2025-09-23,Barnsley FC,Brighton & Hove Albion,0,6,,,3.0,1.0,True
EFL Cup,EN,Third Round,2025-09-23,Burnley FC,Cardiff City,1,2,,,1.0,3.0,True
EFL Cup,EN,Third Round,2025-09-23,Fulham FC,Cambridge United,1,0,,,1.0,3.0,True
EFL Cup,EN,Third Round,2025-09-23,Lincoln City,Chelsea FC,1,2,,,3.0,1.0,True
EFL Cup,EN,Third Round,2025-09-23,Liverpool FC,Southampton FC,2,1,,,1.0,2.0,True
EFL Cup,EN,Third Round,2025-09-23,Wigan Athletic,Wycombe Wanderers,0,2,,,3.0,3.0,True
EFL Cup,EN,Third Round,2025-09-23,Wolverhampton Wanderers,Everton FC,2,0,,,1.0,1.0,True
EFL Cup,EN,Third Round,2025-09-23,Wrexham AFC,Reading FC,2,0,,,2.0,3.0,True
EFL Cup,EN,Third Round,2025-09-24,Huddersfield Town,Manchester City,0,2,,,3.0,1.0,True
EFL Cup,EN,Third Round,2025-09-24,Newcastle United,Bradford City,4,1,,,1.0,3.0,True
EFL Cup,EN,Third Round,2025-09-24,Port Vale FC,Arsenal FC,0,2,,,3.0,1.0,True
EFL Cup,EN,Third Round,2025-09-24,Tottenham Hotspur,Doncaster Rovers,3,0,,,1.0,3.0,True
EFL Cup,EN,Fourth Round,2025-10-28,Grimsby Town,Brentford FC,0,5,,,3.0,1.0,True
EFL Cup,EN,Fourth Round,2025-10-28,Wrexham AFC,Cardiff City,1,2,,,2.0,3.0,True
EFL Cup,EN,Fourth Round,2025-10-28,Wycombe Wanderers,Fulham FC,1,1,4.0,5.0,3.0,1.0,True
EFL Cup,EN,Fourth Round,2025-10-29,Arsenal FC,Brighton & Hove Albion,2,0,,,1.0,1.0,True
EFL Cup,EN,Fourth Round,2025-10-29,Liverpool FC,Crystal Palace,0,3,,,1.0,1.0,True
EFL Cup,EN,Fourth Round,2025-10-29,Newcastle United,Tottenham Hotspur,2,0,,,1.0,1.0,True
EFL Cup,EN,Fourth Round,2025-10-29,Swansea City,Manchester City,1,3,,,2.0,1.0,True
EFL Cup,EN,Fourth Round,2025-10-29,Wolverhampton Wanderers,Chelsea FC,3,4,,,1.0,1.0,True
EFL Cup,EN,Quarter-Finals,2025-12-16,Cardiff City,Chelsea FC,1,3,,,3.0,1.0,True
EFL Cup,EN,Quarter-Finals,2025-12-17,Manchester City,Brentford FC,2,0,,,1.0,1.0,True
EFL Cup,EN,Quarter-Finals,2025-12-17,Newcastle United,Fulham FC,2,1,,,1.0,1.0,True
EFL Cup,EN,Quarter-Finals,2025-12-23,Arsenal FC,Crystal Palace,1,1,8.0,7.0,1.0,1.0,True
EFL Cup,EN,Semi-Finals 1st Leg,2026-01-13,Newcastle United,Manchester City,0,2,,,1.0,1.0,True
EFL Cup,EN,Semi-Finals 1st Leg,2026-01-14,Chelsea FC,Arsenal FC,2,3,,,1.0,1.0,True
EFL Cup,EN,Semi-Finals 2nd Leg,2026-02-03,Arsenal FC,Chelsea FC,1,0,,,1.0,1.0,True
EFL Cup,EN,Semi-Finals 2nd Leg,2026-02-04,Manchester City,Newcastle United,3,1,,,1.0,1.0,True
EFL Cup,EN,Final,2026-03-22,Arsenal FC,Manchester City,0,2,,,1.0,1.0,True
FA Cup,EN,Third Round,2026-01-09,Milton Keynes Dons,Oxford United,1,1,3.0,4.0,3.0,2.0,True
FA Cup,EN,Third Round,2026-01-09,Port Vale FC,Fleetwood Town,1,0,,,3.0,3.0,True
FA Cup,EN,Third Round,2026-01-09,Preston North End,Wigan Athletic,0,1,,,2.0,3.0,True
FA Cup,EN,Third Round,2026-01-09,Wrexham AFC,Nottingham Forest,3,3,4.0,3.0,2.0,1.0,True
FA Cup,EN,Third Round,2026-01-10,Boreham Wood FC,Burton Albion,0,5,,,3.0,3.0,True
FA Cup,EN,Third Round,2026-01-10,Bristol City,Watford FC,5,1,,,2.0,2.0,True
FA Cup,EN,Third Round,2026-01-10,Burnley FC,Millwall FC,5,1,,,1.0,2.0,True
FA Cup,EN,Third Round,2026-01-10,Cambridge United,Birmingham City,2,3,,,3.0,2.0,True
FA Cup,EN,Third Round,2026-01-10,Charlton Athletic,Chelsea FC,1,5,,,2.0,1.0,True
FA Cup,EN,Third Round,2026-01-10,Cheltenham Town,Leicester City,0,2,,,3.0,2.0,True
FA Cup,EN,Third Round,2026-01-10,Doncaster Rovers,Southampton FC,2,3,,,3.0,2.0,True
FA Cup,EN,Third Round,2026-01-10,Everton FC,Sunderland AFC,1,1,0.0,3.0,1.0,1.0,True
FA Cup,EN,Third Round,2026-01-10,Fulham FC,Middlesbrough FC,3,1,,,1.0,2.0,True
FA Cup,EN,Third Round,2026-01-10,Grimsby Town,Weston-super-Mare AFC,3,2,,,3.0,3.0,True
FA Cup,EN,Third Round,2026-01-10,Ipswich Town,Blackpool FC,2,1,,,2.0,3.0,True
FA Cup,EN,Third Round,2026-01-10,Macclesfield FC,Crystal Palace,2,1,,,3.0,1.0,True
FA Cup,EN,Third Round,2026-01-10,Manchester City,Exeter City,10,1,,,1.0,3.0,True
FA Cup,EN,Third Round,2026-01-10,Newcastle United,AFC Bournemouth,3,3,7.0,6.0,1.0,1.0,True
FA Cup,EN,Third Round,2026-01-10,Sheffield Wednesday,Brentford FC,0,2,,,2.0,1.0,True
FA Cup,EN,Third Round,2026-01-10,Stoke City,Coventry City,1,0,,,2.0,2.0,True
FA Cup,EN,Third Round,2026-01-10,Tottenham Hotspur,Aston Villa,1,2,,,1.0,1.0,True
FA Cup,EN,Third Round,2026-01-10,Wolverhampton Wanderers,Shrewsbury Town,6,1,,,1.0,3.0,True
FA Cup,EN,Third Round,2026-01-11,Derby County,Leeds United,1,3,,,2.0,1.0,True
FA Cup,EN,Third Round,2026-01-11,Hull City,Blackburn Rovers,0,0,4.0,3.0,2.0,2.0,True
FA Cup,EN,Third Round,2026-01-11,Manchester United,Brighton & Hove Albion,1,2,,,1.0,1.0,True
FA Cup,EN,Third Round,2026-01-11,Norwich City,Walsall FC,5,1,,,2.0,3.0,True
FA Cup,EN,Third Round,2026-01-11,Portsmouth FC,Arsenal FC,1,4,,,2.0,1.0,True
FA Cup,EN,Third Round,2026-01-11,Sheffield United,Mansfield Town,3,4,,,2.0,3.0,True
FA Cup,EN,Third Round,2026-01-11,Swansea City,West Bromwich Albion,2,2,5.0,6.0,2.0,2.0,True
FA Cup,EN,Third Round,2026-01-11,West Ham United,Queens Park Rangers,2,1,,,1.0,2.0,True
FA Cup,EN,Third Round,2026-01-12,Liverpool FC,Barnsley FC,4,1,,,1.0,3.0,True
FA Cup,EN,Third Round,2026-01-20,Salford City,Swindon Town,3,2,,,3.0,3.0,True
FA Cup,EN,Fourth Round,2026-02-13,Hull City,Chelsea FC,0,4,,,2.0,1.0,True
FA Cup,EN,Fourth Round,2026-02-13,Wrexham AFC,Ipswich Town,1,0,,,2.0,2.0,True
FA Cup,EN,Fourth Round,2026-02-14,Aston Villa,Newcastle United,1,3,,,1.0,1.0,True
FA Cup,EN,Fourth Round,2026-02-14,Burnley FC,Mansfield Town,1,2,,,1.0,3.0,True
FA Cup,EN,Fourth Round,2026-02-14,Burton Albion,West Ham United,0,1,,,3.0,1.0,True
FA Cup,EN,Fourth Round,2026-02-14,Liverpool FC,Brighton & Hove Albion,3,0,,,1.0,1.0,True
FA Cup,EN,Fourth Round,2026-02-14,Manchester City,Salford City,2,0,,,1.0,3.0,True
FA Cup,EN,Fourth Round,2026-02-14,Norwich City,West Bromwich Albion,3,1,,,2.0,2.0,True
FA Cup,EN,Fourth Round,2026-02-14,Southampton FC,Leicester City,2,1,,,2.0,2.0,True
FA Cup,EN,Fourth Round,2026-02-15,Arsenal FC,Wigan Athletic,4,0,,,1.0,3.0,True
FA Cup,EN,Fourth Round,2026-02-15,Birmingham City,Leeds United,1,1,2.0,4.0,2.0,1.0,True
FA Cup,EN,Fourth Round,2026-02-15,Grimsby Town,Wolverhampton Wanderers,0,1,,,3.0,1.0,True
FA Cup,EN,Fourth Round,2026-02-15,Oxford United,Sunderland AFC,0,1,,,2.0,1.0,True
FA Cup,EN,Fourth Round,2026-02-15,Stoke City,Fulham FC,1,2,,,2.0,1.0,True
FA Cup,EN,Fourth Round,2026-02-16,Macclesfield FC,Brentford FC,0,1,,,3.0,1.0,True
FA Cup,EN,Fourth Round,2026-03-03,Port Vale FC,Bristol City,1,0,,,3.0,2.0,True
FA Cup,EN,Round of 16,2026-03-06,Wolverhampton Wanderers,Liverpool FC,1,3,,,1.0,1.0,True
FA Cup,EN,Round of 16,2026-03-07,Mansfield Town,Arsenal FC,1,2,,,3.0,1.0,True
FA Cup,EN,Round of 16,2026-03-07,Newcastle United,Manchester City,1,3,,,1.0,1.0,True
FA Cup,EN,Round of 16,2026-03-07,Wrexham AFC,Chelsea FC,2,4,,,2.0,1.0,True
FA Cup,EN,Round of 16,2026-03-08,Fulham FC,Southampton FC,0,1,,,1.0,2.0,True
FA Cup,EN,Round of 16,2026-03-08,Leeds United,Norwich City,3,0,,,1.0,2.0,True
FA Cup,EN,Round of 16,2026-03-08,Port Vale FC,Sunderland AFC,1,0,,,3.0,1.0,True
FA Cup,EN,Round of 16,2026-03-09,West Ham United,Brentford FC,2,2,5.0,3.0,1.0,1.0,True
FA Cup,EN,Quarter-Finals,2026-04-04,Chelsea FC,Port Vale FC,7,0,,,1.0,3.0,True
FA Cup,EN,Quarter-Finals,2026-04-04,Manchester City,Liverpool FC,4,0,,,1.0,1.0,True
FA Cup,EN,Quarter-Finals,2026-04-04,Southampton FC,Arsenal FC,2,1,,,2.0,1.0,True
FA Cup,EN,Quarter-Finals,2026-04-05,West Ham United,Leeds United,2,2,2.0,4.0,1.0,1.0,True
FA Cup,EN,Semi-Finals,2026-04-25,Manchester City,Southampton FC,2,1,,,1.0,2.0,True
FA Cup,EN,Semi-Finals,2026-04-26,Chelsea FC,Leeds United,1,0,,,1.0,1.0,True
FA Cup,EN,Final,2026-05-16,Chelsea,Manchester City,0,1,,,1.0,1.0,False
