competizione,turno,data,casa,ospite,game_id,b_arbitro,b_allenatori,b_undici_titolari,b_minuti_giocati,b_sostituzioni,b_statistiche_individuali,b_statistiche_squadra,incrociabile
Copa del Rey,First Round,2025-10-28,Atlético Tordesillas,Burgos CF,4743266.0,True,True,True,False,True,False,True,False
Copa del Rey,First Round,2025-10-28,CD Extremadura 1924,UD Las Palmas,4743308.0,True,True,True,True,True,False,True,False
Copa del Rey,First Round,2025-10-28,CD Guadalajara,CP Cacereño,4743313.0,True,True,True,False,True,False,True,False
Copa del Rey,First Round,2025-10-28,CD Roda,Granada CF,4743294.0,True,True,True,True,True,False,False,False
Copa del Rey,First Round,2025-10-28,CD Toledo,Sevilla FC,4743291.0,True,True,True,True,True,False,True,False
Copa del Rey,First Round,2025-10-28,CD Tropezón,Cultural Leonesa,4743314.0,True,True,True,True,True,False,True,False
Copa del Rey,First Round,2025-10-28,CE Constància,Girona FC,4743315.0,True,True,True,True,True,False,True,False
Copa del Rey,First Round,2025-10-28,CF Inter de Valdemoro,Getafe CF,4743304.0,True,True,True,True,True,False,True,False
Copa del Rey,First Round,2025-10-28,CF Rayo Majadahonda,CF Talavera de la Reina,4743310.0,True,True,True,False,True,False,True,False
Copa del Rey,First Round,2025-10-28,Ourense CF,Real Oviedo,4743264.0,True,True,True,True,True,False,True,False
Copa del Rey,First Round,2025-10-28,RSD Alcalá,CD Tenerife,4743312.0,True,True,True,False,True,False,True,False
Copa del Rey,First Round,2025-10-28,SD Logroñés,Racing Santander,4743270.0,True,True,True,True,True,False,True,False
Copa del Rey,First Round,2025-10-28,SD Negreira,Real Sociedad,4743262.0,True,True,True,True,True,False,True,False
Copa del Rey,First Round,2025-10-28,UCAM Murcia CF,Cádiz CF,4743298.0,True,True,True,True,True,False,True,False
Copa del Rey,First Round,2025-10-28,UD Maracena,Valencia CF,4743290.0,True,True,True,True,True,False,True,False
Copa del Rey,First Round,2025-10-28,UD San Fernando,Albacete Balompié,4743307.0,True,True,True,False,True,False,True,False
Copa del Rey,First Round,2025-10-28,UP Langreo,Racing Ferrol,4743274.0,True,True,True,False,True,False,True,False
Copa del Rey,First Round,2025-10-28,Utebo FC,SD Huesca,4743282.0,True,True,True,True,True,False,True,False
Copa del Rey,First Round,2025-10-29,Atlètic Sant Just,RCD Mallorca,4743277.0,True,True,True,True,True,False,True,False
Copa del Rey,First Round,2025-10-29,Atlético Astorga,CD Mirandés,4743269.0,True,True,True,False,True,False,True,False
Copa del Rey,First Round,2025-10-29,CD Azuaga,CD Leganés,4743306.0,True,True,True,True,True,False,True,False
Copa del Rey,First Round,2025-10-29,CD Cieza,Córdoba CF,4743295.0,True,True,True,True,True,False,True,False
Copa del Rey,First Round,2025-10-29,CD Ebro,SD Tarazona,4743284.0,True,True,True,False,True,False,True,False
Copa del Rey,First Round,2025-10-29,CD Numancia,Arenas Club,4743272.0,True,True,True,True,True,False,True,False
Copa del Rey,First Round,2025-10-29,CD Quintanar del Rey,UD Ibiza,4743311.0,True,True,True,False,True,False,True,False
Copa del Rey,First Round,2025-10-29,CD Sant Jordi,CA Osasuna,4743278.0,True,True,True,True,True,False,False,False
Copa del Rey,First Round,2025-10-29,CD Unión Malacitano,AD Ceuta FC,4743316.0,True,True,True,True,True,False,True,False
Copa del Rey,First Round,2025-10-29,CD Yuncos,Rayo Vallecano,4743305.0,True,True,True,True,True,False,True,False
Copa del Rey,First Round,2025-10-29,CDA Navalcarnero,Mérida AD,4743309.0,True,True,True,False,True,False,True,False
Copa del Rey,First Round,2025-10-29,CF Lorca Deportiva,UD Almería,4743297.0,True,True,True,True,True,False,True,False
Copa del Rey,First Round,2025-10-29,Caudal Deportivo,Sporting Gijón,4743265.0,True,True,True,True,True,False,True,False
Copa del Rey,First Round,2025-10-29,Ciudad Lucena,Villarreal CF,4743293.0,True,True,True,True,True,False,True,False
Copa del Rey,First Round,2025-10-29,Club Portugalete,Real Valladolid CF,4743267.0,True,True,True,True,True,False,True,False
Copa del Rey,First Round,2025-10-29,Náxara CD,SD Eibar,4743268.0,True,True,True,True,True,False,True,False
Copa del Rey,First Round,2025-10-29,Real Jaén CF,CD Eldense,4743302.0,True,True,True,True,True,False,True,False
Copa del Rey,First Round,2025-10-29,Reus FC Reddis,CE Europa,4743285.0,True,True,True,False,True,False,True,False
Copa del Rey,First Round,2025-10-29,Salerm Puente Genil FC,FC Cartagena,4743301.0,True,True,True,False,True,False,True,False
Copa del Rey,First Round,2025-10-29,Torrent CF,Juventud Torremolinos CF,4743300.0,True,True,True,True,True,False,True,False
Copa del Rey,First Round,2025-10-29,UD Los Garres,Elche CF,4743288.0,True,True,True,True,True,False,True,False
Copa del Rey,First Round,2025-10-29,UD Mutilvera,Real Zaragoza,4743281.0,True,True,True,True,True,False,True,False
Copa del Rey,First Round,2025-10-29,UD Ourense,Pontevedra CF,4743276.0,True,True,True,True,True,False,True,False
Copa del Rey,First Round,2025-10-29,UD Poblense,CE Sabadell FC,4743283.0,True,True,True,False,True,False,True,False
Copa del Rey,First Round,2025-10-29,UE Sant Andreu,CD Teruel,4743287.0,True,True,True,False,True,False,True,False
Copa del Rey,First Round,2025-10-30,Atlético Palma del Río CF,Real Betis Balompié,4743289.0,True,True,True,True,True,False,False,False
Copa del Rey,First Round,2025-10-30,CD Atlético Baleares,Gimnàstic de Tarragona,4743286.0,True,True,True,False,True,False,True,False
Copa del Rey,First Round,2025-10-30,CD Estepona FS,Málaga CF,4743296.0,True,True,True,False,True,False,True,False
Copa del Rey,First Round,2025-10-30,CD Getxo,Deportivo Alavés,4743261.0,True,True,True,True,True,False,True,False
Copa del Rey,First Round,2025-10-30,CD Valle de Egüés,FC Andorra,4743280.0,True,True,True,False,True,False,True,False
Copa del Rey,First Round,2025-10-30,CE Atlètic Lleida,RCD Espanyol Barcelona,4743279.0,True,True,True,True,True,False,True,False
Copa del Rey,First Round,2025-10-30,Club Atlético Antoniano,CD Castellón,4743299.0,True,True,True,True,True,False,True,False
Copa del Rey,First Round,2025-10-30,Orihuela CF,Levante UD,4743292.0,True,True,True,True,True,False,True,False
Copa del Rey,First Round,2025-10-30,Puerto de Vega CF,Celta de Vigo,4743263.0,True,True,True,True,True,False,True,False
Copa del Rey,First Round,2025-10-30,Real Murcia CF,Antequera CF,4743303.0,True,True,True,False,True,False,True,False
Copa del Rey,First Round,2025-10-30,Real Ávila CF,Real Avilés CF,4743275.0,True,True,True,False,True,False,True,False
Copa del Rey,First Round,2025-10-30,UD Logroñés,SD Ponferradina,4743273.0,True,True,True,False,True,False,True,False
Copa del Rey,First Round,2025-10-30,UD Sámano,Deportivo de La Coruña,4743271.0,True,True,True,False,True,False,True,False
Copa del Rey,Second Round,2025-12-02,CD Ebro,CA Osasuna,4766838.0,True,True,True,True,True,True,True,True
Copa del Rey,Second Round,2025-12-02,CD Guadalajara,AD Ceuta FC,4766856.0,True,True,True,True,True,False,True,False
Copa del Rey,Second Round,2025-12-02,CD Numancia,RCD Mallorca,4766839.0,True,True,True,True,True,True,True,True
Copa del Rey,Second Round,2025-12-02,CDA Navalcarnero,Getafe CF,4766850.0,True,True,True,True,True,True,True,True
Copa del Rey,Second Round,2025-12-02,Club Portugalete,Deportivo Alavés,4766834.0,True,True,True,True,True,True,True,True
Copa del Rey,Second Round,2025-12-02,Racing Ferrol,SD Huesca,4766842.0,True,True,True,True,True,False,True,False
Copa del Rey,Second Round,2025-12-03,CD Cieza,Levante UD,4766847.0,True,True,True,True,True,True,True,True
Copa del Rey,Second Round,2025-12-03,CD Eldense,UD Almería,4766858.0,True,True,True,True,True,False,True,False
Copa del Rey,Second Round,2025-12-03,CD Mirandés,Sporting Gijón,4766844.0,True,True,True,True,True,False,True,False
Copa del Rey,Second Round,2025-12-03,CD Quintanar del Rey,Elche CF,4766849.0,True,True,True,True,True,False,True,False
Copa del Rey,Second Round,2025-12-03,CF Talavera de la Reina,Málaga CF,4766857.0,True,True,True,False,True,False,True,False
Copa del Rey,Second Round,2025-12-03,Club Atlético Antoniano,Villarreal CF,4766852.0,True,True,True,True,True,False,True,False
Copa del Rey,Second Round,2025-12-03,Cultural Leonesa,FC Andorra,4766845.0,True,True,True,True,True,False,True,False
Copa del Rey,Second Round,2025-12-03,Ourense CF,Girona FC,4766833.0,True,True,True,True,True,False,True,False
Copa del Rey,Second Round,2025-12-03,Pontevedra CF,SD Eibar,4766841.0,True,True,True,True,True,False,True,False
Copa del Rey,Second Round,2025-12-03,Real Murcia CF,Cádiz CF,4766855.0,True,True,True,True,True,False,True,False
Copa del Rey,Second Round,2025-12-03,Reus FC Reddis,Real Sociedad,4766835.0,True,True,True,True,True,True,True,True
Copa del Rey,Second Round,2025-12-03,Torrent CF,Real Betis Balompié,4766851.0,False,True,True,True,True,True,True,False
Copa del Rey,Second Round,2025-12-04,CD Atlético Baleares,RCD Espanyol Barcelona,4766837.0,True,True,True,True,True,True,True,True
Copa del Rey,Second Round,2025-12-04,CD Extremadura 1924,Sevilla FC,4766848.0,True,True,True,True,True,True,True,True
Copa del Rey,Second Round,2025-12-04,CD Leganés,Albacete Balompié,4766860.0,True,True,True,True,True,False,True,False
Copa del Rey,Second Round,2025-12-04,CD Tenerife,Granada CF,4766859.0,True,True,True,True,True,False,True,False
Copa del Rey,Second Round,2025-12-04,CE Sabadell FC,Deportivo de La Coruña,4766840.0,True,True,True,True,True,False,True,False
Copa del Rey,Second Round,2025-12-04,FC Cartagena,Valencia CF,4807306.0,True,True,True,True,True,True,True,True
Copa del Rey,Second Round,2025-12-04,Real Zaragoza,Burgos CF,4766846.0,True,True,True,True,True,False,True,False
Copa del Rey,Second Round,2025-12-04,Real Ávila CF,Rayo Vallecano,4766853.0,True,True,True,True,True,True,True,True
Copa del Rey,Second Round,2025-12-04,SD Ponferradina,Racing Santander,4766843.0,True,True,True,True,True,False,True,False
Copa del Rey,Second Round,2025-12-04,UE Sant Andreu,Celta de Vigo,4766836.0,True,True,True,True,True,True,True,True
Copa del Rey,Round of 32,2025-12-16,CD Eldense,Real Sociedad,4784341.0,True,True,True,True,True,True,True,True
Copa del Rey,Round of 32,2025-12-16,CD Guadalajara,FC Barcelona,4784340.0,True,True,True,True,True,True,True,True
Copa del Rey,Round of 32,2025-12-16,Deportivo de La Coruña,RCD Mallorca,4784339.0,True,True,True,True,True,True,True,True
Copa del Rey,Round of 32,2025-12-16,SD Eibar,Elche CF,4784338.0,True,True,True,True,True,True,True,True
Copa del Rey,Round of 32,2025-12-16,Sporting Gijón,Valencia CF,4784342.0,True,True,True,True,True,True,True,True
Copa del Rey,Round of 32,2025-12-17,Albacete Balompié,Celta de Vigo,4807313.0,True,True,True,True,True,True,True,True
Copa del Rey,Round of 32,2025-12-17,CD Atlético Baleares,Atlético de Madrid,4784346.0,True,True,True,True,True,True,True,True
Copa del Rey,Round of 32,2025-12-17,CF Talavera de la Reina,Real Madrid,4784347.0,True,True,True,True,True,True,True,True
Copa del Rey,Round of 32,2025-12-17,Cultural Leonesa,Levante UD,4784345.0,True,True,True,True,True,True,True,True
Copa del Rey,Round of 32,2025-12-17,Deportivo Alavés,Sevilla FC,4784348.0,True,True,True,True,True,True,True,True
Copa del Rey,Round of 32,2025-12-17,Racing Santander,Villarreal CF,4784343.0,True,True,True,True,True,True,True,True
Copa del Rey,Round of 32,2025-12-17,SD Huesca,CA Osasuna,4784344.0,True,True,True,True,True,True,True,True
Copa del Rey,Round of 32,2025-12-18,Burgos CF,Getafe CF,4784349.0,True,True,True,True,True,True,True,True
Copa del Rey,Round of 32,2025-12-18,Ourense CF,Athletic Bilbao,4784350.0,True,True,True,True,True,True,True,True
Copa del Rey,Round of 32,2025-12-18,Real Murcia CF,Real Betis Balompié,4784351.0,True,True,True,True,True,True,True,True
Copa del Rey,Round of 32,2026-01-06,Granada CF,Rayo Vallecano,4784352.0,True,True,True,True,True,True,True,True
Copa del Rey,Round of 16,2026-01-13,Cultural Leonesa,Athletic Bilbao,4799993.0,True,True,True,True,True,True,True,True
Copa del Rey,Round of 16,2026-01-13,Deportivo de La Coruña,Atlético de Madrid,4799992.0,True,True,True,True,True,True,True,True
Copa del Rey,Round of 16,2026-01-13,Real Sociedad,CA Osasuna,4799995.0,True,True,True,True,True,True,True,True
Copa del Rey,Round of 16,2026-01-14,Albacete Balompié,Real Madrid,4799990.0,True,True,True,True,True,True,True,True
Copa del Rey,Round of 16,2026-01-14,Deportivo Alavés,Rayo Vallecano,4799997.0,True,True,True,True,True,True,True,True
Copa del Rey,Round of 16,2026-01-14,Real Betis Balompié,Elche CF,4799991.0,True,True,True,True,True,True,True,True
Copa del Rey,Round of 16,2026-01-15,Burgos CF,Valencia CF,4799994.0,True,True,True,True,True,True,True,True
Copa del Rey,Round of 16,2026-01-15,Racing Santander,FC Barcelona,4799989.0,True,True,True,True,True,True,True,True
Copa del Rey,Quarter-Finals,2026-02-03,Albacete Balompié,FC Barcelona,4808016.0,True,True,True,True,True,True,True,True
Copa del Rey,Quarter-Finals,2026-02-04,Deportivo Alavés,Real Sociedad,4808017.0,True,True,True,True,True,True,True,True
Copa del Rey,Quarter-Finals,2026-02-04,Valencia CF,Athletic Bilbao,4808018.0,True,True,True,True,True,True,True,True
Copa del Rey,Quarter-Finals,2026-02-05,Real Betis Balompié,Atlético de Madrid,4808019.0,True,True,True,True,True,True,True,True
Copa del Rey,Semi-Finals 1st Leg,2026-02-11,Athletic Bilbao,Real Sociedad,4819275.0,True,True,True,True,True,True,True,True
Copa del Rey,Semi-Finals 1st Leg,2026-02-12,Atlético de Madrid,FC Barcelona,4819274.0,True,True,True,True,True,True,True,True
Copa del Rey,Semi-Finals 2nd Leg,2026-03-03,FC Barcelona,Atlético de Madrid,4819283.0,True,True,True,True,True,True,True,True
Copa del Rey,Semi-Finals 2nd Leg,2026-03-04,Real Sociedad,Athletic Bilbao,4819284.0,True,True,True,True,True,True,True,True
Copa del Rey,Final,2026-04-18,Atlético de Madrid,Real Sociedad,4842389.0,True,True,True,True,True,True,True,True
Coppa Italia,Qualifying Round,2025-08-09,Virtus Entella,Ternana Calcio,4630638.0,True,True,True,False,True,False,True,False
Coppa Italia,Qualifying Round,2025-08-10,Audace Cerignola,US Avellino 1912,4630640.0,True,True,True,True,True,False,True,False
Coppa Italia,Qualifying Round,2025-08-10,Calcio Padova,Vicenza Calcio,4630639.0,True,True,True,False,True,False,True,False
Coppa Italia,Qualifying Round,2025-08-10,Delfino Pescara 1936,Rimini FC,4630641.0,True,True,True,False,True,False,True,False
Coppa Italia,First Round,2025-08-15,FC Empoli,AC Reggiana 1919,4631307.0,True,True,True,True,True,True,True,True
Coppa Italia,First Round,2025-08-15,Genoa CFC,Vicenza Calcio,4669572.0,True,True,True,True,True,True,True,True
Coppa Italia,First Round,2025-08-15,US Lecce,SS Juve Stabia ,4631309.0,True,True,True,True,True,True,True,True
Coppa Italia,First Round,2025-08-15,US Sassuolo,US Catanzaro,4631308.0,True,True,True,True,True,True,True,True
Coppa Italia,First Round,2025-08-16,Cagliari Calcio,Virtus Entella,4669573.0,True,True,True,True,True,True,True,True
Coppa Italia,First Round,2025-08-16,Como 1907,FC Südtirol-Alto Adige,4631311.0,True,True,True,True,True,True,True,True
Coppa Italia,First Round,2025-08-16,US Cremonese,Palermo FC,4631312.0,True,True,True,True,True,True,True,True
Coppa Italia,First Round,2025-08-16,Venezia FC,Mantova 1911,4631310.0,True,True,True,True,True,True,True,True
Coppa Italia,First Round,2025-08-17,AC Milan,SSC Bari,4631315.0,True,True,True,True,True,True,True,True
Coppa Italia,First Round,2025-08-17,AC Monza,Frosinone Calcio,4631313.0,True,True,True,True,True,True,True,True
Coppa Italia,First Round,2025-08-17,Cesena FC,Pisa Sporting Club,4631314.0,True,True,True,True,True,True,True,True
Coppa Italia,First Round,2025-08-17,Parma Calcio 1913,Delfino Pescara 1936,4669574.0,True,True,True,True,True,True,True,True
Coppa Italia,First Round,2025-08-18,Audace Cerignola,Hellas Verona,4669575.0,True,True,True,True,True,True,True,True
Coppa Italia,First Round,2025-08-18,Spezia Calcio,UC Sampdoria,4631316.0,True,True,True,True,True,True,True,True
Coppa Italia,First Round,2025-08-18,Torino FC,Modena FC,4631318.0,True,True,True,True,True,True,True,True
Coppa Italia,First Round,2025-08-18,Udinese Calcio,Carrarese Calcio 1908,4631317.0,True,True,True,True,True,True,True,True
Coppa Italia,Second Round,2025-09-23,AC Milan,US Lecce,4709224.0,True,True,True,True,True,True,True,True
Coppa Italia,Second Round,2025-09-23,Cagliari Calcio,Frosinone Calcio,4709227.0,True,True,True,True,True,True,True,True
Coppa Italia,Second Round,2025-09-23,Udinese Calcio,Palermo FC,4709641.0,True,True,True,True,True,True,True,True
Coppa Italia,Second Round,2025-09-24,Como 1907,US Sassuolo,4709226.0,True,True,True,True,True,True,True,True
Coppa Italia,Second Round,2025-09-24,Hellas Verona,Venezia FC,4709561.0,True,True,True,True,True,True,True,True
Coppa Italia,Second Round,2025-09-24,Parma Calcio 1913,Spezia Calcio,4709560.0,True,True,True,True,True,True,True,True
Coppa Italia,Second Round,2025-09-25,Genoa CFC,FC Empoli,4709225.0,True,True,True,True,True,True,True,True
Coppa Italia,Second Round,2025-09-25,Torino FC,Pisa Sporting Club,4709642.0,True,True,True,True,True,True,True,True
Coppa Italia,Round of 16,2025-12-02,Juventus FC,Udinese Calcio,4736145.0,True,True,True,True,True,True,True,True
Coppa Italia,Round of 16,2025-12-03,Atalanta BC,Genoa CFC,4736146.0,True,True,True,True,True,True,True,True
Coppa Italia,Round of 16,2025-12-03,Inter Milan,Venezia FC,4736147.0,True,True,True,True,True,True,True,True
Coppa Italia,Round of 16,2025-12-03,SSC Napoli,Cagliari Calcio,4736150.0,True,True,True,True,True,True,True,True
Coppa Italia,Round of 16,2025-12-04,Bologna Football Club 1909,Parma Calcio 1913,4736143.0,True,True,True,True,True,True,True,True
Coppa Italia,Round of 16,2025-12-04,Società Sportiva Lazio S.p.A.,AC Milan,4736144.0,True,True,True,True,True,True,True,True
Coppa Italia,Round of 16,2026-01-13,Associazione Sportiva Roma,Torino FC,4736148.0,True,True,True,True,True,True,True,True
Coppa Italia,Round of 16,2026-01-27,ACF Fiorentina,Como 1907,4736149.0,True,True,True,True,True,True,True,True
Coppa Italia,Quarter-Finals,2026-02-04,Inter Milan,Torino FC,4785786.0,True,True,True,True,True,True,True,True
Coppa Italia,Quarter-Finals,2026-02-05,Atalanta BC,Juventus FC,4785785.0,True,True,True,True,True,True,True,True
Coppa Italia,Quarter-Finals,2026-02-10,SSC Napoli,Como 1907,4785787.0,True,True,True,True,True,True,True,True
Coppa Italia,Quarter-Finals,2026-02-11,Bologna Football Club 1909,Società Sportiva Lazio S.p.A.,4785784.0,True,True,True,True,True,True,True,True
Coppa Italia,Semi-Finals 1st Leg,2026-03-03,Como 1907,Inter Milan,4824553.0,True,True,True,True,True,True,True,True
Coppa Italia,Semi-Finals 1st Leg,2026-03-04,Società Sportiva Lazio S.p.A.,Atalanta BC,4824554.0,True,True,True,True,True,True,True,True
Coppa Italia,Semi-Finals 2nd Leg,2026-04-21,Inter Milan,Como 1907,4824555.0,True,True,True,True,True,True,True,True
Coppa Italia,Semi-Finals 2nd Leg,2026-04-22,Atalanta BC,Società Sportiva Lazio S.p.A.,4824556.0,True,True,True,True,True,True,True,True
Coppa Italia,Final,2026-05-13,Lazio,Internazionale,,True,False,False,False,False,False,False,False
Coupe de France,7° turno,2025-11-14,AS Cannes,FC Annecy,,False,False,False,False,False,False,False,False
Coupe de France,7° turno,2025-11-14,Olympique de Villefontaine,Grenoble Foot 38,,False,False,False,False,False,False,False,False
Coupe de France,7° turno,2025-11-15,AA Lapalisse,Stade poitevin FC,,False,False,False,False,False,False,False,False
Coupe de France,7° turno,2025-11-15,AC Cambrai,Entente Feignies Aulnoye,,False,False,False,False,False,False,False,False
Coupe de France,7° turno,2025-11-15,AC Seyssinet,SC Aubagne Air-Bel,,False,False,False,False,False,False,False,False
Coupe de France,7° turno,2025-11-15,AF Biars-Bretenoux,LB Châteauroux,,False,False,False,False,False,False,False,False
Coupe de France,7° turno,2025-11-15,APM Metz FC,FC Fleury 91,,False,False,False,False,False,False,False,False
Coupe de France,7° turno,2025-11-15,AS Gouzon,US Chauvigny,,False,False,False,False,False,False,False,False
Coupe de France,7° turno,2025-11-15,AS Magenta,FC Mulhouse,,False,False,False,False,False,False,False,False
Coupe de France,7° turno,2025-11-15,AS Montréal-la Cluse,FC Chalon,,False,False,False,False,False,False,False,False
Coupe de France,7° turno,2025-11-15,AS Quetigny,AS Saint-Étienne,,False,False,False,False,False,False,False,False
Coupe de France,7° turno,2025-11-15,AS Steenvoorde,FC Chambly,,False,False,False,False,False,False,False,False
Coupe de France,7° turno,2025-11-15,ASPTT Dijon,Le Puy Foot 43,,False,False,False,False,False,False,False,False
Coupe de France,7° turno,2025-11-15,Andrézieux-Bouthéon FC,Hauts Lyonnais,,False,False,False,False,False,False,False,False
Coupe de France,7° turno,2025-11-15,Auch Football,Canet Roussillon FC,,False,False,False,False,False,False,False,False
Coupe de France,7° turno,2025-11-15,Bayeux FC,SM Caen,,False,False,False,False,False,False,False,False
Coupe de France,7° turno,2025-11-15,CA Pontarlier,FC Sochaux-Montbéliard,,False,False,False,False,False,False,False,False
Coupe de France,7° turno,2025-11-15,CMS Oissel,Quevilly Rouen Métropole,,False,False,False,False,False,False,False,False
Coupe de France,7° turno,2025-11-15,CS moulien,AS Le Gosier,,False,False,False,False,False,False,False,False
Coupe de France,7° turno,2025-11-15,Carnoux FC,AS Pirae,,False,False,False,False,False,False,False,False
Coupe de France,7° turno,2025-11-15,Espoir de Sainte-Luce,Eveil des Trois-Ilets,,False,False,False,False,False,False,False,False
Coupe de France,7° turno,2025-11-15,FC 2 Rives 82,AS Mazères-Uzos-Rontignon,,False,False,False,False,False,False,False,False
Coupe de France,7° turno,2025-11-15,FC Challans,GSI Pontivy,,False,False,False,False,False,False,False,False
Coupe de France,7° turno,2025-11-15,FC Loon-Plage,Stade béthunois FC,,False,False,False,False,False,False,False,False
Coupe de France,7° turno,2025-11-15,FC Montceau Bourgogne,L'Etrat La Tour Sportif,,False,False,False,False,False,False,False,False
Coupe de France,7° turno,2025-11-15,FC Rhone Vallées,RC Pays de Grasse,,False,False,False,False,False,False,False,False
Coupe de France,7° turno,2025-11-15,FC Villars l'Isle SMB,US Sarre-Union,,False,False,False,False,False,False,False,False
Coupe de France,7° turno,2025-11-15,France d’Aizenay,ESTAC Troyes,,False,False,False,False,False,False,False,False
Coupe de France,7° turno,2025-11-15,IC Croix,Racing CFF,,False,False,False,False,False,False,False,False
Coupe de France,7° turno,2025-11-15,Lavaur FC,Rodez AF,,False,False,False,False,False,False,False,False
Coupe de France,7° turno,2025-11-15,Le Cellier Mauves FC,Stade lavallois,,False,False,False,False,False,False,False,False
Coupe de France,7° turno,2025-11-15,Les Bleuets Football,US Concarneau,,False,False,False,False,False,False,False,False
Coupe de France,7° turno,2025-11-15,L’Union Saint-Jean FC,Angoulême Charente FC,,False,False,False,False,False,False,False,False
Coupe de France,7° turno,2025-11-15,Montpellier Atlas Paillade,Bourg-Péronnas 01,,False,False,False,False,False,False,False,False
Coupe de France,7° turno,2025-11-15,Montreuil FC,Bandrélé FC,,False,False,False,False,False,False,False,False
Coupe de France,7° turno,2025-11-15,Olympique CPAM,Stade de Reims,,False,False,False,False,False,False,False,False
Coupe de France,7° turno,2025-11-15,Orvault SF,VHF Les Herbiers,,False,False,False,False,False,False,False,False
Coupe de France,7° turno,2025-11-15,Racing Besançon,US Thionville Lusitanos,,False,False,False,False,False,False,False,False
Coupe de France,7° turno,2025-11-15,SC Locminé,EA Guingamp,,False,False,False,False,False,False,False,False
Coupe de France,7° turno,2025-11-15,SS Allinges,Istres FC,,False,False,False,False,False,False,False,False
Coupe de France,7° turno,2025-11-15,Sablé FC,US Saint-Malo,,False,False,False,False,False,False,False,False
Coupe de France,7° turno,2025-11-15,Sarreguemines FC,AS Furiani-Agliani,,False,False,False,False,False,False,False,False
Coupe de France,7° turno,2025-11-15,Seignosse CS FC,FC Marmande 47,,False,False,False,False,False,False,False,False
Coupe de France,7° turno,2025-11-15,Stade Quimperlois,Ancienne Château-Gontier,,False,False,False,False,False,False,False,False
Coupe de France,7° turno,2025-11-15,Strasbourg FCOSK,ASC Biesheim,,False,False,False,False,False,False,False,False
Coupe de France,7° turno,2025-11-15,Trélissac APFC,Pau FC,,False,False,False,False,False,False,False,False
Coupe de France,7° turno,2025-11-15,UES Montmorillon,SC Beaucouzé,,False,False,False,False,False,False,False,False
Coupe de France,7° turno,2025-11-15,US Auby,Amiens SC,,False,False,False,False,False,False,False,False
Coupe de France,7° turno,2025-11-15,US Avranches,Paris 13 Atletico,,False,False,False,False,False,False,False,False
Coupe de France,7° turno,2025-11-15,US Château-Malo,SC Bastia,,False,False,False,False,False,False,False,False
Coupe de France,7° turno,2025-11-15,US Granville,Dinan Léhon FC,,False,False,False,False,False,False,False,False
Coupe de France,7° turno,2025-11-15,US Ivry Football,Le Mans FC,,False,False,False,False,False,False,False,False
Coupe de France,7° turno,2025-11-15,US Orléans,Aviron bayonnais FC,,False,False,False,False,False,False,False,False
Coupe de France,7° turno,2025-11-15,US Prémontré Saint-Gobain,US Chantilly,,False,False,False,False,False,False,False,False
Coupe de France,7° turno,2025-11-15,Vendée Fontenay Foot,FC Chamalières,,False,False,False,False,False,False,False,False
Coupe de France,7° turno,2025-11-15,Yvetot AC,ASPTT Caen,,False,False,False,False,False,False,False,False
Coupe de France,7° turno,2025-11-15,Étoile de Matoury,Le Geldar de Kourou,,False,False,False,False,False,False,False,False
Coupe de France,7° turno,2025-11-16,AS Nancy-Lorraine,GSA Tomblaine,,False,False,False,False,False,False,False,False
Coupe de France,7° turno,2025-11-16,AS Saint-Brice Courcelles,FC Bogny-sur-Meuse,,False,False,False,False,False,False,False,False
Coupe de France,7° turno,2025-11-16,AS Savigneux Montbrison,US Feurs,,False,False,False,False,False,False,False,False
Coupe de France,7° turno,2025-11-16,AS Vitré,AG Plouvorn,,False,False,False,False,False,False,False,False
Coupe de France,7° turno,2025-11-16,Association Still Mutzig,US Raon-l'Étape,,False,False,False,False,False,False,False,False
Coupe de France,7° turno,2025-11-16,Atom Sports Pierrelatte,Lyon-La Duchère,,False,False,False,False,False,False,False,False
Coupe de France,7° turno,2025-11-16,Beaumont SA,FCM Aubervilliers,,False,False,False,False,False,False,False,False
Coupe de France,7° turno,2025-11-16,Blois Football 41,Clermont Foot 63,,False,False,False,False,False,False,False,False
Coupe de France,7° turno,2025-11-16,CS Avion,US Torcy,,False,False,False,False,False,False,False,False
Coupe de France,7° turno,2025-11-16,CS Plédran,Stade plabennécois,,False,False,False,False,False,False,False,False
Coupe de France,7° turno,2025-11-16,Cormontreuil FC,FCP Portugais Amiens,,False,False,False,False,False,False,False,False
Coupe de France,7° turno,2025-11-16,EA Saint-Renan,Stade briochin,,False,False,False,False,False,False,False,False
Coupe de France,7° turno,2025-11-16,ES Capelle Grande,SC Abbeville,,False,False,False,False,False,False,False,False
Coupe de France,7° turno,2025-11-16,Entente Boé Bon-Encontre,FC Girondins de Bordeaux,,False,False,False,False,False,False,False,False
Coupe de France,7° turno,2025-11-16,Entente Nord Lozère,US Écotay-Moingt,,False,False,False,False,False,False,False,False
Coupe de France,7° turno,2025-11-16,Etoile de Bobigny,Amicale Villeneuve-Garenne,,False,False,False,False,False,False,False,False
Coupe de France,7° turno,2025-11-16,FC Bassin Arcachon,Blagnac FC,,False,False,False,False,False,False,False,False
Coupe de France,7° turno,2025-11-16,FC Pen Hir Camaret,Les Sables VF,,False,False,False,False,False,False,False,False
Coupe de France,7° turno,2025-11-16,FC Saint-Cyr Collonges,Thonon Évian GG FC,,False,False,False,False,False,False,False,False
Coupe de France,7° turno,2025-11-16,FC Saint-Meziéry,FC Périgny,,False,False,False,False,False,False,False,False
Coupe de France,7° turno,2025-11-16,JA Drancy,AS Beauvais Oise,,False,False,False,False,False,False,False,False
Coupe de France,7° turno,2025-11-16,JS Longuenesse,FC Bondues,,False,False,False,False,False,False,False,False
Coupe de France,7° turno,2025-11-16,Olympique marcquois,OS Aire-sur-la-Lys,,False,False,False,False,False,False,False,False
Coupe de France,7° turno,2025-11-16,RCO Agde,Montpellier HSC,,False,False,False,False,False,False,False,False
Coupe de France,7° turno,2025-11-16,Reims Sainte-Anne,GFC Ajaccio,,False,False,False,False,False,False,False,False
Coupe de France,7° turno,2025-11-16,SA Mérignac,US Colomiers,,False,False,False,False,False,False,False,False
Coupe de France,7° turno,2025-11-16,Saint-Amand FC,FC Dieppe,,False,False,False,False,False,False,False,False
Coupe de France,7° turno,2025-11-16,Saint-Pauloise FC,ES Dominicaine,,False,False,False,False,False,False,False,False
Coupe de France,7° turno,2025-11-16,UF Touraine,RC Epernay,,False,False,False,False,False,False,False,False
Coupe de France,7° turno,2025-11-16,US Boulogne Côte d'Opale,USL Dunkerque,,False,False,False,False,False,False,False,False
Coupe de France,7° turno,2025-11-16,US Camon,US Lusitanos Saint-Maur,,False,False,False,False,False,False,False,False
Coupe de France,7° turno,2025-11-16,US Forbach,Red Star FC,,False,False,False,False,False,False,False,False
Coupe de France,7° turno,2025-11-16,US Le Poinçonnet,SO Romorantin,,False,False,False,False,False,False,False,False
Coupe de France,7° turno,2025-11-16,US Mauguio Carnon,Is-Selongey Football,,False,False,False,False,False,False,False,False
Coupe de France,7° turno,2025-11-16,US Wittenheim,FC Freyming,,False,False,False,False,False,False,False,False
Coupe de France,8° turno,2025-11-28,FC Annecy,Grenoble Foot 38,,False,False,False,False,False,False,False,False
Coupe de France,8° turno,2025-11-28,Sarreguemines FC,AS Nancy-Lorraine,,False,False,False,False,False,False,False,False
Coupe de France,8° turno,2025-11-28,US Concarneau,Stade briochin,,False,False,False,False,False,False,False,False
Coupe de France,8° turno,2025-11-29,AC Seyssinet,Istres FC,,False,False,False,False,False,False,False,False
Coupe de France,8° turno,2025-11-29,APM Metz FC,Entente Feignies Aulnoye,,False,False,False,False,False,False,False,False
Coupe de France,8° turno,2025-11-29,AS Beauvais Oise,FC Dieppe,,False,False,False,False,False,False,False,False
Coupe de France,8° turno,2025-11-29,AS Le Gosier,CMS Oissel,,False,False,False,False,False,False,False,False
Coupe de France,8° turno,2025-11-29,AS Mazères-Uzos-Rontignon,FC Girondins de Bordeaux,,False,False,False,False,False,False,False,False
Coupe de France,8° turno,2025-11-29,AS Saint-Étienne,US Écotay-Moingt,,False,False,False,False,False,False,False,False
Coupe de France,8° turno,2025-11-29,AS Steenvoorde,Stade béthunois FC,,False,False,False,False,False,False,False,False
Coupe de France,8° turno,2025-11-29,ASC Biesheim,Red Star FC,,False,False,False,False,False,False,False,False
Coupe de France,8° turno,2025-11-29,Amicale Villeneuve-Garenne,Le Mans FC,,False,False,False,False,False,False,False,False
Coupe de France,8° turno,2025-11-29,Ancienne de Château-Gontier,EA Guingamp,,False,False,False,False,False,False,False,False
Coupe de France,8° turno,2025-11-29,Canet Roussillon FC,Rodez AF,,False,False,False,False,False,False,False,False
Coupe de France,8° turno,2025-11-29,Espoir de Sainte-Luce,GSI Pontivy,,False,False,False,False,False,False,False,False
Coupe de France,8° turno,2025-11-29,FC Bogny-sur-Meuse,US Lusitanos Saint-Maur,,False,False,False,False,False,False,False,False
Coupe de France,8° turno,2025-11-29,FC Chalon,Le Puy Foot 43,,False,False,False,False,False,False,False,False
Coupe de France,8° turno,2025-11-29,FC Freyming,Racing Besançon,,False,False,False,False,False,False,False,False
Coupe de France,8° turno,2025-11-29,FC Marmande 47,FC Bassin Arcachon,,False,False,False,False,False,False,False,False
Coupe de France,8° turno,2025-11-29,FC Montceau Bourgogne,Montpellier HSC,,False,False,False,False,False,False,False,False
Coupe de France,8° turno,2025-11-29,FC Périgny,SC Beaucouzé,,False,False,False,False,False,False,False,False
Coupe de France,8° turno,2025-11-29,Hauts Lyonnais,US Feurs,,False,False,False,False,False,False,False,False
Coupe de France,8° turno,2025-11-29,IC Croix,Le Geldar de Kourou,,False,False,False,False,False,False,False,False
Coupe de France,8° turno,2025-11-29,Is-Selongey Football,Bourg-Péronnas 01,,False,False,False,False,False,False,False,False
Coupe de France,8° turno,2025-11-29,Lyon-La Duchère,Carnoux FC,,False,False,False,False,False,False,False,False
Coupe de France,8° turno,2025-11-29,L’Union Saint-Jean FC,US Orléans,,False,False,False,False,False,False,False,False
Coupe de France,8° turno,2025-11-29,Montreuil FC,US Granville,,False,False,False,False,False,False,False,False
Coupe de France,8° turno,2025-11-29,Olympique marcquois,FC Bondues,,False,False,False,False,False,False,False,False
Coupe de France,8° turno,2025-11-29,Reims Sainte-Anne,Amiens SC,,False,False,False,False,False,False,False,False
Coupe de France,8° turno,2025-11-29,SA Mérignac,Pau FC,,False,False,False,False,False,False,False,False
Coupe de France,8° turno,2025-11-29,SC Abbeville,USL Dunkerque,,False,False,False,False,False,False,False,False
Coupe de France,8° turno,2025-11-29,SO Romorantin,Blois Football 41,,False,False,False,False,False,False,False,False
Coupe de France,8° turno,2025-11-29,Stade lavallois,Saint-Pauloise FC,,False,False,False,False,False,False,False,False
Coupe de France,8° turno,2025-11-29,Stade plabennécois,VHF Les Herbiers,,False,False,False,False,False,False,False,False
Coupe de France,8° turno,2025-11-29,US Chauvigny,Stade poitevin FC,,False,False,False,False,False,False,False,False
Coupe de France,8° turno,2025-11-29,US Raon-l'Étape,FC Mulhouse,,False,False,False,False,False,False,False,False
Coupe de France,8° turno,2025-11-29,US Saint-Malo,SC Bastia,,False,False,False,False,False,False,False,False
Coupe de France,8° turno,2025-11-29,US Sarre-Union,FC Sochaux-Montbéliard,,False,False,False,False,False,False,False,False
Coupe de France,8° turno,2025-11-29,US Torcy,Stade de Reims,,False,False,False,False,False,False,False,False
Coupe de France,8° turno,2025-11-29,Vendée Fontenay Foot,LB Châteauroux,,False,False,False,False,False,False,False,False
Coupe de France,8° turno,2025-11-29,Yvetot AC,Bayeux FC,,False,False,False,False,False,False,False,False
Coupe de France,8° turno,2025-11-30,Cormontreuil FC,US Chantilly,,False,False,False,False,False,False,False,False
Coupe de France,8° turno,2025-11-30,FC Saint-Cyr Collonges,FC Rhône Vallées,,False,False,False,False,False,False,False,False
Coupe de France,8° turno,2025-11-30,Les Sables VF,AG Plouvorn,,False,False,False,False,False,False,False,False
Coupe de France,8° turno,2025-11-30,UF Touraine,ESTAC Troyes,,False,False,False,False,False,False,False,False
Coupe de France,8° turno,2025-11-30,US Avranches,FCM Aubervilliers,,False,False,False,False,False,False,False,False
Coupe de France,32esimi,2025-12-19,Canet Roussillon FC,Montpellier HSC,,False,False,False,False,False,False,False,False
Coupe de France,32esimi,2025-12-19,EA Guingamp,Stade lavallois,,False,False,False,False,False,False,False,False
Coupe de France,32esimi,2025-12-19,FC Périgny,Le Mans FC,,False,False,False,False,False,False,False,False
Coupe de France,32esimi,2025-12-19,IC Croix,Stade de Reims,,False,False,False,False,False,False,False,False
Coupe de France,32esimi,2025-12-19,RC Lens,Entente Feignies Aulnoye,,False,False,False,False,False,False,False,False
Coupe de France,32esimi,2025-12-19,US Avranches,Stade brestois 29,,False,False,False,False,False,False,False,False
Coupe de France,32esimi,2025-12-19,VHF Les Herbiers,Angers SCO,,False,False,False,False,False,False,False,False
Coupe de France,32esimi,2025-12-20,AS Le Gosier,FC Lorient,,False,False,False,False,False,False,False,False
Coupe de France,32esimi,2025-12-20,ASC Biesheim,FC Metz,,False,False,False,False,False,False,False,False
Coupe de France,32esimi,2025-12-20,Bayeux FC,Blois Football 41,,False,False,False,False,False,False,False,False
Coupe de France,32esimi,2025-12-20,FC Freyming,US Chantilly,,False,False,False,False,False,False,False,False
Coupe de France,32esimi,2025-12-20,GSI Pontivy,SC Bastia,,False,False,False,False,False,False,False,False
Coupe de France,32esimi,2025-12-20,Grenoble Foot 38,AS Nancy-Lorraine,,False,False,False,False,False,False,False,False
Coupe de France,32esimi,2025-12-20,Lyon-La Duchère,Toulouse FC,,False,False,False,False,False,False,False,False
Coupe de France,32esimi,2025-12-20,Olympique marcquois,ESTAC Troyes,,False,False,False,False,False,False,False,False
Coupe de France,32esimi,2025-12-20,SA Mérignac,Istres FC,,False,False,False,False,False,False,False,False
Coupe de France,32esimi,2025-12-20,Stade béthunois FC,FC Sochaux-Montbéliard,,False,False,False,False,False,False,False,False
Coupe de France,32esimi,2025-12-20,US Lusitanos Saint-Maur,LOSC Lille,,False,False,False,False,False,False,False,False
Coupe de France,32esimi,2025-12-20,US Raon-l'Étape,Paris FC,,False,False,False,False,False,False,False,False
Coupe de France,32esimi,2025-12-20,Vendée Fontenay Foot,Paris Saint-Germain,,False,False,False,False,False,False,False,False
Coupe de France,32esimi,2025-12-21,AJ Auxerre,AS Monaco,,False,False,False,False,False,False,False,False
Coupe de France,32esimi,2025-12-21,Bourg-Péronnas 01,Olympique de Marseille,,False,False,False,False,False,False,False,False
Coupe de France,32esimi,2025-12-21,FC Bassin Arcachon,Hauts Lyonnais,,False,False,False,False,False,False,False,False
Coupe de France,32esimi,2025-12-21,Le Havre AC,Amiens SC,,False,False,False,False,False,False,False,False
Coupe de France,32esimi,2025-12-21,Le Puy Foot 43,FC Girondins de Bordeaux,,False,False,False,False,False,False,False,False
Coupe de France,32esimi,2025-12-21,Montreuil FC,US Chauvigny,,False,False,False,False,False,False,False,False
Coupe de France,32esimi,2025-12-21,OGC Nice,AS Saint-Étienne,,False,False,False,False,False,False,False,False
Coupe de France,32esimi,2025-12-21,Olympique lyonnais,FC Saint-Cyr Collonges,,False,False,False,False,False,False,False,False
Coupe de France,32esimi,2025-12-21,RC Strasbourg,USL Dunkerque,,False,False,False,False,False,False,False,False
Coupe de France,32esimi,2025-12-21,Stade rennais FC,Les Sables VF,,False,False,False,False,False,False,False,False
Coupe de France,32esimi,2025-12-21,US Concarneau,FC Nantes,,False,False,False,False,False,False,False,False
Coupe de France,32esimi,2025-12-21,US Orléans,FC Dieppe,,False,False,False,False,False,False,False,False
Coupe de France,16esimi,2026-01-10,Angers SCO,Toulouse FC,,False,False,False,False,False,False,False,False
Coupe de France,16esimi,2026-01-10,Hauts Lyonnais,FC Lorient,,False,False,False,False,False,False,False,False
Coupe de France,16esimi,2026-01-10,Istres FC,Stade lavallois,,False,False,False,False,False,False,False,False
Coupe de France,16esimi,2026-01-10,Le Puy Foot 43,Stade de Reims,,False,False,False,False,False,False,False,False
Coupe de France,16esimi,2026-01-10,Montreuil FC,Amiens SC,,False,False,False,False,False,False,False,False
Coupe de France,16esimi,2026-01-10,SC Bastia,ESTAC Troyes,,False,False,False,False,False,False,False,False
Coupe de France,16esimi,2026-01-10,US Avranches,RC Strasbourg,,False,False,False,False,False,False,False,False
Coupe de France,16esimi,2026-01-10,US Orléans,AS Monaco,,False,False,False,False,False,False,False,False
Coupe de France,16esimi,2026-01-11,FC Metz,Montpellier HSC,,False,False,False,False,False,False,False,False
Coupe de France,16esimi,2026-01-11,FC Nantes,OGC Nice,,False,False,False,False,False,False,False,False
Coupe de France,16esimi,2026-01-11,FC Sochaux-Montbéliard,RC Lens,,False,False,False,False,False,False,False,False
Coupe de France,16esimi,2026-01-11,LOSC Lille,Olympique lyonnais,,False,False,False,False,False,False,False,False
Coupe de France,16esimi,2026-01-11,Le Mans FC,AS Nancy-Lorraine,,False,False,False,False,False,False,False,False
Coupe de France,16esimi,2026-01-11,US Chantilly,Stade rennais FC,,False,False,False,False,False,False,False,False
Coupe de France,16esimi,2026-01-12,Paris Saint-Germain,Paris FC,,False,False,False,False,False,False,False,False
Coupe de France,16esimi,2026-01-13,Bayeux FC,Olympique de Marseille,,False,False,False,False,False,False,False,False
Coupe de France,Ottavi,2026-02-03,Olympique de Marseille,Stade rennais FC,,False,False,False,False,False,False,False,False
Coupe de France,Ottavi,2026-02-03,Stade de Reims,Le Mans FC,,False,False,False,False,False,False,False,False
Coupe de France,Ottavi,2026-02-04,ESTAC Troyes,RC Lens,,False,False,False,False,False,False,False,False
Coupe de France,Ottavi,2026-02-04,FC Lorient,Paris FC,,False,False,False,False,False,False,False,False
Coupe de France,Ottavi,2026-02-04,OGC Nice,Montpellier HSC,,False,False,False,False,False,False,False,False
Coupe de France,Ottavi,2026-02-04,Olympique lyonnais,Stade lavallois,,False,False,False,False,False,False,False,False
Coupe de France,Ottavi,2026-02-04,Toulouse FC,Amiens SC,,False,False,False,False,False,False,False,False
Coupe de France,Ottavi,2026-02-05,RC Strasbourg,AS Monaco,,False,False,False,False,False,False,False,False
Coupe de France,Quarti,2026-03-03,RC Strasbourg,Stade de Reims,,False,False,False,False,False,False,False,False
Coupe de France,Quarti,2026-03-04,FC Lorient,OGC Nice,,False,False,False,False,False,False,False,False
Coupe de France,Quarti,2026-03-04,Olympique de Marseille,Toulouse FC,,False,False,False,False,False,False,False,False
Coupe de France,Quarti,2026-03-05,Olympique lyonnais,RC Lens,,False,False,False,False,False,False,False,False
Coupe de France,Semifinali,2026-04-21,RC Lens,Toulouse FC,,False,False,False,False,False,False,False,False
Coupe de France,Semifinali,2026-04-22,RC Strasbourg,OGC Nice,,False,False,False,False,False,False,False,False
Coupe de France,Finale,2026-05-22,RC Lens,OGC Nice,,False,False,False,False,False,False,False,False
DFB-Pokal,First Round,2025-08-15,1.FC Saarbrücken,1.FC Magdeburg,4623577.0,True,True,True,True,True,True,True,True
DFB-Pokal,First Round,2025-08-15,Arminia Bielefeld,SV Werder Bremen,4623573.0,True,True,True,True,True,True,True,True
DFB-Pokal,First Round,2025-08-15,FC Gütersloh,1.FC Union Berlin,4623587.0,True,True,True,True,True,True,True,True
DFB-Pokal,First Round,2025-08-15,SG Sonnenhof Großaspach,Bayer 04 Leverkusen,4623576.0,True,True,True,True,True,True,True,True
DFB-Pokal,First Round,2025-08-16,BFC Dynamo,VfL Bochum,4623589.0,True,True,True,True,True,True,True,True
DFB-Pokal,First Round,2025-08-16,Bahlinger SC,1. Fußballclub Heidenheim 1846,4623579.0,True,True,True,True,True,True,True,True
DFB-Pokal,First Round,2025-08-16,Eintracht Norderstedt,FC St. Pauli,4623590.0,True,True,True,True,True,True,True,True
DFB-Pokal,First Round,2025-08-16,FC Energie Cottbus,Hannover 96,4623583.0,True,True,True,True,True,True,True,True
DFB-Pokal,First Round,2025-08-16,FC Hansa Rostock,TSG 1899 Hoffenheim,4623580.0,True,True,True,True,True,True,True,True
DFB-Pokal,First Round,2025-08-16,FK Pirmasens,Hamburger SV,4623601.0,True,True,True,True,True,True,True,True
DFB-Pokal,First Round,2025-08-16,FV Illertissen,1.FC Nuremberg,4623593.0,True,True,True,True,True,True,True,True
DFB-Pokal,First Round,2025-08-16,SV Hemelingen,VfL Wolfsburg,4623602.0,True,True,True,True,True,True,True,True
DFB-Pokal,First Round,2025-08-16,SV Sandhausen,RB Leipzig,4623582.0,True,True,True,True,True,True,True,True
DFB-Pokal,First Round,2025-08-16,Sportfreunde Lotte,SC Freiburg,4623588.0,True,True,True,True,True,True,True,True
DFB-Pokal,First Round,2025-08-16,VfB Lübeck,SV Darmstadt 98,4623591.0,True,True,True,True,True,True,True,True
DFB-Pokal,First Round,2025-08-17,1.FC Lokomotive Leipzig,FC Schalke 04,4623578.0,True,True,True,True,True,True,True,True
DFB-Pokal,First Round,2025-08-17,Blau-Weiß Lohne,SpVgg Greuther Fürth,4623581.0,True,True,True,True,True,True,True,True
DFB-Pokal,First Round,2025-08-17,FC 08 Homburg,Holstein Kiel,4623584.0,True,True,True,True,True,True,True,True
DFB-Pokal,First Round,2025-08-17,FC Viktoria Köln,SC Paderborn 07,4623598.0,True,True,True,True,True,True,True,True
DFB-Pokal,First Round,2025-08-17,FV Engers 07,Eintracht Frankfurt,4623592.0,True,True,True,True,True,True,True,True
DFB-Pokal,First Round,2025-08-17,Hallescher FC,FC Augsburg,4623600.0,True,True,True,True,True,True,True,True
DFB-Pokal,First Round,2025-08-17,RSV Eintracht 1949,1.FC Kaiserslautern,4623597.0,True,True,True,True,True,True,True,True
DFB-Pokal,First Round,2025-08-17,SSV Jahn Regensburg,1.FC Köln,4623585.0,True,True,True,True,True,True,True,True
DFB-Pokal,First Round,2025-08-17,SSV Ulm 1846,SV 07 Elversberg,4623603.0,True,True,True,True,True,True,True,True
DFB-Pokal,First Round,2025-08-17,SV Atlas Delmenhorst,Borussia Mönchengladbach,4623599.0,True,True,True,True,True,True,True,True
DFB-Pokal,First Round,2025-08-17,ZFC Meuselwitz,Karlsruher SC,4623594.0,True,True,True,True,True,True,True,True
DFB-Pokal,First Round,2025-08-18,1.FC Schweinfurt 05,Fortuna Düsseldorf,4623574.0,True,True,True,True,True,True,True,True
DFB-Pokal,First Round,2025-08-18,Preußen Münster,Hertha BSC,4623586.0,True,True,True,True,True,True,True,True
DFB-Pokal,First Round,2025-08-18,Rot-Weiss Essen,Borussia Dortmund,4623596.0,True,True,True,True,True,True,True,True
DFB-Pokal,First Round,2025-08-18,SG Dynamo Dresden,1.FSV Mainz 05,4623572.0,True,True,True,True,True,True,True,True
DFB-Pokal,First Round,2025-08-26,Eintracht Braunschweig,VfB Stuttgart,4623595.0,True,True,True,True,True,True,True,True
DFB-Pokal,First Round,2025-08-27,SV Wehen Wiesbaden,Bayern Munich,4623575.0,True,True,True,True,True,True,True,True
DFB-Pokal,Second Round,2025-10-28,1. Fußballclub Heidenheim 1846,Hamburger SV,4717146.0,True,True,True,True,True,True,True,True
DFB-Pokal,Second Round,2025-10-28,Borussia Mönchengladbach,Karlsruher SC,4717152.0,True,True,True,True,True,True,True,True
DFB-Pokal,Second Round,2025-10-28,Eintracht Frankfurt,Borussia Dortmund,4717153.0,True,True,True,True,True,True,True,True
DFB-Pokal,Second Round,2025-10-28,FC Augsburg,VfL Bochum,4717148.0,True,True,True,True,True,True,True,True
DFB-Pokal,Second Round,2025-10-28,FC Energie Cottbus,RB Leipzig,4717151.0,True,True,True,True,True,True,True,True
DFB-Pokal,Second Round,2025-10-28,FC St. Pauli,TSG 1899 Hoffenheim,4717150.0,True,True,True,True,True,True,True,True
DFB-Pokal,Second Round,2025-10-28,Hertha BSC,SV 07 Elversberg,4717157.0,True,True,True,True,True,True,True,True
DFB-Pokal,Second Round,2025-10-28,VfL Wolfsburg,Holstein Kiel,4717155.0,True,True,True,True,True,True,True,True
DFB-Pokal,Second Round,2025-10-29,1.FC Köln,Bayern Munich,4717160.0,True,True,True,True,True,True,True,True
DFB-Pokal,Second Round,2025-10-29,1.FC Union Berlin,Arminia Bielefeld,4717156.0,True,True,True,True,True,True,True,True
DFB-Pokal,Second Round,2025-10-29,1.FSV Mainz 05,VfB Stuttgart,4717149.0,True,True,True,True,True,True,True,True
DFB-Pokal,Second Round,2025-10-29,FV Illertissen,1.FC Magdeburg,4717145.0,True,True,True,False,True,True,True,False
DFB-Pokal,Second Round,2025-10-29,Fortuna Düsseldorf,SC Freiburg,4717154.0,True,True,True,True,True,True,True,True
DFB-Pokal,Second Round,2025-10-29,SC Paderborn 07,Bayer 04 Leverkusen,4717159.0,True,True,True,True,True,True,True,True
DFB-Pokal,Second Round,2025-10-29,SV Darmstadt 98,FC Schalke 04,4717158.0,True,True,True,True,True,True,True,True
DFB-Pokal,Second Round,2025-10-29,SpVgg Greuther Fürth,1.FC Kaiserslautern,4717147.0,True,True,True,True,True,True,True,True
DFB-Pokal,Round of 16,2025-12-02,Borussia Dortmund,Bayer 04 Leverkusen,4761580.0,True,True,True,True,True,True,True,True
DFB-Pokal,Round of 16,2025-12-02,Borussia Mönchengladbach,FC St. Pauli,4761585.0,True,True,True,True,True,True,True,True
DFB-Pokal,Round of 16,2025-12-02,Hertha BSC,1.FC Kaiserslautern,4761583.0,True,True,True,True,True,True,True,True
DFB-Pokal,Round of 16,2025-12-02,RB Leipzig,1.FC Magdeburg,4761586.0,True,True,True,True,True,True,True,True
DFB-Pokal,Round of 16,2025-12-03,1.FC Union Berlin,Bayern Munich,4761581.0,True,True,True,True,True,True,True,True
DFB-Pokal,Round of 16,2025-12-03,Hamburger SV,Holstein Kiel,4761587.0,True,True,True,True,True,True,True,True
DFB-Pokal,Round of 16,2025-12-03,SC Freiburg,SV Darmstadt 98,4761584.0,True,True,True,True,True,True,True,True
DFB-Pokal,Round of 16,2025-12-03,VfL Bochum,VfB Stuttgart,4761582.0,True,True,True,True,True,True,True,True
DFB-Pokal,Quarter-Finals,2026-02-03,Bayer 04 Leverkusen,FC St. Pauli,4782526.0,True,True,True,True,True,True,True,True
DFB-Pokal,Quarter-Finals,2026-02-04,Holstein Kiel,VfB Stuttgart,4782525.0,True,True,True,True,True,True,True,True
DFB-Pokal,Quarter-Finals,2026-02-10,Hertha BSC,SC Freiburg,4782523.0,True,True,True,True,True,True,True,True
DFB-Pokal,Quarter-Finals,2026-02-11,Bayern Munich,RB Leipzig,4782524.0,True,True,True,True,True,True,True,True
DFB-Pokal,Semi-Finals,2026-04-22,Bayer 04 Leverkusen,Bayern Munich,4830557.0,True,True,True,True,True,True,True,True
DFB-Pokal,Semi-Finals,2026-04-23,VfB Stuttgart,SC Freiburg,4830556.0,True,True,True,True,True,True,True,True
DFB-Pokal,Final,2026-05-23,Bayern Munich,VfB Stuttgart,,True,False,False,False,False,False,False,False
EFL Cup,First Round,2025-08-12,Accrington Stanley,Peterborough United,4699497.0,True,True,True,True,True,True,True,True
EFL Cup,First Round,2025-08-12,Barrow AFC,Preston North End,4634017.0,True,True,True,True,True,True,True,True
EFL Cup,First Round,2025-08-12,Blackburn Rovers,Bradford City,4634029.0,True,True,True,True,True,True,True,True
EFL Cup,First Round,2025-08-12,Blackpool FC,Port Vale FC,4634019.0,True,True,True,True,True,True,True,True
EFL Cup,First Round,2025-08-12,Bristol City,Milton Keynes Dons,4634037.0,True,True,True,True,True,True,True,True
EFL Cup,First Round,2025-08-12,Bristol Rovers,Cambridge United,4634039.0,True,True,True,True,True,True,True,True
EFL Cup,First Round,2025-08-12,Bromley FC,Ipswich Town,4634038.0,True,True,True,True,True,True,True,True
EFL Cup,First Round,2025-08-12,Cardiff City,Swindon Town,4634045.0,True,True,True,True,True,True,True,True
EFL Cup,First Round,2025-08-12,Charlton Athletic,Stevenage FC,4634042.0,True,True,True,True,True,True,True,True
EFL Cup,First Round,2025-08-12,Chesterfield FC,Mansfield Town,4634033.0,True,True,True,True,True,True,True,True
EFL Cup,First Round,2025-08-12,Coventry City,Luton Town,4634036.0,True,True,True,True,True,True,True,True
EFL Cup,First Round,2025-08-12,Gillingham FC,AFC Wimbledon,4634046.0,True,True,True,True,True,True,True,True
EFL Cup,First Round,2025-08-12,Grimsby Town,Shrewsbury Town,4634018.0,True,True,True,True,True,True,True,True
EFL Cup,First Round,2025-08-12,Harrogate Town,Lincoln City,4634021.0,True,True,True,True,True,True,True,True
EFL Cup,First Round,2025-08-12,Leyton Orient,Wycombe Wanderers,4634040.0,True,True,True,True,True,True,True,True
EFL Cup,First Round,2025-08-12,Middlesbrough FC,Doncaster Rovers,4634030.0,True,True,True,True,True,True,True,True
EFL Cup,First Round,2025-08-12,Newport County,Millwall FC,4699496.0,True,True,True,True,True,True,True,True
EFL Cup,First Round,2025-08-12,Northampton Town,Southampton FC,4634047.0,True,True,True,True,True,True,True,True
EFL Cup,First Round,2025-08-12,Oxford United,Colchester United,4634043.0,True,True,True,True,True,True,True,True
EFL Cup,First Round,2025-08-12,Plymouth Argyle,Queens Park Rangers,4634049.0,True,True,True,True,True,True,True,True
EFL Cup,First Round,2025-08-12,Portsmouth FC,Reading FC,4634051.0,True,True,True,True,True,True,True,True
EFL Cup,First Round,2025-08-12,Salford City,Rotherham United,4634020.0,True,True,True,True,True,True,True,True
EFL Cup,First Round,2025-08-12,Stockport County,Crewe Alexandra,4634023.0,True,True,True,False,True,True,True,False
EFL Cup,First Round,2025-08-12,Stoke City,Walsall FC,4634027.0,True,True,True,True,True,True,True,True
EFL Cup,First Round,2025-08-12,Swansea City,Crawley Town,4634050.0,True,True,True,True,True,True,True,True
EFL Cup,First Round,2025-08-12,Watford FC,Norwich City,4634041.0,True,True,True,True,True,True,True,True
EFL Cup,First Round,2025-08-12,West Bromwich Albion,Derby County,4634031.0,True,True,True,True,True,True,True,True
EFL Cup,First Round,2025-08-12,Wigan Athletic,Notts County,4634035.0,True,True,True,True,True,True,True,True
EFL Cup,First Round,2025-08-12,Wrexham AFC,Hull City,4634025.0,True,True,True,True,True,True,True,True
EFL Cup,First Round,2025-08-13,Barnsley FC,Fleetwood Town,4634034.0,True,True,True,True,True,True,True,True
EFL Cup,First Round,2025-08-13,Birmingham City,Sheffield United,4634026.0,True,True,True,True,True,True,True,True
EFL Cup,First Round,2025-08-13,Bolton Wanderers,Sheffield Wednesday,4634032.0,True,True,True,True,True,True,True,True
EFL Cup,First Round,2025-08-13,Cheltenham Town,Exeter City,4634048.0,True,True,True,True,True,True,True,True
EFL Cup,First Round,2025-08-13,Huddersfield Town,Leicester City,4634024.0,True,True,True,True,True,True,True,True
EFL Cup,First Round,2025-08-19,Tranmere Rovers,Burton Albion,4634022.0,True,True,True,True,True,True,True,True
EFL Cup,Second Round,2025-08-26,AFC Bournemouth,Brentford FC,4709794.0,True,True,True,True,True,True,True,True
EFL Cup,Second Round,2025-08-26,Accrington Stanley,Doncaster Rovers,4709783.0,True,True,True,True,True,True,True,True
EFL Cup,Second Round,2025-08-26,Barnsley FC,Rotherham United,4709792.0,True,True,True,True,True,True,True,True
EFL Cup,Second Round,2025-08-26,Birmingham City,Port Vale FC,4715178.0,True,True,True,True,True,True,True,True
EFL Cup,Second Round,2025-08-26,Bromley FC,Wycombe Wanderers,4709797.0,True,True,True,True,True,True,True,True
EFL Cup,Second Round,2025-08-26,Burnley FC,Derby County,4709786.0,True,True,True,True,True,True,True,True
EFL Cup,Second Round,2025-08-26,Burton Albion,Lincoln City,4715177.0,True,True,True,True,True,True,True,True
EFL Cup,Second Round,2025-08-26,Cambridge United,Charlton Athletic,4709789.0,True,True,True,True,True,True,True,True
EFL Cup,Second Round,2025-08-26,Cardiff City,Cheltenham Town,4709798.0,True,True,True,True,True,True,True,True
EFL Cup,Second Round,2025-08-26,Millwall FC,Coventry City,4709795.0,True,True,True,True,True,True,True,True
EFL Cup,Second Round,2025-08-26,Norwich City,Southampton FC,4709793.0,True,True,True,True,True,True,True,True
EFL Cup,Second Round,2025-08-26,Preston North End,Wrexham AFC,4709791.0,True,True,True,True,True,True,True,True
EFL Cup,Second Round,2025-08-26,Reading FC,AFC Wimbledon,4709787.0,True,True,True,True,True,True,True,True
EFL Cup,Second Round,2025-08-26,Sheffield Wednesday,Leeds United,4709803.0,True,True,True,True,True,True,True,True
EFL Cup,Second Round,2025-08-26,Stoke City,Bradford City,4709785.0,True,True,True,True,True,True,True,True
EFL Cup,Second Round,2025-08-26,Sunderland AFC,Huddersfield Town,4709790.0,True,True,True,True,True,True,True,True
EFL Cup,Second Round,2025-08-26,Swansea City,Plymouth Argyle,4709796.0,True,True,True,True,True,True,True,True
EFL Cup,Second Round,2025-08-26,Wigan Athletic,Stockport County,4709784.0,True,True,True,False,True,True,True,False
EFL Cup,Second Round,2025-08-26,Wolverhampton Wanderers,West Ham United,4709788.0,True,True,True,True,True,True,True,True
EFL Cup,Second Round,2025-08-27,Everton FC,Mansfield Town,4709799.0,True,True,True,True,True,True,True,True
EFL Cup,Second Round,2025-08-27,Fulham FC,Bristol City,4709800.0,True,True,True,True,True,True,True,True
EFL Cup,Second Round,2025-08-27,Grimsby Town,Manchester United,4709802.0,True,True,True,True,True,True,True,True
EFL Cup,Second Round,2025-08-27,Oxford United,Brighton & Hove Albion,4709801.0,True,True,True,True,True,True,True,True
EFL Cup,Third Round,2025-09-16,Brentford FC,Aston Villa,4715842.0,True,True,True,True,True,True,True,True
EFL Cup,Third Round,2025-09-16,Crystal Palace,Millwall FC,4715840.0,True,True,True,True,True,True,True,True
EFL Cup,Third Round,2025-09-16,Sheffield Wednesday,Grimsby Town,4715850.0,True,True,True,True,True,True,True,True
EFL Cup,Third Round,2025-09-17,Swansea City,Nottingham Forest,4715851.0,True,True,True,True,True,True,True,True
EFL Cup,Third Round,2025-09-23,Barnsley FC,Brighton & Hove Albion,4715841.0,True,True,True,True,True,True,True,True
EFL Cup,Third Round,2025-09-23,Burnley FC,Cardiff City,4715843.0,True,True,True,True,True,True,True,True
EFL Cup,Third Round,2025-09-23,Fulham FC,Cambridge United,4715844.0,True,True,True,True,True,True,True,True
EFL Cup,Third Round,2025-09-23,Lincoln City,Chelsea FC,4715847.0,True,True,True,True,True,True,True,True
EFL Cup,Third Round,2025-09-23,Liverpool FC,Southampton FC,4715845.0,True,True,True,True,True,True,True,True
EFL Cup,Third Round,2025-09-23,Wigan Athletic,Wycombe Wanderers,4715853.0,True,True,True,True,True,True,True,True
EFL Cup,Third Round,2025-09-23,Wolverhampton Wanderers,Everton FC,4715854.0,True,True,True,True,True,True,True,True
EFL Cup,Third Round,2025-09-23,Wrexham AFC,Reading FC,4715855.0,True,True,True,True,True,True,True,True
EFL Cup,Third Round,2025-09-24,Huddersfield Town,Manchester City,4715846.0,True,True,True,True,True,True,True,True
EFL Cup,Third Round,2025-09-24,Newcastle United,Bradford City,4715848.0,True,True,True,True,True,True,True,True
EFL Cup,Third Round,2025-09-24,Port Vale FC,Arsenal FC,4715849.0,True,True,True,True,True,True,True,True
EFL Cup,Third Round,2025-09-24,Tottenham Hotspur,Doncaster Rovers,4715852.0,True,True,True,True,True,True,True,True
EFL Cup,Fourth Round,2025-10-28,Grimsby Town,Brentford FC,4740847.0,True,True,True,True,True,True,True,True
EFL Cup,Fourth Round,2025-10-28,Wrexham AFC,Cardiff City,4740849.0,True,True,True,True,True,True,True,True
EFL Cup,Fourth Round,2025-10-28,Wycombe Wanderers,Fulham FC,4740848.0,True,True,True,True,True,True,True,True
EFL Cup,Fourth Round,2025-10-29,Arsenal FC,Brighton & Hove Albion,4740850.0,True,True,True,True,True,True,True,True
EFL Cup,Fourth Round,2025-10-29,Liverpool FC,Crystal Palace,4740851.0,True,True,True,True,True,True,True,True
EFL Cup,Fourth Round,2025-10-29,Newcastle United,Tottenham Hotspur,4740854.0,True,True,True,True,True,True,True,True
EFL Cup,Fourth Round,2025-10-29,Swansea City,Manchester City,4740852.0,True,True,True,True,True,True,True,True
EFL Cup,Fourth Round,2025-10-29,Wolverhampton Wanderers,Chelsea FC,4740853.0,True,True,True,True,True,True,True,True
EFL Cup,Quarter-Finals,2025-12-16,Cardiff City,Chelsea FC,4769166.0,True,True,True,True,True,True,True,True
EFL Cup,Quarter-Finals,2025-12-17,Manchester City,Brentford FC,4769163.0,True,True,True,True,True,True,True,True
EFL Cup,Quarter-Finals,2025-12-17,Newcastle United,Fulham FC,4769164.0,True,True,True,True,True,True,True,True
EFL Cup,Quarter-Finals,2025-12-23,Arsenal FC,Crystal Palace,4769165.0,True,True,True,True,True,True,True,True
EFL Cup,Semi-Finals 1st Leg,2026-01-13,Newcastle United,Manchester City,4798808.0,True,True,True,True,True,True,True,True
EFL Cup,Semi-Finals 1st Leg,2026-01-14,Chelsea FC,Arsenal FC,4798809.0,True,True,True,True,True,True,True,True
EFL Cup,Semi-Finals 2nd Leg,2026-02-03,Arsenal FC,Chelsea FC,4798810.0,True,True,True,True,True,True,True,True
EFL Cup,Semi-Finals 2nd Leg,2026-02-04,Manchester City,Newcastle United,4798811.0,True,True,True,True,True,True,True,True
EFL Cup,Final,2026-03-22,Arsenal FC,Manchester City,4818788.0,True,True,True,True,True,True,True,True
FA Cup,Third Round,2026-01-09,Milton Keynes Dons,Oxford United,4788516.0,True,True,True,True,True,True,True,True
FA Cup,Third Round,2026-01-09,Port Vale FC,Fleetwood Town,4788501.0,True,True,True,True,True,True,True,True
FA Cup,Third Round,2026-01-09,Preston North End,Wigan Athletic,4788502.0,True,True,True,True,True,True,True,True
FA Cup,Third Round,2026-01-09,Wrexham AFC,Nottingham Forest,4788497.0,True,True,True,True,True,True,True,True
FA Cup,Third Round,2026-01-10,Boreham Wood FC,Burton Albion,4788512.0,True,True,True,True,True,True,True,True
FA Cup,Third Round,2026-01-10,Bristol City,Watford FC,4788519.0,True,True,True,True,True,True,True,True
FA Cup,Third Round,2026-01-10,Burnley FC,Millwall FC,4788508.0,True,True,True,True,True,True,True,True
FA Cup,Third Round,2026-01-10,Cambridge United,Birmingham City,4788518.0,True,True,True,True,True,True,True,True
FA Cup,Third Round,2026-01-10,Charlton Athletic,Chelsea FC,4788524.0,True,True,True,True,True,True,True,True
FA Cup,Third Round,2026-01-10,Cheltenham Town,Leicester City,4788517.0,True,True,True,True,True,True,True,True
FA Cup,Third Round,2026-01-10,Doncaster Rovers,Southampton FC,4788500.0,True,True,True,True,True,True,True,True
FA Cup,Third Round,2026-01-10,Everton FC,Sunderland AFC,4788507.0,True,True,True,True,True,True,True,True
FA Cup,Third Round,2026-01-10,Fulham FC,Middlesbrough FC,4788506.0,True,True,True,True,True,True,True,True
FA Cup,Third Round,2026-01-10,Grimsby Town,Weston-super-Mare AFC,4788513.0,True,True,True,True,True,True,True,True
FA Cup,Third Round,2026-01-10,Ipswich Town,Blackpool FC,4788522.0,True,True,True,True,True,True,True,True
FA Cup,Third Round,2026-01-10,Macclesfield FC,Crystal Palace,4788498.0,True,True,True,True,True,True,True,True
FA Cup,Third Round,2026-01-10,Manchester City,Exeter City,4788503.0,True,True,True,True,True,True,True,True
FA Cup,Third Round,2026-01-10,Newcastle United,AFC Bournemouth,4788515.0,True,True,True,True,True,True,True,True
FA Cup,Third Round,2026-01-10,Sheffield Wednesday,Brentford FC,4788505.0,True,True,True,True,True,True,True,True
FA Cup,Third Round,2026-01-10,Stoke City,Coventry City,4788520.0,True,True,True,True,True,True,True,True
FA Cup,Third Round,2026-01-10,Tottenham Hotspur,Aston Villa,4788523.0,True,True,True,True,True,True,True,True
FA Cup,Third Round,2026-01-10,Wolverhampton Wanderers,Shrewsbury Town,4788499.0,True,True,True,True,True,True,True,True
FA Cup,Third Round,2026-01-11,Derby County,Leeds United,4788525.0,True,True,True,True,True,True,True,True
FA Cup,Third Round,2026-01-11,Hull City,Blackburn Rovers,4788514.0,True,True,True,True,True,True,True,True
FA Cup,Third Round,2026-01-11,Manchester United,Brighton & Hove Albion,4788527.0,True,True,True,True,True,True,True,True
FA Cup,Third Round,2026-01-11,Norwich City,Walsall FC,4788509.0,True,True,True,True,True,True,True,True
FA Cup,Third Round,2026-01-11,Portsmouth FC,Arsenal FC,4788526.0,True,True,True,True,True,True,True,True
FA Cup,Third Round,2026-01-11,Sheffield United,Mansfield Town,4788521.0,True,True,True,True,True,True,True,True
FA Cup,Third Round,2026-01-11,Swansea City,West Bromwich Albion,4788510.0,True,True,True,True,True,True,True,True
FA Cup,Third Round,2026-01-11,West Ham United,Queens Park Rangers,4788504.0,True,True,True,True,True,True,True,True
FA Cup,Third Round,2026-01-12,Liverpool FC,Barnsley FC,4788528.0,True,True,True,True,True,True,True,True
FA Cup,Third Round,2026-01-20,Salford City,Swindon Town,4788511.0,True,True,True,True,True,True,True,True
FA Cup,Fourth Round,2026-02-13,Hull City,Chelsea FC,4808360.0,True,True,True,True,True,True,True,True
FA Cup,Fourth Round,2026-02-13,Wrexham AFC,Ipswich Town,4808361.0,True,True,True,True,True,True,True,True
FA Cup,Fourth Round,2026-02-14,Aston Villa,Newcastle United,4808368.0,True,True,True,True,True,True,True,True
FA Cup,Fourth Round,2026-02-14,Burnley FC,Mansfield Town,4808363.0,True,True,True,True,True,True,True,True
FA Cup,Fourth Round,2026-02-14,Burton Albion,West Ham United,4808362.0,True,True,True,True,True,True,True,True
FA Cup,Fourth Round,2026-02-14,Liverpool FC,Brighton & Hove Albion,4808369.0,True,True,True,True,True,True,True,True
FA Cup,Fourth Round,2026-02-14,Manchester City,Salford City,4808364.0,True,True,True,True,True,True,True,True
FA Cup,Fourth Round,2026-02-14,Norwich City,West Bromwich Albion,4808365.0,True,True,True,True,True,True,True,True
FA Cup,Fourth Round,2026-02-14,Southampton FC,Leicester City,4808367.0,True,True,True,True,True,True,True,True
FA Cup,Fourth Round,2026-02-15,Arsenal FC,Wigan Athletic,4808374.0,True,True,True,True,True,True,True,True
FA Cup,Fourth Round,2026-02-15,Birmingham City,Leeds United,4808370.0,True,True,True,True,True,True,True,True
FA Cup,Fourth Round,2026-02-15,Grimsby Town,Wolverhampton Wanderers,4808371.0,True,True,True,True,True,True,True,True
FA Cup,Fourth Round,2026-02-15,Oxford United,Sunderland AFC,4808372.0,True,True,True,True,True,True,True,True
FA Cup,Fourth Round,2026-02-15,Stoke City,Fulham FC,4808373.0,True,True,True,True,True,True,True,True
FA Cup,Fourth Round,2026-02-16,Macclesfield FC,Brentford FC,4808375.0,True,True,True,True,True,True,True,True
FA Cup,Fourth Round,2026-03-03,Port Vale FC,Bristol City,4808366.0,True,True,True,True,True,True,True,True
FA Cup,Round of 16,2026-03-06,Wolverhampton Wanderers,Liverpool FC,4827502.0,True,True,True,True,True,True,True,True
FA Cup,Round of 16,2026-03-07,Mansfield Town,Arsenal FC,4827505.0,True,True,True,True,True,True,True,True
FA Cup,Round of 16,2026-03-07,Newcastle United,Manchester City,4827501.0,True,True,True,True,True,True,True,True
FA Cup,Round of 16,2026-03-07,Wrexham AFC,Chelsea FC,4827503.0,True,True,True,True,True,True,True,True
FA Cup,Round of 16,2026-03-08,Fulham FC,Southampton FC,4827506.0,True,True,True,True,True,True,True,True
FA Cup,Round of 16,2026-03-08,Leeds United,Norwich City,4827507.0,True,True,True,True,True,True,True,True
FA Cup,Round of 16,2026-03-08,Port Vale FC,Sunderland AFC,4827508.0,True,True,True,True,True,True,True,True
FA Cup,Round of 16,2026-03-09,West Ham United,Brentford FC,4827504.0,True,True,True,True,True,True,True,True
FA Cup,Quarter-Finals,2026-04-04,Chelsea FC,Port Vale FC,4844307.0,True,True,True,True,True,True,True,True
FA Cup,Quarter-Finals,2026-04-04,Manchester City,Liverpool FC,4844306.0,True,True,True,True,True,True,True,True
FA Cup,Quarter-Finals,2026-04-04,Southampton FC,Arsenal FC,4844308.0,True,True,True,True,True,True,True,True
FA Cup,Quarter-Finals,2026-04-05,West Ham United,Leeds United,4844309.0,True,True,True,True,True,True,True,True
FA Cup,Semi-Finals,2026-04-25,Manchester City,Southampton FC,4859279.0,True,True,True,True,True,True,True,True
FA Cup,Semi-Finals,2026-04-26,Chelsea FC,Leeds United,4859278.0,True,True,True,True,True,True,True,True
FA Cup,Final,2026-05-16,Chelsea,Manchester City,,True,False,False,False,False,False,False,False
